Player,Player_ID,Player_URL,Season,Age,Team,Lg,Pos,G,PA,AB,R,H,2B,3B,HR,RBI,SB,BB,SO,HBP,SF,BA,OBP,SLG,OPS,OPS+,numTeams,_nk,Player_sal,Team_sal,Pos_sal,Salary,Salary_cash,Salary_payroll,merge_flag,lgOBP,lgSLG,OPS+_est,HR_Rate,BB_Rate,SO_Rate,RBI_per_Game,HR_per_Million,RBI_per_Million,OPS_per_Million,Salary_per_HR,Age_Group
Marcus Semien,543760,/api/v1/people/543760,2022,31,TEX,AL,2B,161,724,657,101,163,31,5,26,83,25,53,120,4,10,0.248,0.304,0.429,0.733,106.2,1,marcus semien,Marcus Semien,TEX,2B,25000000.0,25000000.0,25000000.0,both,0.311545917131088,0.39485516777291774,106.2,0.0359,0.0732,0.1657,0.516,1.04,3.32,0.0293,961538.0,Veteran (30-34)
Freddie Freeman,518692,/api/v1/people/518692,2022,32,LAD,NL,1B,159,708,612,117,199,47,2,21,100,13,84,102,5,7,0.325,0.407,0.511,0.918,160.1,1,freddie freeman,Freddie Freeman,LAD,1B,27000000.0,20000000.0,25441012.0,both,0.311545917131088,0.39485516777291774,160.1,0.0297,0.1186,0.1441,0.629,0.7778,3.7037,0.034,1285714.0,Veteran (30-34)
Trea Turner,607208,/api/v1/people/607208,2022,29,LAD,NL,SS,160,708,652,101,194,39,4,21,100,27,45,131,3,6,0.298,0.343,0.466,0.809,128.1,1,trea turner,Trea Turner,LAD,SS/2B,21000000.0,21000000.0,21000000.0,both,0.311545917131088,0.39485516777291774,128.1,0.0297,0.0636,0.185,0.625,1.0,4.7619,0.0385,1000000.0,Prime (25-29)
Vladimir Guerrero Jr.,665489,/api/v1/people/665489,2022,23,TOR,AL,1B,160,706,638,90,175,35,0,32,97,8,58,116,6,4,0.274,0.339,0.48,0.819,130.4,1,vladimir guerrero,Vladimir Guerrero Jr.,TOR,1B,7900000.0,7900000.0,7900000.0,both,0.311545917131088,0.39485516777291774,130.4,0.0453,0.0822,0.1643,0.606,4.0506,12.2785,0.1037,246875.0,U25
Francisco Lindor,596019,/api/v1/people/596019,2022,28,NYM,NL,SS,161,706,630,98,170,25,5,26,107,16,59,133,10,7,0.27,0.339,0.449,0.788,122.5,1,francisco lindor,Francisco Lindor,NYM,SS,32000000.0,48000000.0,34100000.0,both,0.311545917131088,0.39485516777291774,122.5,0.0368,0.0836,0.1884,0.665,0.8125,3.3438,0.0246,1230769.0,Prime (25-29)
Matt Olson,621566,/api/v1/people/621566,2022,28,ATL,NL,1B,162,699,616,86,148,44,0,34,103,0,75,170,4,4,0.24,0.325,0.477,0.802,125.1,1,matt olson,Matt Olson,ATL,1B,15000000.0,15000000.0,15000000.0,both,0.311545917131088,0.39485516777291774,125.1,0.0486,0.1073,0.2432,0.636,2.2667,6.8667,0.0535,441176.0,Prime (25-29)
Bo Bichette,666182,/api/v1/people/666182,2022,24,TOR,AL,SS,159,697,652,91,189,43,1,24,93,13,41,155,2,2,0.29,0.333,0.469,0.802,125.7,1,bo bichette,Bo Bichette,TOR,SS,825000.0,825000.0,825000.0,both,0.311545917131088,0.39485516777291774,125.7,0.0344,0.0588,0.2224,0.585,29.0909,112.7273,0.9721,34375.0,U25
Aaron Judge,592450,/api/v1/people/592450,2022,30,NYY,AL,CF,157,696,570,133,177,28,0,62,131,16,111,175,6,5,0.311,0.425,0.686,1.111,210.2,1,aaron judge,Aaron Judge,NYY,CF,19000000.0,19000000.0,19000000.0,both,0.311545917131088,0.39485516777291774,210.2,0.0891,0.1595,0.2514,0.834,3.2632,6.8947,0.0585,306452.0,Veteran (30-34)
Dansby Swanson,621020,/api/v1/people/621020,2022,28,ATL,NL,SS,162,696,640,99,177,32,1,25,96,18,49,182,3,4,0.277,0.329,0.447,0.776,118.8,1,dansby swanson,Dansby Swanson,ATL,SS,10000000.0,10000000.0,10000000.0,both,0.311545917131088,0.39485516777291774,118.8,0.0359,0.0704,0.2615,0.593,2.5,9.6,0.0776,400000.0,Prime (25-29)
Austin Riley,663586,/api/v1/people/663586,2022,25,ATL,NL,3B,159,693,615,90,168,39,2,38,93,2,57,168,17,4,0.273,0.349,0.528,0.877,145.7,1,austin riley,Austin Riley,ATL,3B,3950000.0,3950000.0,3950000.0,both,0.311545917131088,0.39485516777291774,145.7,0.0548,0.0823,0.2424,0.585,9.6203,23.5443,0.222,103947.0,Prime (25-29)
Pete Alonso,624413,/api/v1/people/624413,2022,27,NYM,NL,1B,160,685,597,95,162,27,0,40,131,5,67,128,12,9,0.271,0.352,0.518,0.87,144.2,1,pete alonso,Pete Alonso,NYM,1B,7400000.0,7400000.0,7400000.0,both,0.311545917131088,0.39485516777291774,144.2,0.0584,0.0978,0.1869,0.819,5.4054,17.7027,0.1176,185000.0,Prime (25-29)
José Ramírez,608070,/api/v1/people/608070,2022,29,CLE,AL,3B,157,685,601,90,168,44,5,29,126,20,69,82,6,9,0.28,0.355,0.514,0.869,144.1,1,jose ramirez,José Ramírez,CLE,3B,22000000.0,22225000.0,22225000.0,both,0.311545917131088,0.39485516777291774,144.1,0.0423,0.1007,0.1197,0.803,1.3182,5.7273,0.0395,758621.0,Prime (25-29)
Jake Cronenworth,630105,/api/v1/people/630105,2022,28,SD,NL,2B,158,684,587,88,140,30,4,17,88,3,70,131,16,8,0.239,0.332,0.39,0.722,105.3,1,jake cronenworth,Jake Cronenworth,SD,2B,757200.0,757200.0,757200.0,both,0.311545917131088,0.39485516777291774,105.3,0.0249,0.1023,0.1915,0.557,22.4511,116.2176,0.9535,44541.0,Prime (25-29)
José Abreu,547989,/api/v1/people/547989,2022,35,CWS,AL,1B,157,679,601,85,183,40,0,15,75,0,62,110,12,4,0.304,0.378,0.446,0.824,134.3,1,jose abreu,Jose Abreu,CHW,1B,18000000.0,14000000.0,19666668.0,both,0.311545917131088,0.39485516777291774,134.3,0.0221,0.0913,0.162,0.478,0.8333,4.1667,0.0458,1200000.0,Late (35+)
Brandon Nimmo,607043,/api/v1/people/607043,2022,29,NYM,NL,CF,151,673,580,102,159,30,7,16,64,3,71,116,16,3,0.274,0.367,0.433,0.8,127.5,1,brandon nimmo,Brandon Nimmo,NYM,CF,7000000.0,7000000.0,7000000.0,both,0.311545917131088,0.39485516777291774,127.5,0.0238,0.1055,0.1724,0.424,2.2857,9.1429,0.1143,437500.0,Prime (25-29)
Rhys Hoskins,656555,/api/v1/people/656555,2022,29,PHI,NL,1B,156,672,589,81,145,33,2,30,79,2,72,169,6,4,0.246,0.332,0.462,0.794,123.6,1,rhys hoskins,Rhys Hoskins,PHI,1B,7700000.0,7700000.0,7700000.0,both,0.311545917131088,0.39485516777291774,123.6,0.0446,0.1071,0.2515,0.506,3.8961,10.2597,0.1031,256667.0,Prime (25-29)
Cedric Mullins,656775,/api/v1/people/656775,2022,27,BAL,AL,CF,156,672,608,89,157,32,4,16,64,34,47,126,9,5,0.258,0.318,0.403,0.721,104.1,1,cedric mullins,Cedric Mullins,BAL,CF,716500.0,716500.0,716500.0,both,0.311545917131088,0.39485516777291774,104.1,0.0238,0.0699,0.1875,0.41,22.3308,89.3231,1.0063,44781.0,Prime (25-29)
Christian Yelich,592885,/api/v1/people/592885,2022,30,MIL,NL,LF,154,671,575,99,145,25,4,14,57,19,88,162,5,2,0.252,0.355,0.383,0.738,110.9,1,christian yelich,Christian Yelich,MIL,LF,26000000.0,22000000.0,26000000.0,both,0.311545917131088,0.39485516777291774,110.9,0.0209,0.1311,0.2414,0.37,0.5385,2.1923,0.0284,1857143.0,Veteran (30-34)
Amed Rosario,642708,/api/v1/people/642708,2022,26,CLE,AL,SS,153,670,637,86,180,26,9,11,71,18,25,111,4,4,0.283,0.312,0.403,0.715,102.2,1,amed rosario,Amed Rosario,CLE,SS,4950000.0,4950000.0,4950000.0,both,0.311545917131088,0.39485516777291774,102.2,0.0164,0.0373,0.1657,0.464,2.2222,14.3434,0.1444,450000.0,Prime (25-29)
Kyle Schwarber,656941,/api/v1/people/656941,2022,29,PHI,NL,LF,155,669,577,100,126,21,3,46,94,10,86,200,4,2,0.218,0.323,0.504,0.827,131.3,1,kyle schwarber,Kyle Schwarber,PHI,LF,19000000.0,19000000.0,19000000.0,both,0.311545917131088,0.39485516777291774,131.3,0.0688,0.1286,0.299,0.606,2.4211,4.9474,0.0435,413043.0,Prime (25-29)
Christian Walker,572233,/api/v1/people/572233,2022,31,AZ,NL,1B,160,667,583,84,141,25,2,36,94,2,69,131,8,7,0.242,0.327,0.477,0.804,125.8,1,christian walker,Christian Walker,ARI,1B,2600000.0,2600000.0,2600000.0,both,0.311545917131088,0.39485516777291774,125.8,0.054,0.1034,0.1964,0.588,13.8462,36.1538,0.3092,72222.0,Veteran (30-34)
Shohei Ohtani,660271,/api/v1/people/660271,2022,27,LAA,AL,DH,157,666,586,90,160,30,6,34,95,11,72,161,5,3,0.273,0.356,0.519,0.875,145.7,1,shohei ohtani,Shohei Ohtani,LAA,SP/DH,5500000.0,5500000.0,5500000.0,both,0.311545917131088,0.39485516777291774,145.7,0.0511,0.1081,0.2417,0.605,6.1818,17.2727,0.1591,161765.0,Prime (25-29)
Juan Soto,665742,/api/v1/people/665742,2022,23,SD,NL,RF,153,664,524,93,127,25,2,27,62,6,135,96,4,0,0.242,0.401,0.452,0.853,143.2,2,juan soto,Juan Soto,SD,RF,17100000.0,6013184.0,17100000.0,both,0.311545917131088,0.39485516777291774,143.2,0.0407,0.2033,0.1446,0.405,1.5789,3.6257,0.0499,633333.0,U25
Corey Seager,608369,/api/v1/people/608369,2022,28,TEX,AL,SS,151,663,593,91,145,24,1,33,83,3,58,103,7,5,0.245,0.317,0.455,0.772,117.0,1,corey seager,Corey Seager,TEX,SS,32500000.0,37500000.0,33000000.0,both,0.311545917131088,0.39485516777291774,117.0,0.0498,0.0875,0.1554,0.55,1.0154,2.5538,0.0238,984848.0,Prime (25-29)
Jurickson Profar,595777,/api/v1/people/595777,2022,29,SD,NL,LF,152,658,575,82,140,36,2,15,58,5,73,103,4,3,0.243,0.331,0.391,0.722,105.3,1,jurickson profar,Jurickson Profar,SD,LF,6500000.0,8000000.0,7333333.0,both,0.311545917131088,0.39485516777291774,105.3,0.0228,0.1109,0.1565,0.382,2.3077,8.9231,0.1111,433333.0,Prime (25-29)
Adolis García,666969,/api/v1/people/666969,2022,29,TEX,AL,RF,156,657,605,88,151,34,5,27,101,25,40,183,6,6,0.25,0.3,0.456,0.756,111.8,1,adolis garcia,Adolis García,TEX,RF,714000.0,714000.0,714000.0,both,0.311545917131088,0.39485516777291774,111.8,0.0411,0.0609,0.2785,0.647,37.8151,141.4566,1.0588,26444.0,Prime (25-29)
Alex Bregman,608324,/api/v1/people/608324,2022,28,HOU,AL,3B,155,656,548,93,142,38,0,23,93,1,87,77,11,10,0.259,0.366,0.454,0.82,132.5,1,alex bregman,Alex Bregman,HOU,3B,11000000.0,11000000.0,13000000.0,both,0.311545917131088,0.39485516777291774,132.5,0.0351,0.1326,0.1174,0.6,2.0909,8.4545,0.0745,478261.0,Prime (25-29)
Paul Goldschmidt,502671,/api/v1/people/502671,2022,34,STL,NL,1B,151,651,561,106,178,41,0,35,115,7,79,141,5,4,0.317,0.404,0.578,0.982,176.1,1,paul goldschmidt,Paul Goldschmidt,STL,1B,22000000.0,26300000.0,26300000.0,both,0.311545917131088,0.39485516777291774,176.1,0.0538,0.1214,0.2166,0.762,1.5909,5.2273,0.0446,628571.0,Veteran (30-34)
Josh Bell,605137,/api/v1/people/605137,2022,29,SD,NL,DH,156,647,552,78,147,29,3,17,71,0,81,102,5,6,0.266,0.362,0.422,0.784,123.1,2,josh bell,Josh Bell,SD,1B,10000000.0,3516480.0,10000000.0,both,0.311545917131088,0.39485516777291774,123.1,0.0263,0.1252,0.1577,0.455,1.7,7.1,0.0784,588235.0,Prime (25-29)
Anthony Santander,623993,/api/v1/people/623993,2022,27,BAL,AL,RF,152,647,574,78,138,24,0,33,89,0,55,122,13,5,0.24,0.318,0.455,0.773,117.3,1,anthony santander,Anthony Santander,BAL,RF,3150000.0,3150000.0,3150000.0,both,0.311545917131088,0.39485516777291774,117.3,0.051,0.085,0.1886,0.586,10.4762,28.254,0.2454,95455.0,Prime (25-29)
Randy Arozarena,668227,/api/v1/people/668227,2022,27,TB,AL,LF,153,645,586,72,154,41,3,20,89,32,46,156,11,2,0.263,0.327,0.445,0.772,117.7,1,randy arozarena,Randy Arozarena,TB,LF,716600.0,716600.0,716600.0,both,0.311545917131088,0.39485516777291774,117.7,0.031,0.0713,0.2419,0.582,27.9096,124.1976,1.0773,35830.0,Prime (25-29)
Nathaniel Lowe,663993,/api/v1/people/663993,2022,26,TEX,AL,1B,157,645,593,74,179,26,3,27,76,2,48,147,4,0,0.302,0.358,0.492,0.85,139.5,1,nathaniel lowe,Nathaniel Lowe,TEX,1B,716000.0,716000.0,716000.0,both,0.311545917131088,0.39485516777291774,139.5,0.0419,0.0744,0.2279,0.484,37.7095,106.1453,1.1872,26519.0,Prime (25-29)
Manny Machado,592518,/api/v1/people/592518,2022,29,SD,NL,3B,150,644,578,100,172,37,1,32,102,9,63,133,1,2,0.298,0.366,0.531,0.897,152.0,1,manny machado,Manny Machado,SD,3B,30000000.0,30000000.0,32000000.0,both,0.311545917131088,0.39485516777291774,152.0,0.0497,0.0978,0.2065,0.68,1.0667,3.4,0.0299,937500.0,Prime (25-29)
Alex Verdugo,657077,/api/v1/people/657077,2022,26,BOS,AL,LF,152,644,593,75,166,39,1,11,74,1,42,86,3,6,0.28,0.328,0.405,0.733,107.9,1,alex verdugo,Alex Verdugo,BOS,LF,3550000.0,3550000.0,3550000.0,both,0.311545917131088,0.39485516777291774,107.9,0.0171,0.0652,0.1335,0.487,3.0986,20.8451,0.2065,322727.0,Prime (25-29)
Ian Happ,664023,/api/v1/people/664023,2022,27,CHC,NL,LF,158,641,573,72,155,42,2,17,72,9,58,149,6,4,0.271,0.342,0.44,0.782,121.2,1,ian happ,Ian Happ,CHC,LF,6850000.0,6850000.0,6850000.0,both,0.311545917131088,0.39485516777291774,121.2,0.0265,0.0905,0.2324,0.456,2.4818,10.5109,0.1142,402941.0,Prime (25-29)
Mookie Betts,605141,/api/v1/people/605141,2022,29,LAD,NL,RF,142,639,572,117,154,40,3,35,82,12,55,104,8,4,0.269,0.34,0.533,0.873,144.1,1,mookie betts,Mookie Betts,LAD,RF,17500000.0,14500000.0,22500000.0,both,0.311545917131088,0.39485516777291774,144.1,0.0548,0.0861,0.1628,0.577,2.0,4.6857,0.0499,500000.0,Prime (25-29)
Steven Kwan,680757,/api/v1/people/680757,2022,24,CLE,AL,LF,147,638,563,89,168,25,7,6,52,19,62,60,7,4,0.298,0.373,0.4,0.773,121.0,1,steven kwan,Steven Kwan,CLE,LF,700000.0,700000.0,700000.0,both,0.311545917131088,0.39485516777291774,121.0,0.0094,0.0972,0.094,0.354,8.5714,74.2857,1.1043,116667.0,U25
C.J. Cron,543068,/api/v1/people/543068,2022,32,COL,NL,1B,150,632,575,79,148,28,3,29,102,0,43,164,8,5,0.257,0.315,0.468,0.783,119.6,1,cj cron,C.J. Cron,COL,1B,7250000.0,7250000.0,7250000.0,both,0.311545917131088,0.39485516777291774,119.6,0.0459,0.068,0.2595,0.68,4.0,14.069,0.108,250000.0,Veteran (30-34)
Bobby Witt Jr.,677951,/api/v1/people/677951,2022,22,KC,AL,SS,150,632,591,82,150,31,6,20,80,30,30,135,6,5,0.254,0.294,0.428,0.722,102.8,1,bobby witt,Bobby Witt Jr.,KC,SS,700000.0,700000.0,700000.0,both,0.311545917131088,0.39485516777291774,102.8,0.0316,0.0475,0.2136,0.533,28.5714,114.2857,1.0314,35000.0,U25
Xander Bogaerts,593428,/api/v1/people/593428,2022,29,BOS,AL,SS,150,631,557,84,171,38,0,15,73,8,57,118,10,7,0.307,0.377,0.456,0.833,136.5,1,xander bogaerts,Xander Bogaerts,BOS,SS,20000000.0,20000000.0,20000000.0,both,0.311545917131088,0.39485516777291774,136.5,0.0238,0.0903,0.187,0.487,0.75,3.65,0.0416,1333333.0,Prime (25-29)
Alec Bohm,664761,/api/v1/people/664761,2022,25,PHI,NL,3B,152,631,586,79,164,24,3,13,72,2,31,110,4,10,0.28,0.315,0.398,0.713,101.9,1,alec bohm,Alec Bohm,PHI,3B,715000.0,715000.0,715000.0,both,0.311545917131088,0.39485516777291774,101.9,0.0206,0.0491,0.1743,0.474,18.1818,100.6993,0.9972,55000.0,Prime (25-29)
Tommy Edman,669242,/api/v1/people/669242,2022,27,STL,NL,2B,153,630,577,95,153,31,4,13,57,32,46,111,5,1,0.265,0.324,0.4,0.724,105.3,1,tommy edman,Tommy Edman,STL,SS,722900.0,722900.0,722900.0,both,0.311545917131088,0.39485516777291774,105.3,0.0206,0.073,0.1762,0.373,17.9831,78.8491,1.0015,55608.0,Prime (25-29)
Eugenio Suárez,553993,/api/v1/people/553993,2022,30,SEA,AL,3B,150,629,543,76,128,24,2,31,87,0,73,196,8,5,0.236,0.332,0.459,0.791,122.8,1,eugenio suarez,Eugenio Suarez,SEA,3B,11000000.0,11000000.0,11285714.0,both,0.311545917131088,0.39485516777291774,122.8,0.0493,0.1161,0.3116,0.58,2.8182,7.9091,0.0719,354839.0,Veteran (30-34)
Tommy Pham,502054,/api/v1/people/502054,2022,34,BOS,AL,LF,144,622,554,89,131,23,1,17,63,8,56,167,7,5,0.236,0.312,0.374,0.686,94.9,2,tommy pham,Tommy Pham,BOS,LF,6000000.0,,6000000.0,both,0.311545917131088,0.39485516777291774,94.9,0.0273,0.09,0.2685,0.438,2.8333,10.5,0.1143,352941.0,Veteran (30-34)
Matt Chapman,656305,/api/v1/people/656305,2022,29,TOR,AL,3B,155,621,538,83,123,27,1,27,76,2,68,170,10,5,0.229,0.324,0.433,0.757,113.7,1,matt chapman,Matt Chapman,TOR,3B,12000000.0,13000000.0,12500000.0,both,0.311545917131088,0.39485516777291774,113.7,0.0435,0.1095,0.2738,0.49,2.25,6.3333,0.0631,444444.0,Prime (25-29)
Nolan Arenado,571448,/api/v1/people/571448,2022,31,STL,NL,3B,148,620,557,73,163,42,1,30,103,5,52,72,7,4,0.293,0.358,0.533,0.891,149.9,1,nolan arenado,Nolan Arenado,STL,3B,35000000.0,23579500.0,35150000.0,both,0.311545917131088,0.39485516777291774,149.9,0.0484,0.0839,0.1161,0.696,0.8571,2.9429,0.0255,1166667.0,Veteran (30-34)
Willy Adames,642715,/api/v1/people/642715,2022,26,MIL,NL,SS,139,617,563,83,134,31,0,31,98,8,49,166,1,4,0.238,0.298,0.458,0.756,111.6,1,willy adames,Willy Adames,MIL,SS,4600000.0,4600000.0,4600000.0,both,0.311545917131088,0.39485516777291774,111.6,0.0502,0.0794,0.269,0.705,6.7391,21.3043,0.1643,148387.0,Prime (25-29)
César Hernández,514917,/api/v1/people/514917,2022,32,WSH,NL,2B,147,617,560,64,139,28,4,1,34,10,45,114,7,2,0.248,0.311,0.318,0.629,80.4,1,cesar hernandez,César Hernández,WSH,2B,4000000.0,4500000.0,4500000.0,both,0.311545917131088,0.39485516777291774,80.4,0.0016,0.0729,0.1848,0.231,0.25,8.5,0.1572,4000000.0,Veteran (30-34)
Rafael Devers,646240,/api/v1/people/646240,2022,25,BOS,AL,3B,141,614,555,84,164,42,1,27,88,3,50,114,6,3,0.295,0.358,0.521,0.879,146.9,1,rafael devers,Rafael Devers,BOS,3B,11200000.0,11200000.0,11200000.0,both,0.311545917131088,0.39485516777291774,146.9,0.044,0.0814,0.1857,0.624,2.4107,7.8571,0.0785,414815.0,Prime (25-29)
Bryan Reynolds,668804,/api/v1/people/668804,2022,27,PIT,NL,CF,145,614,542,74,142,19,4,27,62,7,56,141,14,2,0.262,0.345,0.461,0.806,127.5,1,bryan reynolds,Bryan Reynolds,PIT,CF,6750000.0,6750000.0,6750000.0,both,0.311545917131088,0.39485516777291774,127.5,0.044,0.0912,0.2296,0.428,4.0,9.1852,0.1194,250000.0,Prime (25-29)
Ty France,664034,/api/v1/people/664034,2022,27,SEA,AL,1B,140,613,551,65,151,27,1,20,83,0,35,94,21,5,0.274,0.338,0.436,0.774,118.9,1,ty france,Ty France,SEA,1B,734500.0,734500.0,734500.0,both,0.311545917131088,0.39485516777291774,118.9,0.0326,0.0571,0.1533,0.593,27.2294,113.002,1.0538,36725.0,Prime (25-29)
Sean Murphy,669221,/api/v1/people/669221,2022,27,OAK,AL,C,148,612,537,67,134,37,2,18,66,1,56,124,13,5,0.25,0.332,0.426,0.758,114.5,1,sean murphy,Sean Murphy,OAK,C,725000.0,725000.0,725000.0,both,0.311545917131088,0.39485516777291774,114.5,0.0294,0.0915,0.2026,0.446,24.8276,91.0345,1.0455,40278.0,Prime (25-29)
Ryan Mountcastle,663624,/api/v1/people/663624,2022,25,BAL,AL,1B,145,609,555,62,139,28,1,22,85,4,43,154,4,7,0.25,0.305,0.423,0.728,105.0,1,ryan mountcastle,Ryan Mountcastle,BAL,1B/DH,711000.0,711000.0,711000.0,both,0.311545917131088,0.39485516777291774,105.0,0.0361,0.0706,0.2529,0.586,30.9423,119.5499,1.0239,32318.0,Prime (25-29)
Kyle Tucker,663656,/api/v1/people/663656,2022,25,HOU,AL,RF,150,609,544,71,140,28,1,30,107,25,59,95,1,2,0.257,0.33,0.478,0.808,127.0,1,kyle tucker,Kyle Tucker,HOU,RF,764200.0,764200.0,764200.0,both,0.311545917131088,0.39485516777291774,127.0,0.0493,0.0969,0.156,0.713,39.2567,140.0157,1.0573,25473.0,Prime (25-29)
Jose Altuve,514888,/api/v1/people/514888,2022,32,HOU,AL,2B,141,604,527,103,158,39,0,28,57,18,66,87,10,1,0.3,0.387,0.533,0.92,159.2,1,jose altuve,Jose Altuve,HOU,2B,26000000.0,26000000.0,29000000.0,both,0.311545917131088,0.39485516777291774,159.2,0.0464,0.1093,0.144,0.404,1.0769,2.1923,0.0354,928571.0,Veteran (30-34)
Luis Arraez,650333,/api/v1/people/650333,2022,25,MIN,AL,1B,144,603,547,88,173,31,1,8,49,4,50,43,3,3,0.316,0.375,0.42,0.795,126.7,1,luis arraez,Luis Arraez,MIN,1B/DH/2B,2125000.0,2125000.0,2125000.0,both,0.311545917131088,0.39485516777291774,126.7,0.0133,0.0829,0.0713,0.34,3.7647,23.0588,0.3741,265625.0,Prime (25-29)
J.P. Crawford,641487,/api/v1/people/641487,2022,27,SEA,AL,SS,145,603,518,57,126,24,3,6,42,3,68,80,10,5,0.243,0.339,0.336,0.675,93.9,1,jp crawford,J.P. Crawford,SEA,SS,5000000.0,10000000.0,6000000.0,both,0.311545917131088,0.39485516777291774,93.9,0.01,0.1128,0.1327,0.29,1.2,8.4,0.135,833333.0,Prime (25-29)
Wilmer Flores,527038,/api/v1/people/527038,2022,30,SF,NL,2B,151,602,525,72,120,28,1,19,71,0,59,103,11,7,0.229,0.316,0.394,0.71,101.2,1,wilmer flores,Wilmer Flores,SF,DH,3500000.0,3500000.0,3500000.0,both,0.311545917131088,0.39485516777291774,101.2,0.0316,0.098,0.1711,0.47,5.4286,20.2857,0.2029,184211.0,Veteran (30-34)
Adam Frazier,624428,/api/v1/people/624428,2022,30,SEA,AL,2B,156,602,541,61,129,22,4,3,42,11,46,73,5,6,0.238,0.301,0.311,0.612,75.4,1,adam frazier,Adam Frazier,SEA,2B,8000000.0,8000000.0,8000000.0,both,0.311545917131088,0.39485516777291774,75.4,0.005,0.0764,0.1213,0.269,0.375,5.25,0.0765,2666667.0,Veteran (30-34)
Rowdy Tellez,642133,/api/v1/people/642133,2022,27,MIL,NL,1B,153,599,529,67,116,23,0,35,89,2,62,121,5,3,0.219,0.306,0.461,0.767,115.0,1,rowdy tellez,Rowdy Tellez,MIL,1B,1940000.0,1940000.0,1940000.0,both,0.311545917131088,0.39485516777291774,115.0,0.0584,0.1035,0.202,0.582,18.0412,45.8763,0.3954,55429.0,Prime (25-29)
Ryan McMahon,641857,/api/v1/people/641857,2022,27,COL,NL,3B,153,597,529,67,130,23,3,20,67,7,60,158,5,3,0.246,0.327,0.414,0.741,109.8,1,ryan mcmahon,Ryan McMahon,COL,3B,5000000.0,5000000.0,5000000.0,both,0.311545917131088,0.39485516777291774,109.8,0.0335,0.1005,0.2647,0.438,4.0,13.4,0.1482,250000.0,Prime (25-29)
J.D. Martinez,502110,/api/v1/people/502110,2022,34,BOS,AL,DH,139,596,533,76,146,43,1,16,62,0,52,145,5,5,0.274,0.341,0.448,0.789,122.9,1,jd martinez,J.D. Martinez,BOS,DH,19350000.0,19350000.0,19350000.0,both,0.311545917131088,0.39485516777291774,122.9,0.0268,0.0872,0.2433,0.446,0.8269,3.2041,0.0408,1209375.0,Veteran (30-34)
Myles Straw,664702,/api/v1/people/664702,2022,27,CLE,AL,CF,152,596,535,72,118,22,3,0,32,21,54,87,1,4,0.221,0.291,0.273,0.564,62.5,1,myles straw,Myles Straw,CLE,CF,1250000.0,3250000.0,1650000.0,both,0.311545917131088,0.39485516777291774,62.5,0.0,0.0906,0.146,0.211,0.0,25.6,0.4512,,Prime (25-29)
Daulton Varsho,662139,/api/v1/people/662139,2022,25,AZ,NL,RF,151,592,531,79,125,23,3,27,74,16,46,145,7,5,0.235,0.302,0.443,0.745,109.1,1,daulton varsho,Daulton Varsho,ARI,CF,721700.0,721700.0,721700.0,both,0.311545917131088,0.39485516777291774,109.1,0.0456,0.0777,0.2449,0.49,37.4117,102.5357,1.0323,26730.0,Prime (25-29)
Javier Báez,595879,/api/v1/people/595879,2022,29,DET,AL,SS,144,590,555,64,132,27,4,17,67,9,26,147,6,3,0.238,0.278,0.393,0.671,88.8,1,javier baez,Javier Báez,DET,SS,20000000.0,20000000.0,20000000.0,both,0.311545917131088,0.39485516777291774,88.8,0.0288,0.0441,0.2492,0.465,0.85,3.35,0.0336,1176471.0,Prime (25-29)
Carlos Correa,621043,/api/v1/people/621043,2022,27,MIN,AL,SS,136,590,522,70,152,24,1,22,64,0,61,121,3,4,0.291,0.366,0.467,0.833,135.7,1,carlos correa,Carlos Correa,MIN,SS,35100000.0,35100000.0,35100000.0,both,0.311545917131088,0.39485516777291774,135.7,0.0373,0.1034,0.2051,0.471,0.6268,1.8234,0.0237,1595455.0,Prime (25-29)
Jeff McNeil,643446,/api/v1/people/643446,2022,30,NYM,NL,2B,148,589,533,73,174,39,1,9,62,4,40,61,11,5,0.326,0.382,0.454,0.836,137.6,1,jeff mcneil,Jeff McNeil,NYM,2B,3000000.0,3000000.0,3000000.0,both,0.311545917131088,0.39485516777291774,137.6,0.0153,0.0679,0.1036,0.419,3.0,20.6667,0.2787,333333.0,Veteran (30-34)
Trey Mancini,641820,/api/v1/people/641820,2022,30,HOU,AL,DH,143,587,519,56,124,23,1,18,63,0,53,135,10,5,0.239,0.319,0.391,0.71,101.4,2,trey mancini,Trey Mancini,HOU,1B,7500000.0,2678585.0,7500000.0,both,0.311545917131088,0.39485516777291774,101.4,0.0307,0.0903,0.23,0.441,2.4,8.4,0.0947,416667.0,Veteran (30-34)
Yuli Gurriel,493329,/api/v1/people/493329,2022,38,HOU,AL,1B,146,584,545,53,132,40,0,8,53,8,30,73,6,3,0.242,0.288,0.36,0.648,83.6,1,yulieski gurriel,Yulieski Gurriel,HOU,1B,8000000.0,8000000.0,8000000.0,both,0.311545917131088,0.39485516777291774,83.6,0.0137,0.0514,0.125,0.363,1.0,6.625,0.081,1000000.0,Late (35+)
Kyle Farmer,571657,/api/v1/people/571657,2022,31,CIN,NL,SS,145,583,526,58,134,25,1,14,78,4,33,99,16,6,0.255,0.315,0.386,0.701,98.9,1,kyle farmer,Kyle Farmer,CIN,SS,3155000.0,3155000.0,3155000.0,both,0.311545917131088,0.39485516777291774,98.9,0.024,0.0566,0.1698,0.538,4.4374,24.7227,0.2222,225357.0,Veteran (30-34)
George Springer,543807,/api/v1/people/543807,2022,32,TOR,AL,CF,133,583,513,89,137,22,4,25,76,14,54,100,7,5,0.267,0.342,0.472,0.814,129.3,1,george springer,George Springer,TOR,CF,28000000.0,28000000.0,29666667.0,both,0.311545917131088,0.39485516777291774,129.3,0.0429,0.0926,0.1715,0.571,0.8929,2.7143,0.0291,1120000.0,Veteran (30-34)
Austin Hays,669720,/api/v1/people/669720,2022,26,BAL,AL,LF,145,582,535,66,134,35,2,16,60,2,34,114,10,3,0.25,0.306,0.413,0.719,102.8,1,austin hays,Austin Hays,BAL,LF,713000.0,713000.0,713000.0,both,0.311545917131088,0.39485516777291774,102.8,0.0275,0.0584,0.1959,0.414,22.4404,84.1515,1.0084,44562.0,Prime (25-29)
Ha-Seong Kim,673490,/api/v1/people/673490,2022,26,SD,NL,SS,150,582,517,58,130,29,3,11,59,12,51,100,7,4,0.251,0.325,0.383,0.708,101.3,1,haseong kim,Ha-seong Kim,SD,SS,7000000.0,7000000.0,7000000.0,both,0.311545917131088,0.39485516777291774,101.3,0.0189,0.0876,0.1718,0.393,1.5714,8.4286,0.1011,636364.0,Prime (25-29)
Brendan Rodgers,663898,/api/v1/people/663898,2022,25,COL,NL,2B,137,581,527,72,140,30,3,13,63,0,46,101,3,5,0.266,0.325,0.408,0.733,107.6,1,brendan rodgers,Brendan Rodgers,COL,2B,710000.0,710000.0,710000.0,both,0.311545917131088,0.39485516777291774,107.6,0.0224,0.0792,0.1738,0.46,18.3099,88.7324,1.0324,54615.0,Prime (25-29)
Andrew McCutchen,457705,/api/v1/people/457705,2022,35,MIL,NL,DH,134,580,515,66,122,25,0,17,69,8,57,124,4,4,0.237,0.316,0.384,0.7,98.7,1,andrew mccutchen,Andrew McCutchen,MIL,DH/LF/RF,8500000.0,8500000.0,8500000.0,both,0.311545917131088,0.39485516777291774,98.7,0.0293,0.0983,0.2138,0.515,2.0,8.1176,0.0824,500000.0,Late (35+)
Will Smith,669257,/api/v1/people/669257,2022,27,LAD,NL,C,137,578,508,68,132,26,3,24,87,1,56,96,10,4,0.26,0.343,0.465,0.808,127.9,1,will smith,Will Smith,HOU,RP,13000000.0,4642857.0,13000000.0,both,0.311545917131088,0.39485516777291774,127.9,0.0415,0.0969,0.1661,0.635,1.8462,6.6923,0.0622,541667.0,Prime (25-29)
Elvis Andrus,462101,/api/v1/people/462101,2022,33,CWS,AL,SS,149,577,535,66,133,32,0,17,58,18,39,92,3,0,0.249,0.303,0.404,0.707,99.6,2,elvis andrus,Elvis Andrus,CHW,SS,700000.0,184608.0,700000.0,both,0.311545917131088,0.39485516777291774,99.6,0.0295,0.0676,0.1594,0.389,24.2857,82.8571,1.01,41176.0,Veteran (30-34)
Charlie Blackmon,453568,/api/v1/people/453568,2022,35,COL,NL,DH,135,577,530,60,140,22,6,16,78,4,32,109,8,3,0.264,0.314,0.419,0.733,106.9,1,charlie blackmon,Charlie Blackmon,COL,DH/RF,21000000.0,21000000.0,21333333.0,both,0.311545917131088,0.39485516777291774,106.9,0.0277,0.0555,0.1889,0.578,0.7619,3.7143,0.0349,1312500.0,Late (35+)
Gleyber Torres,650402,/api/v1/people/650402,2022,25,NYY,AL,2B,140,572,526,73,135,28,1,24,76,10,39,129,3,3,0.257,0.31,0.451,0.761,113.7,1,gleyber torres,Gleyber Torres,NYY,2B,6250000.0,6250000.0,6250000.0,both,0.311545917131088,0.39485516777291774,113.7,0.042,0.0682,0.2255,0.543,3.84,12.16,0.1218,260417.0,Prime (25-29)
Brandon Drury,592273,/api/v1/people/592273,2022,29,SD,NL,1B,138,568,518,87,136,31,2,28,87,2,38,126,8,4,0.263,0.32,0.492,0.812,127.3,2,brandon drury,Brandon Drury,SD,3B,900000.0,316480.0,900000.0,both,0.311545917131088,0.39485516777291774,127.3,0.0493,0.0669,0.2218,0.63,31.1111,96.6667,0.9022,32143.0,Prime (25-29)
Luke Voit,572228,/api/v1/people/572228,2022,31,WSH,NL,DH,135,568,500,55,113,22,0,22,69,1,55,179,7,6,0.226,0.308,0.402,0.71,100.7,2,luke voit,Luke Voit,WSH,DH,5450000.0,1916480.0,5450000.0,both,0.311545917131088,0.39485516777291774,100.7,0.0387,0.0968,0.3151,0.511,4.0367,12.6606,0.1303,247727.0,Veteran (30-34)
Max Muncy,571970,/api/v1/people/571970,2022,31,LAD,NL,3B,136,565,464,69,91,22,1,21,69,2,90,141,5,6,0.196,0.329,0.384,0.713,102.9,1,max muncy,Max Muncy,LAD,DH,11500000.0,11500000.0,13000000.0,both,0.311545917131088,0.39485516777291774,102.9,0.0372,0.1593,0.2496,0.507,1.8261,6.0,0.062,547619.0,Veteran (30-34)
Taylor Ward,621493,/api/v1/people/621493,2022,28,LAA,AL,RF,135,564,495,73,139,22,2,23,65,5,60,120,4,5,0.281,0.36,0.473,0.833,135.3,1,taylor ward,Taylor Ward,LAA,RF,720000.0,720000.0,720000.0,both,0.311545917131088,0.39485516777291774,135.3,0.0408,0.1064,0.2128,0.481,31.9444,90.2778,1.1569,31304.0,Prime (25-29)
J.T. Realmuto,592663,/api/v1/people/592663,2022,31,PHI,NL,C,139,562,504,75,139,26,5,22,84,21,41,119,12,5,0.276,0.342,0.478,0.82,130.8,1,jt realmuto,J.T. Realmuto,PHI,C,23875000.0,23875000.0,23875000.0,both,0.311545917131088,0.39485516777291774,130.8,0.0391,0.073,0.2117,0.604,0.9215,3.5183,0.0343,1085227.0,Veteran (30-34)
Yordan Alvarez,670541,/api/v1/people/670541,2022,25,HOU,AL,DH,135,561,470,95,144,29,2,37,97,1,78,106,6,7,0.306,0.406,0.613,1.019,185.6,1,yordan alvarez,Yordan Alvarez,HOU,DH/LF,764600.0,764600.0,764600.0,both,0.311545917131088,0.39485516777291774,185.6,0.066,0.139,0.1889,0.719,48.3913,126.8637,1.3327,20665.0,Prime (25-29)
Ke'Bryan Hayes,663647,/api/v1/people/663647,2022,25,PIT,NL,3B,136,560,505,55,123,24,3,7,41,20,48,122,5,2,0.244,0.314,0.345,0.659,88.2,1,kebryan hayes,Ke'Bryan Hayes,PIT,3B,10000000.0,10000000.0,10000000.0,both,0.311545917131088,0.39485516777291774,88.2,0.0125,0.0857,0.2179,0.301,0.7,4.1,0.0659,1428571.0,Prime (25-29)
Julio Rodríguez,677594,/api/v1/people/677594,2022,21,SEA,AL,CF,132,560,511,84,145,25,3,28,75,25,40,145,8,1,0.284,0.345,0.509,0.854,139.6,1,julio rodriguez,Julio Rodriguez,SEA,CF,700000.0,700000.0,700000.0,both,0.311545917131088,0.39485516777291774,139.6,0.05,0.0714,0.2589,0.568,40.0,107.1429,1.22,25000.0,U25
Nick Castellanos,592206,/api/v1/people/592206,2022,30,PHI,NL,RF,136,558,524,56,138,27,0,13,62,7,29,130,3,2,0.263,0.305,0.389,0.694,96.4,1,nick castellanos,Nick Castellanos,PHI,RF,20000000.0,20000000.0,20000000.0,both,0.311545917131088,0.39485516777291774,96.4,0.0233,0.052,0.233,0.456,0.65,3.1,0.0347,1538462.0,Veteran (30-34)
Yandy Díaz,650490,/api/v1/people/650490,2022,30,TB,AL,3B,137,558,473,71,140,33,0,9,57,3,78,60,6,1,0.296,0.401,0.423,0.824,135.8,1,yandy diaz,Yandy Diaz,TB,3B,2800000.0,2800000.0,2800000.0,both,0.311545917131088,0.39485516777291774,135.8,0.0161,0.1398,0.1075,0.416,3.2143,20.3571,0.2943,311111.0,Veteran (30-34)
Tony Kemp,643393,/api/v1/people/643393,2022,30,OAK,AL,2B,147,558,497,61,117,24,2,7,46,11,45,69,8,3,0.235,0.307,0.334,0.641,83.1,1,tony kemp,Tony Kemp,OAK,2B,2250000.0,2250000.0,2250000.0,both,0.311545917131088,0.39485516777291774,83.1,0.0125,0.0806,0.1237,0.313,3.1111,20.4444,0.2849,321429.0,Veteran (30-34)
Ketel Marte,606466,/api/v1/people/606466,2022,28,AZ,NL,2B,137,558,492,68,118,42,2,12,52,5,55,101,6,5,0.24,0.321,0.407,0.728,106.1,1,ketel marte,Ketel Marte,ARI,2B,8000000.0,8000000.0,8400000.0,both,0.311545917131088,0.39485516777291774,106.1,0.0215,0.0986,0.181,0.38,1.5,6.5,0.091,666667.0,Prime (25-29)
Jeremy Peña,665161,/api/v1/people/665161,2022,24,HOU,AL,SS,136,558,521,72,132,20,2,22,63,11,22,135,6,5,0.253,0.289,0.426,0.715,100.7,1,jeremy pena,Jeremy Pena,HOU,SS,700000.0,700000.0,700000.0,both,0.311545917131088,0.39485516777291774,100.7,0.0394,0.0394,0.2419,0.463,31.4286,90.0,1.0214,31818.0,U25
Mike Yastrzemski,573262,/api/v1/people/573262,2022,31,SF,NL,RF,148,558,485,73,104,31,2,17,57,5,61,141,5,6,0.214,0.305,0.392,0.697,97.2,1,mike yastrzemski,Mike Yastrzemski,SF,CF,3700000.0,3700000.0,3700000.0,both,0.311545917131088,0.39485516777291774,97.2,0.0305,0.1093,0.2527,0.385,4.5946,15.4054,0.1884,217647.0,Veteran (30-34)
Andrés Giménez,665926,/api/v1/people/665926,2022,23,CLE,AL,2B,146,557,491,66,146,26,3,17,69,20,34,112,25,3,0.297,0.371,0.466,0.837,137.1,1,andres gimenez,Andres Gimenez,CLE,2B,706600.0,706600.0,706600.0,both,0.311545917131088,0.39485516777291774,137.1,0.0305,0.061,0.2011,0.473,24.0589,97.6507,1.1845,41565.0,U25
Seth Brown,664913,/api/v1/people/664913,2022,29,OAK,AL,1B,150,555,500,55,115,26,3,25,73,11,51,146,3,1,0.23,0.305,0.444,0.749,110.3,1,seth brown,Seth Brown,OAK,1B/LF/RF,705000.0,705000.0,705000.0,both,0.311545917131088,0.39485516777291774,110.3,0.045,0.0919,0.2631,0.487,35.461,103.5461,1.0624,28200.0,Prime (25-29)
Andrew Vaughn,683734,/api/v1/people/683734,2022,24,CWS,AL,RF,134,555,510,60,138,28,1,17,76,0,31,96,9,5,0.271,0.321,0.429,0.75,111.7,1,andrew vaughn,Andrew Vaughn,CHW,DH,715000.0,715000.0,715000.0,both,0.311545917131088,0.39485516777291774,111.7,0.0306,0.0559,0.173,0.567,23.7762,106.2937,1.049,42059.0,U25
Gio Urshela,570482,/api/v1/people/570482,2022,30,MIN,AL,3B,144,551,501,61,143,27,3,13,64,1,41,96,2,7,0.285,0.338,0.429,0.767,117.1,1,giovanny urshela,Giovanny Urshela,MIN,3B,6550000.0,6550000.0,6550000.0,both,0.311545917131088,0.39485516777291774,117.1,0.0236,0.0744,0.1742,0.444,1.9847,9.771,0.1171,503846.0,Veteran (30-34)
Cody Bellinger,641355,/api/v1/people/641355,2022,26,LAD,NL,CF,144,550,504,70,106,27,3,19,68,14,38,150,2,6,0.21,0.265,0.389,0.654,83.6,1,cody bellinger,Cody Bellinger,LAD,CF,17000000.0,17000000.0,17000000.0,both,0.311545917131088,0.39485516777291774,83.6,0.0345,0.0691,0.2727,0.472,1.1176,4.0,0.0385,894737.0,Prime (25-29)
Whit Merrifield,593160,/api/v1/people/593160,2022,33,TOR,AL,2B,139,550,504,70,126,28,1,11,58,16,38,85,0,8,0.25,0.298,0.375,0.673,90.6,2,whit merrifield,Whit Merrifield,TOR,2B,7000000.0,2461568.0,7000000.0,both,0.311545917131088,0.39485516777291774,90.6,0.02,0.0691,0.1545,0.417,1.5714,8.2857,0.0961,636364.0,Veteran (30-34)
Anthony Rizzo,519203,/api/v1/people/519203,2022,32,NYY,AL,1B,130,548,465,77,104,21,1,32,75,6,58,101,23,2,0.224,0.338,0.48,0.818,130.1,1,anthony rizzo,Anthony Rizzo,NYY,1B,16000000.0,16000000.0,16000000.0,both,0.311545917131088,0.39485516777291774,130.1,0.0584,0.1058,0.1843,0.577,2.0,4.6875,0.0511,500000.0,Veteran (30-34)
Lane Thomas,657041,/api/v1/people/657041,2022,26,WSH,NL,LF,146,548,498,62,120,26,2,17,52,8,41,132,4,5,0.241,0.301,0.404,0.705,98.9,1,lane thomas,Lane Thomas,WSH,CF,723600.0,723600.0,723600.0,both,0.311545917131088,0.39485516777291774,98.9,0.031,0.0748,0.2409,0.356,23.4936,71.8629,0.9743,42565.0,Prime (25-29)
Jesse Winker,608385,/api/v1/people/608385,2022,28,SEA,AL,LF,136,547,456,51,100,15,0,14,53,0,84,103,4,3,0.219,0.344,0.344,0.688,97.5,1,jesse winker,Jesse Winker,SEA,LF,6250000.0,6250000.0,6250000.0,both,0.311545917131088,0.39485516777291774,97.5,0.0256,0.1536,0.1883,0.39,2.24,8.48,0.1101,446429.0,Prime (25-29)
Josh Donaldson,518626,/api/v1/people/518626,2022,36,NYY,AL,3B,132,546,478,59,106,28,0,15,62,2,54,148,8,6,0.222,0.308,0.374,0.682,93.6,1,josh donaldson,Josh Donaldson,NYY,DH,21000000.0,23000000.0,23000000.0,both,0.311545917131088,0.39485516777291774,93.6,0.0275,0.0989,0.2711,0.47,0.7143,2.9524,0.0325,1400000.0,Late (35+)
Mark Canha,592192,/api/v1/people/592192,2022,33,NYM,NL,LF,140,542,462,71,123,24,0,13,61,3,48,97,28,4,0.266,0.367,0.403,0.77,119.9,1,mark canha,Mark Canha,NYM,LF,12000000.0,14000000.0,12666666.0,both,0.311545917131088,0.39485516777291774,119.9,0.024,0.0886,0.179,0.436,1.0833,5.0833,0.0642,923077.0,Veteran (30-34)
Eduardo Escobar,500871,/api/v1/people/500871,2022,33,NYM,NL,3B,136,542,495,58,119,26,4,20,69,0,40,129,1,6,0.24,0.295,0.43,0.725,103.6,1,eduardo escobar,Eduardo Escobar,NYM,3B,10000000.0,10000000.0,10000000.0,both,0.311545917131088,0.39485516777291774,103.6,0.0369,0.0738,0.238,0.507,2.0,6.9,0.0725,500000.0,Veteran (30-34)
Thairo Estrada,642731,/api/v1/people/642731,2022,26,SF,NL,2B,140,541,488,71,127,22,2,14,62,21,33,89,14,5,0.26,0.322,0.4,0.722,104.7,1,thairo estrada,Thairo Estrada,SF,2B,715000.0,715000.0,715000.0,both,0.311545917131088,0.39485516777291774,104.7,0.0259,0.061,0.1645,0.443,19.5804,86.7133,1.0098,51071.0,Prime (25-29)
Alejandro Kirk,672386,/api/v1/people/672386,2022,23,TOR,AL,C,139,541,470,59,134,19,0,14,63,0,63,58,4,4,0.285,0.372,0.415,0.787,124.5,1,alejandro kirk,Alejandro Kirk,TOR,C,714000.0,714000.0,714000.0,both,0.311545917131088,0.39485516777291774,124.5,0.0259,0.1165,0.1072,0.453,19.6078,88.2353,1.1022,51000.0,U25
DJ LeMahieu,518934,/api/v1/people/518934,2022,33,NYY,AL,3B,125,541,467,74,122,18,0,12,46,4,67,71,4,2,0.261,0.357,0.377,0.734,110.1,1,dj lemahieu,D.J. LeMahieu,NYY,3B,15000000.0,15000000.0,15000000.0,both,0.311545917131088,0.39485516777291774,110.1,0.0222,0.1238,0.1312,0.368,0.8,3.0667,0.0489,1250000.0,Veteran (30-34)
Randal Grichuk,545341,/api/v1/people/545341,2022,30,COL,NL,RF,141,538,506,60,131,21,3,19,73,4,24,127,6,2,0.259,0.299,0.425,0.724,103.6,1,randal grichuk,Randal Grichuk,COL,RF,9333333.0,3950000.0,10333333.0,both,0.311545917131088,0.39485516777291774,103.6,0.0353,0.0446,0.2361,0.518,2.0357,7.8214,0.0776,491228.0,Veteran (30-34)
Teoscar Hernández,606192,/api/v1/people/606192,2022,29,TOR,AL,RF,131,535,499,71,133,35,1,25,77,6,34,152,2,0,0.267,0.316,0.491,0.807,125.8,1,teoscar hernandez,Teoscar Hernandez,TOR,DH,10650000.0,10650000.0,10650000.0,both,0.311545917131088,0.39485516777291774,125.8,0.0467,0.0636,0.2841,0.588,2.3474,7.23,0.0758,426000.0,Prime (25-29)
MJ Melendez,669004,/api/v1/people/669004,2022,23,KC,AL,C,129,534,460,57,100,21,3,18,62,2,66,131,1,7,0.217,0.313,0.393,0.706,100.0,1,mj melendez,MJ Melendez,KC,DH,700000.0,603822.0,700000.0,both,0.311545917131088,0.39485516777291774,100.0,0.0337,0.1236,0.2453,0.481,25.7143,88.5714,1.0086,38889.0,U25
Patrick Wisdom,621550,/api/v1/people/621550,2022,30,CHC,NL,3B,134,534,469,67,97,28,0,25,66,8,53,183,9,2,0.207,0.298,0.426,0.724,103.5,1,patrick wisdom,Patrick Wisdom,CHC,3B,730000.0,730000.0,730000.0,both,0.311545917131088,0.39485516777291774,103.5,0.0468,0.0993,0.3427,0.493,34.2466,90.411,0.9918,29200.0,Veteran (30-34)
Ronald Acuña Jr.,660670,/api/v1/people/660670,2022,24,ATL,NL,RF,119,533,467,71,124,24,0,15,50,29,53,126,10,3,0.266,0.351,0.413,0.764,117.3,1,ronald acuna,Ronald Acuña Jr.,ATL,RF,15000000.0,15000000.0,15000000.0,both,0.311545917131088,0.39485516777291774,117.3,0.0281,0.0994,0.2364,0.42,1.0,3.3333,0.0509,1000000.0,U25
Jorge Mateo,622761,/api/v1/people/622761,2022,27,BAL,AL,SS,150,533,494,63,109,25,7,13,50,35,27,147,5,2,0.221,0.267,0.379,0.646,81.7,1,jorge mateo,Jorge Mateo,BAL,SS,709500.0,709500.0,709500.0,both,0.311545917131088,0.39485516777291774,81.7,0.0244,0.0507,0.2758,0.333,18.3228,70.4722,0.9105,54577.0,Prime (25-29)
Justin Turner,457759,/api/v1/people/457759,2022,37,LAD,NL,3B,128,532,468,61,130,36,0,13,81,3,50,89,6,8,0.278,0.35,0.438,0.788,123.3,1,justin turner,Justin Turner,LAD,3B/DH,16000000.0,16000000.0,20000000.0,both,0.311545917131088,0.39485516777291774,123.3,0.0244,0.094,0.1673,0.633,0.8125,5.0625,0.0492,1230769.0,Late (35+)
Isiah Kiner-Falefa,643396,/api/v1/people/643396,2022,27,NYY,AL,SS,142,531,483,66,126,20,0,4,48,22,35,72,5,5,0.261,0.314,0.327,0.641,83.6,1,isiah kinerfalefa,Isiah Kiner-Falefa,NYY,SS,4700000.0,4700000.0,4700000.0,both,0.311545917131088,0.39485516777291774,83.6,0.0075,0.0659,0.1356,0.338,0.8511,10.2128,0.1364,1175000.0,Prime (25-29)
AJ Pollock,572041,/api/v1/people/572041,2022,34,CWS,AL,LF,138,527,489,61,120,26,1,14,56,3,32,98,2,4,0.245,0.292,0.389,0.681,92.2,1,aj pollock,A.J. Pollock,CHW,LF,11500000.0,11500000.0,14500000.0,both,0.311545917131088,0.39485516777291774,92.2,0.0266,0.0607,0.186,0.406,1.2174,4.8696,0.0592,821429.0,Veteran (30-34)
Trent Grisham,663757,/api/v1/people/663757,2022,25,SD,NL,CF,152,524,451,58,83,16,2,17,53,7,57,150,7,2,0.184,0.284,0.341,0.625,77.5,1,trent grisham,Trent Grisham,SD,CF,729300.0,729300.0,729300.0,both,0.311545917131088,0.39485516777291774,77.5,0.0324,0.1088,0.2863,0.349,23.31,72.6724,0.857,42900.0,Prime (25-29)
Hunter Renfroe,592669,/api/v1/people/592669,2022,30,MIL,NL,RF,125,522,474,62,121,23,1,29,72,1,39,121,4,3,0.255,0.315,0.492,0.807,125.7,1,hunter renfroe,Hunter Renfroe,MIL,RF,7650000.0,7650000.0,7650000.0,both,0.311545917131088,0.39485516777291774,125.7,0.0556,0.0747,0.2318,0.576,3.7908,9.4118,0.1055,263793.0,Veteran (30-34)
Andrew Benintendi,643217,/api/v1/people/643217,2022,27,NYY,AL,LF,126,521,461,54,140,23,3,5,51,8,52,77,2,5,0.304,0.373,0.399,0.772,120.8,2,andrew benintendi,Andrew Benintendi,NYY,LF,8500000.0,3222507.0,8500000.0,both,0.311545917131088,0.39485516777291774,120.8,0.0096,0.0998,0.1478,0.405,0.5882,6.0,0.0908,1700000.0,Prime (25-29)
Nico Hoerner,663538,/api/v1/people/663538,2022,25,CHC,NL,SS,135,517,481,60,135,22,5,10,55,20,28,57,6,2,0.281,0.327,0.41,0.737,108.8,1,nico hoerner,Nico Hoerner,CHC,SS,720000.0,720000.0,720000.0,both,0.311545917131088,0.39485516777291774,108.8,0.0193,0.0542,0.1103,0.407,13.8889,76.3889,1.0236,72000.0,Prime (25-29)
Luis Rengifo,650859,/api/v1/people/650859,2022,25,LAA,AL,2B,127,511,489,45,129,22,4,17,52,6,17,79,4,0,0.264,0.294,0.429,0.723,103.0,1,luis rengifo,Luis Rengifo,LAA,2B,700000.0,576900.0,700000.0,both,0.311545917131088,0.39485516777291774,103.0,0.0333,0.0333,0.1546,0.409,24.2857,74.2857,1.0329,41176.0,Prime (25-29)
Josh Rojas,668942,/api/v1/people/668942,2022,28,AZ,NL,3B,125,510,443,66,119,25,1,9,56,23,55,98,2,5,0.269,0.349,0.391,0.74,111.0,1,josh rojas,Josh Rojas,ARI,3B,730900.0,730900.0,730900.0,both,0.311545917131088,0.39485516777291774,111.0,0.0176,0.1078,0.1922,0.448,12.3136,76.6179,1.0125,81211.0,Prime (25-29)
Jonathan Schoop,570731,/api/v1/people/570731,2022,30,DET,AL,2B,131,510,481,48,97,23,1,11,38,5,19,107,6,4,0.202,0.239,0.322,0.561,58.3,1,jonathan schoop,Jonathan Schoop,DET,2B,7500000.0,7500000.0,7500000.0,both,0.311545917131088,0.39485516777291774,58.3,0.0216,0.0373,0.2098,0.29,1.4667,5.0667,0.0748,681818.0,Veteran (30-34)
Jesús Aguilar,542583,/api/v1/people/542583,2022,32,BAL,AL,DH,129,507,464,39,109,19,0,16,51,1,28,119,4,5,0.235,0.281,0.379,0.66,86.2,2,jesus aguilar,Jesús Aguilar,BAL,1B,700000.0,130764.0,700000.0,both,0.311545917131088,0.39485516777291774,86.2,0.0316,0.0552,0.2347,0.395,22.8571,72.8571,0.9429,43750.0,Veteran (30-34)
Nelson Cruz,443558,/api/v1/people/443558,2022,41,WSH,NL,DH,124,507,448,50,105,16,0,10,64,4,49,119,4,3,0.234,0.313,0.337,0.65,85.8,1,nelson cruz,Nelson Cruz,WSH,DH,12000000.0,12000000.0,12000000.0,both,0.311545917131088,0.39485516777291774,85.8,0.0197,0.0966,0.2347,0.516,0.8333,5.3333,0.0542,1200000.0,Late (35+)
Marcell Ozuna,542303,/api/v1/people/542303,2022,31,ATL,NL,DH,124,507,470,56,106,19,0,23,56,2,31,122,2,4,0.226,0.274,0.413,0.687,92.5,1,marcell ozuna,Marcell Ozuna,ATL,DH,16000000.0,16000000.0,16000000.0,both,0.311545917131088,0.39485516777291774,92.5,0.0454,0.0611,0.2406,0.452,1.4375,3.5,0.0429,695652.0,Veteran (30-34)
Miguel Rojas,500743,/api/v1/people/500743,2022,33,MIA,NL,SS,140,507,471,34,111,19,2,6,36,9,26,61,6,3,0.236,0.283,0.323,0.606,72.6,1,miguel rojas,Miguel Rojas,MIA,SS,5500000.0,5500000.0,5500000.0,both,0.311545917131088,0.39485516777291774,72.6,0.0118,0.0513,0.1203,0.257,1.0909,6.5455,0.1102,916667.0,Veteran (30-34)
Carlos Santana,467793,/api/v1/people/467793,2022,36,SEA,AL,DH,131,506,431,52,87,18,0,19,60,0,71,88,2,2,0.202,0.316,0.376,0.692,96.7,2,carlos santana,Carlos Santana,SEA,1B,10500000.0,2175000.0,11175000.0,both,0.311545917131088,0.39485516777291774,96.7,0.0375,0.1403,0.1739,0.458,1.8095,5.7143,0.0659,552632.0,Late (35+)
Starling Marte,516782,/api/v1/people/516782,2022,33,NYM,NL,RF,118,505,466,76,136,24,5,16,63,18,26,97,13,0,0.292,0.347,0.468,0.815,129.9,1,starling marte,Starling Marte,NYM,RF,14500000.0,17000000.0,15750000.0,both,0.311545917131088,0.39485516777291774,129.9,0.0317,0.0515,0.1921,0.534,1.1034,4.3448,0.0562,906250.0,Veteran (30-34)
Hunter Dozier,641531,/api/v1/people/641531,2022,30,KC,AL,1B,129,500,462,51,109,26,4,12,41,4,34,125,3,1,0.236,0.292,0.387,0.679,91.7,1,hunter dozier,Hunter Dozier,KC,1B,4500000.0,4500000.0,4750000.0,both,0.311545917131088,0.39485516777291774,91.7,0.024,0.068,0.25,0.318,2.6667,9.1111,0.1509,375000.0,Veteran (30-34)
Geraldo Perdomo,672695,/api/v1/people/672695,2022,22,AZ,NL,SS,148,500,431,58,84,10,2,5,40,9,50,103,5,2,0.195,0.285,0.262,0.547,57.8,1,geraldo perdomo,Geraldo Perdomo,ARI,SS,701300.0,701300.0,701300.0,both,0.311545917131088,0.39485516777291774,57.8,0.01,0.1,0.206,0.27,7.1296,57.0369,0.78,140260.0,U25
Mike Trout,545361,/api/v1/people/545361,2022,30,LAA,AL,CF,119,499,438,85,124,28,2,40,80,1,54,139,6,1,0.283,0.369,0.63,0.999,178.0,1,mike trout,Mike Trout,LAA,CF,35450000.0,35550000.0,37216667.0,both,0.311545917131088,0.39485516777291774,178.0,0.0802,0.1082,0.2786,0.672,1.1283,2.2567,0.0282,886250.0,Veteran (30-34)
Josh Naylor,647304,/api/v1/people/647304,2022,25,CLE,AL,1B,122,498,449,47,115,28,0,20,79,6,38,80,6,5,0.256,0.319,0.452,0.771,116.9,1,josh naylor,Josh Naylor,CLE,1B,1200000.0,1200000.0,1200000.0,both,0.311545917131088,0.39485516777291774,116.9,0.0402,0.0763,0.1606,0.648,16.6667,65.8333,0.6425,60000.0,Prime (25-29)
Kolten Wong,543939,/api/v1/people/543939,2022,31,MIL,NL,2B,134,497,430,65,108,24,4,15,47,17,46,88,14,5,0.251,0.339,0.43,0.769,117.7,1,kolten wong,Kolten Wong,MIL,2B,8000000.0,8000000.0,8500000.0,both,0.311545917131088,0.39485516777291774,117.7,0.0302,0.0926,0.1771,0.351,1.875,5.875,0.0961,533333.0,Veteran (30-34)
Lourdes Gurriel Jr.,666971,/api/v1/people/666971,2022,28,TOR,AL,LF,121,493,453,52,132,32,1,5,52,3,31,83,6,2,0.291,0.343,0.4,0.743,111.4,1,lourdes gurriel,Lourdes Gurriel Jr.,TOR,LF,4500000.0,4500000.0,4928571.0,both,0.311545917131088,0.39485516777291774,111.4,0.0101,0.0629,0.1684,0.43,1.1111,11.5556,0.1651,900000.0,Prime (25-29)
Santiago Espinal,669289,/api/v1/people/669289,2022,27,TOR,AL,2B,135,491,449,51,120,25,0,7,51,6,36,68,2,3,0.267,0.322,0.37,0.692,97.1,1,santiago espinal,Santiago Espinal,TOR,2B,723550.0,723550.0,723550.0,both,0.311545917131088,0.39485516777291774,97.1,0.0143,0.0733,0.1385,0.378,9.6745,70.4858,0.9564,103364.0,Prime (25-29)
David Peralta,444482,/api/v1/people/444482,2022,34,TB,AL,LF,134,490,439,39,110,30,3,12,59,1,41,114,4,6,0.251,0.316,0.415,0.731,106.5,2,david peralta,David Peralta,TB,LF,8000000.0,3095055.0,8150000.0,both,0.311545917131088,0.39485516777291774,106.5,0.0245,0.0837,0.2327,0.44,1.5,7.375,0.0914,666667.0,Veteran (30-34)
Dylan Carlson,666185,/api/v1/people/666185,2022,23,STL,NL,CF,128,488,432,56,102,30,4,8,42,5,45,94,7,4,0.236,0.316,0.38,0.696,97.7,1,dylan carlson,Dylan Carlson,STL,RF,703000.0,703000.0,703000.0,both,0.311545917131088,0.39485516777291774,97.7,0.0164,0.0922,0.1926,0.328,11.3798,59.744,0.99,87875.0,U25
Willson Contreras,575929,/api/v1/people/575929,2022,30,CHC,NL,C,113,487,416,65,101,23,2,22,55,4,45,103,24,2,0.243,0.349,0.466,0.815,130.0,1,willson contreras,Willson Contreras,CHC,C,9625000.0,9625000.0,9625000.0,both,0.311545917131088,0.39485516777291774,130.0,0.0452,0.0924,0.2115,0.487,2.2857,5.7143,0.0847,437500.0,Veteran (30-34)
Jose F Miranda,669304,/api/v1/people/669304,2022,24,MIN,AL,1B,125,483,444,45,119,25,0,15,66,1,28,91,10,1,0.268,0.325,0.426,0.751,112.2,1,jose miranda,Jose Miranda,MIN,SS,700000.0,596130.0,700000.0,both,0.311545917131088,0.39485516777291774,112.2,0.0311,0.058,0.1884,0.528,21.4286,94.2857,1.0729,46667.0,U25
Nicky Lopez,670032,/api/v1/people/670032,2022,27,KC,AL,2B,142,480,436,51,99,12,4,0,20,13,29,63,4,1,0.227,0.281,0.273,0.554,59.3,1,nicky lopez,Nicky Lopez,KC,3B,2550000.0,2550000.0,2550000.0,both,0.311545917131088,0.39485516777291774,59.3,0.0,0.0604,0.1312,0.141,0.0,7.8431,0.2173,,Prime (25-29)
Robbie Grossman,543257,/api/v1/people/543257,2022,32,ATL,NL,RF,129,477,411,40,86,19,1,7,45,6,56,129,6,4,0.209,0.31,0.311,0.621,78.3,2,robbie grossman,Robbie Grossman,ATL,LF,5000000.0,1758272.0,5000000.0,both,0.311545917131088,0.39485516777291774,78.3,0.0147,0.1174,0.2704,0.349,1.4,9.0,0.1242,714286.0,Veteran (30-34)
Salvador Perez,521692,/api/v1/people/521692,2022,32,KC,AL,C,114,473,445,48,113,23,1,23,76,0,18,109,7,3,0.254,0.292,0.465,0.757,111.5,1,salvador perez,Salvador Perez,KC,C/DH,18000000.0,18000000.0,18000000.0,both,0.311545917131088,0.39485516777291774,111.5,0.0486,0.0381,0.2304,0.667,1.2778,4.2222,0.0421,782609.0,Veteran (30-34)
Franmil Reyes,614177,/api/v1/people/614177,2022,26,CHC,NL,DH,118,473,438,43,97,17,2,14,47,2,30,157,2,3,0.221,0.273,0.365,0.638,80.1,2,franmil reyes,Franmil Reyes,CHC,DH,4550000.0,1450000.0,4550000.0,both,0.311545917131088,0.39485516777291774,80.1,0.0296,0.0634,0.3319,0.398,3.0769,10.3297,0.1402,325000.0,Prime (25-29)
Owen Miller,680911,/api/v1/people/680911,2022,25,CLE,AL,1B,130,472,424,53,103,26,1,6,51,2,32,93,7,9,0.243,0.301,0.351,0.652,85.5,1,owen miller,Owen Miller,CLE,1B,701100.0,701100.0,701100.0,both,0.311545917131088,0.39485516777291774,85.5,0.0127,0.0678,0.197,0.392,8.558,72.7428,0.93,116850.0,Prime (25-29)
Rougned Odor,596059,/api/v1/people/596059,2022,28,BAL,AL,2B,135,472,426,49,88,19,3,13,53,6,32,109,10,4,0.207,0.275,0.357,0.632,78.7,1,rougned odor,Rougned Odor,BAL,2B,700000.0,700000.0,700000.0,both,0.311545917131088,0.39485516777291774,78.7,0.0275,0.0678,0.2309,0.393,18.5714,75.7143,0.9029,53846.0,Prime (25-29)
Luis Urías,649966,/api/v1/people/649966,2022,25,MIL,NL,3B,119,472,406,54,97,17,1,16,47,1,50,99,11,5,0.239,0.335,0.404,0.739,109.8,1,luis urias,Luis Urias,MIL,2B,2550000.0,2550000.0,2550000.0,both,0.311545917131088,0.39485516777291774,109.8,0.0339,0.1059,0.2097,0.395,6.2745,18.4314,0.2898,159375.0,Prime (25-29)
Gavin Lux,666158,/api/v1/people/666158,2022,24,LAD,NL,2B,129,471,421,66,116,20,7,6,42,7,47,95,0,3,0.276,0.346,0.399,0.745,112.1,1,gavin lux,Gavin Lux,LAD,2B,720000.0,720000.0,720000.0,both,0.311545917131088,0.39485516777291774,112.1,0.0127,0.0998,0.2017,0.326,8.3333,58.3333,1.0347,120000.0,U25
Gary Sánchez,596142,/api/v1/people/596142,2022,29,MIN,AL,C,128,471,419,42,86,24,0,16,61,2,40,136,7,5,0.205,0.282,0.377,0.659,86.0,1,gary sanchez,Gary Sánchez,MIN,C,9000000.0,9000000.0,9000000.0,both,0.311545917131088,0.39485516777291774,86.0,0.034,0.0849,0.2887,0.477,1.7778,6.7778,0.0732,562500.0,Prime (25-29)
Adley Rutschman,668939,/api/v1/people/668939,2022,24,BAL,AL,C,113,470,398,70,101,35,1,13,42,4,65,86,4,3,0.254,0.362,0.445,0.807,128.9,1,adley rutschman,Adley Rutschman,BAL,C,700000.0,526902.0,700000.0,both,0.311545917131088,0.39485516777291774,128.9,0.0277,0.1383,0.183,0.372,18.5714,60.0,1.1529,53846.0,U25
Garrett Cooper,643265,/api/v1/people/643265,2022,31,MIA,NL,1B,119,469,414,37,108,33,2,9,50,0,40,119,10,5,0.261,0.337,0.415,0.752,113.3,1,garrett cooper,Garrett Cooper,MIA,DH,2500000.0,2500000.0,2500000.0,both,0.311545917131088,0.39485516777291774,113.3,0.0192,0.0853,0.2537,0.42,3.6,20.0,0.3008,277778.0,Veteran (30-34)
Brendan Donovan,680977,/api/v1/people/680977,2022,25,STL,NL,2B,126,468,391,64,110,21,1,5,45,2,60,70,14,2,0.281,0.394,0.379,0.773,122.5,1,brendan donovan,Brendan Donovan,STL,LF,700000.0,630744.0,700000.0,both,0.311545917131088,0.39485516777291774,122.5,0.0107,0.1282,0.1496,0.357,7.1429,64.2857,1.1043,140000.0,Prime (25-29)
Jeimer Candelario,600869,/api/v1/people/600869,2022,28,DET,AL,3B,124,467,429,49,93,19,2,13,50,0,28,109,6,4,0.217,0.272,0.361,0.633,78.7,1,jeimer candelario,Jeimer Candelario,DET,3B,5800000.0,5800000.0,5800000.0,both,0.311545917131088,0.39485516777291774,78.7,0.0278,0.06,0.2334,0.403,2.2414,8.6207,0.1091,446154.0,Prime (25-29)
Jose Iglesias,578428,/api/v1/people/578428,2022,32,COL,NL,SS,118,467,439,48,128,30,0,3,47,2,17,56,8,3,0.292,0.328,0.38,0.708,101.5,1,jose iglesias,Jose Iglesias,COL,SS,5000000.0,5000000.0,5000000.0,both,0.311545917131088,0.39485516777291774,101.5,0.0064,0.0364,0.1199,0.398,0.6,9.4,0.1416,1666667.0,Veteran (30-34)
Connor Joe,656582,/api/v1/people/656582,2022,29,COL,NL,LF,111,467,404,56,96,20,4,7,28,6,55,97,7,1,0.238,0.338,0.359,0.697,99.4,1,connor joe,Connor Joe,COL,LF,702000.0,702000.0,702000.0,both,0.311545917131088,0.39485516777291774,99.4,0.015,0.1178,0.2077,0.252,9.9715,39.886,0.9929,100286.0,Prime (25-29)
Bryson Stott,681082,/api/v1/people/681082,2022,24,PHI,NL,SS,127,466,427,58,100,19,2,10,49,12,36,89,1,1,0.234,0.295,0.358,0.653,85.4,1,bryson stott,Bryson Stott,PHI,2B,700000.0,669204.0,700000.0,both,0.311545917131088,0.39485516777291774,85.4,0.0215,0.0773,0.191,0.386,14.2857,70.0,0.9329,70000.0,U25
Taylor Walls,670764,/api/v1/people/670764,2022,25,TB,AL,SS,142,466,407,53,70,18,2,8,33,10,52,120,2,2,0.172,0.268,0.285,0.553,58.2,1,taylor walls,Taylor Walls,TB,SS,704000.0,704000.0,704000.0,both,0.311545917131088,0.39485516777291774,58.2,0.0172,0.1116,0.2575,0.232,11.3636,46.875,0.7855,88000.0,Prime (25-29)
Brandon Marsh,669016,/api/v1/people/669016,2022,24,PHI,NL,CF,134,461,424,49,104,18,4,11,52,10,28,158,3,3,0.245,0.295,0.384,0.679,91.9,2,brandon marsh,Brandon Marsh,PHI,LF,710000.0,249664.0,710000.0,both,0.311545917131088,0.39485516777291774,91.9,0.0239,0.0607,0.3427,0.388,15.493,73.2394,0.9563,64545.0,U25
Daniel Vogelbach,596129,/api/v1/people/596129,2022,29,NYM,NL,DH,130,461,386,47,92,19,1,18,59,0,73,114,1,1,0.238,0.36,0.433,0.793,125.2,2,dan vogelbach,Dan Vogelbach,NYM,DH,800000.0,329700.0,800000.0,both,0.311545917131088,0.39485516777291774,125.2,0.039,0.1584,0.2473,0.454,22.5,73.75,0.9912,44444.0,Prime (25-29)
Brandon Crawford,543063,/api/v1/people/543063,2022,35,SF,NL,SS,118,458,407,50,94,15,2,9,52,1,39,98,8,4,0.231,0.308,0.344,0.652,86.0,1,brandon crawford,Brandon Crawford,SF,SS,16000000.0,16000000.0,16000000.0,both,0.311545917131088,0.39485516777291774,86.0,0.0197,0.0852,0.214,0.441,0.5625,3.25,0.0408,1777778.0,Late (35+)
Michael A. Taylor,572191,/api/v1/people/572191,2022,31,KC,AL,CF,124,456,414,49,105,10,3,9,43,4,35,109,2,3,0.254,0.313,0.357,0.67,90.9,1,michael taylor,Michael A. Taylor,KC,CF,4500000.0,4650000.0,4650000.0,both,0.311545917131088,0.39485516777291774,90.9,0.0197,0.0768,0.239,0.347,2.0,9.5556,0.1489,500000.0,Veteran (30-34)
Chris Taylor,621035,/api/v1/people/621035,2022,31,LAD,NL,LF,118,454,402,45,89,25,3,10,43,10,44,160,5,3,0.221,0.304,0.373,0.677,92.0,1,chris taylor,Chris Taylor,LAD,LF,15000000.0,15000000.0,15000000.0,both,0.311545917131088,0.39485516777291774,92.0,0.022,0.0969,0.3524,0.364,0.6667,2.8667,0.0451,1500000.0,Veteran (30-34)
Jared Walsh,665120,/api/v1/people/665120,2022,28,LAA,AL,1B,118,454,423,41,91,18,2,15,44,2,27,138,4,0,0.215,0.269,0.374,0.643,81.1,1,jared walsh,Jared Walsh,LAA,1B,730000.0,730000.0,730000.0,both,0.311545917131088,0.39485516777291774,81.1,0.033,0.0595,0.304,0.373,20.5479,60.274,0.8808,48667.0,Prime (25-29)
Aaron Hicks,543305,/api/v1/people/543305,2022,32,NYY,AL,CF,130,453,384,54,83,9,2,8,40,10,62,109,4,2,0.216,0.33,0.313,0.643,85.2,1,aaron hicks,Aaron Hicks,NYY,CF,10500000.0,10500000.0,10785714.0,both,0.311545917131088,0.39485516777291774,85.2,0.0177,0.1369,0.2406,0.308,0.7619,3.8095,0.0612,1312500.0,Veteran (30-34)
Giancarlo Stanton,519317,/api/v1/people/519317,2022,32,NYY,AL,DH,110,452,398,53,84,7,0,31,78,0,50,137,0,3,0.211,0.297,0.462,0.759,112.3,1,giancarlo stanton,Giancarlo Stanton,NYY,RF/RF,29000000.0,19000000.0,29000000.0,both,0.311545917131088,0.39485516777291774,112.3,0.0686,0.1106,0.3031,0.709,1.069,2.6897,0.0262,935484.0,Veteran (30-34)
Jonah Heim,641680,/api/v1/people/641680,2022,27,TEX,AL,C,127,450,406,51,92,20,1,16,48,2,41,87,1,2,0.227,0.298,0.399,0.697,96.7,1,jonah heim,Jonah Heim,TEX,C,714000.0,714000.0,714000.0,both,0.311545917131088,0.39485516777291774,96.7,0.0356,0.0911,0.1933,0.378,22.409,67.2269,0.9762,44625.0,Prime (25-29)
Max Kepler,596146,/api/v1/people/596146,2022,29,MIN,AL,RF,115,446,388,54,88,18,1,9,43,3,49,66,5,4,0.227,0.318,0.348,0.666,90.2,1,max kepler,Max Kepler,MIN,RF,6750000.0,6750000.0,6750000.0,both,0.311545917131088,0.39485516777291774,90.2,0.0202,0.1099,0.148,0.374,1.3333,6.3704,0.0987,750000.0,Prime (25-29)
Seiya Suzuki,673548,/api/v1/people/673548,2022,27,CHC,NL,RF,111,446,397,54,104,22,2,14,46,9,42,110,4,3,0.262,0.336,0.433,0.769,117.5,1,seiya suzuki,Seiya Suzuki,CHC,RF,7000000.0,12000000.0,8000000.0,both,0.311545917131088,0.39485516777291774,117.5,0.0314,0.0942,0.2466,0.414,2.0,6.5714,0.1099,500000.0,Prime (25-29)
Jorge Polanco,593871,/api/v1/people/593871,2022,28,MIN,AL,2B,104,445,375,54,88,16,0,16,56,3,64,95,2,4,0.235,0.346,0.405,0.751,113.6,1,jorge polanco,Jorge Polanco,MIN,2B,5500000.0,5500000.0,5500000.0,both,0.311545917131088,0.39485516777291774,113.6,0.036,0.1438,0.2135,0.538,2.9091,10.1818,0.1365,343750.0,Prime (25-29)
Ramón Urías,602104,/api/v1/people/602104,2022,28,BAL,AL,3B,118,445,403,50,100,17,1,16,51,1,30,98,5,4,0.248,0.305,0.414,0.719,102.7,1,ramon urias,Ramon Urias,BAL,3B,705500.0,705500.0,705500.0,both,0.311545917131088,0.39485516777291774,102.7,0.036,0.0674,0.2202,0.432,22.679,72.2892,1.0191,44094.0,Prime (25-29)
Harold Castro,605612,/api/v1/people/605612,2022,28,DET,AL,1B,120,443,420,37,114,21,2,7,47,0,17,79,1,2,0.271,0.3,0.381,0.681,92.8,1,harold castro,Harold Castro,DET,3B,1275000.0,1275000.0,1275000.0,both,0.311545917131088,0.39485516777291774,92.8,0.0158,0.0384,0.1783,0.392,5.4902,36.8627,0.5341,182143.0,Prime (25-29)
Nick Gordon,624503,/api/v1/people/624503,2022,26,MIN,AL,LF,138,443,405,45,110,28,4,9,50,6,19,105,10,6,0.272,0.316,0.427,0.743,109.6,1,nick gordon,Nick Gordon,MIN,SS,706800.0,706800.0,706800.0,both,0.311545917131088,0.39485516777291774,109.6,0.0203,0.0429,0.237,0.362,12.7334,70.7414,1.0512,78533.0,Prime (25-29)
Michael Harris II,671739,/api/v1/people/671739,2022,21,ATL,NL,CF,114,441,414,75,123,27,3,19,64,20,21,107,5,0,0.297,0.339,0.514,0.853,139.0,1,michael harris,Michael Harris II,ATL,CF,700000.0,499980.0,700000.0,both,0.311545917131088,0.39485516777291774,139.0,0.0431,0.0476,0.2426,0.561,27.1429,91.4286,1.2186,36842.0,U25
Harold Ramírez,623912,/api/v1/people/623912,2022,27,TB,AL,DH,120,435,403,46,121,24,0,6,58,3,19,72,9,4,0.3,0.343,0.404,0.747,112.4,1,harold ramirez,Harold Ramirez,TB,RF,728000.0,728000.0,728000.0,both,0.311545917131088,0.39485516777291774,112.4,0.0138,0.0437,0.1655,0.483,8.2418,79.6703,1.0261,121333.0,Prime (25-29)
Miguel Cabrera,408234,/api/v1/people/408234,2022,39,DET,AL,DH,112,433,397,25,101,10,0,5,43,1,28,101,3,5,0.254,0.305,0.317,0.622,78.2,1,miguel cabrera,Miguel Cabrera,DET,DH,32000000.0,32000000.0,32000000.0,both,0.311545917131088,0.39485516777291774,78.2,0.0115,0.0647,0.2333,0.384,0.1562,1.3438,0.0194,6400000.0,Late (35+)
Yoán Moncada,660162,/api/v1/people/660162,2022,27,CWS,AL,3B,104,433,397,41,84,18,1,12,51,2,32,114,2,1,0.212,0.273,0.353,0.626,77.0,1,yoan moncada,Yoan Moncada,CHW,3B,13000000.0,14000000.0,13800000.0,both,0.311545917131088,0.39485516777291774,77.0,0.0277,0.0739,0.2633,0.49,0.9231,3.9231,0.0482,1083333.0,Prime (25-29)
Joc Pederson,592626,/api/v1/people/592626,2022,30,SF,NL,LF,134,433,380,57,104,19,3,23,70,3,42,100,7,4,0.274,0.353,0.521,0.874,145.3,1,joc pederson,Joc Pederson,SF,LF,6000000.0,6000000.0,6000000.0,both,0.311545917131088,0.39485516777291774,145.3,0.0531,0.097,0.2309,0.522,3.8333,11.6667,0.1457,260870.0,Veteran (30-34)
Keibert Ruiz,660688,/api/v1/people/660688,2022,23,WSH,NL,C,112,433,394,33,99,22,0,7,36,6,30,50,6,2,0.251,0.313,0.36,0.673,91.6,1,keibert ruiz,Keibert Ruiz,WSH,C,701300.0,701300.0,701300.0,both,0.311545917131088,0.39485516777291774,91.6,0.0162,0.0693,0.1155,0.321,9.9815,51.3332,0.9596,100186.0,U25
Raimel Tapia,606132,/api/v1/people/606132,2022,28,TOR,AL,LF,128,433,411,47,109,20,3,7,52,8,16,81,0,1,0.265,0.292,0.38,0.672,90.0,1,raimel tapia,Raimel Tapia,TOR,RF,3950000.0,3950000.0,3950000.0,both,0.311545917131088,0.39485516777291774,90.0,0.0162,0.037,0.1871,0.406,1.7722,13.1646,0.1701,564286.0,Prime (25-29)
Jonathan India,663697,/api/v1/people/663697,2022,25,CIN,NL,2B,103,431,386,48,96,16,2,10,41,3,31,94,14,0,0.249,0.327,0.378,0.705,100.7,1,jonathan india,Jonathan India,CIN,2B,760000.0,760000.0,760000.0,both,0.311545917131088,0.39485516777291774,100.7,0.0232,0.0719,0.2181,0.398,13.1579,53.9474,0.9276,76000.0,Prime (25-29)
Michael Chavis,656308,/api/v1/people/656308,2022,26,PIT,NL,1B,129,426,401,39,92,16,3,14,49,1,19,126,2,4,0.229,0.265,0.389,0.654,83.6,1,michael chavis,Michael Chavis,PIT,1B,725000.0,689232.0,725000.0,both,0.311545917131088,0.39485516777291774,83.6,0.0329,0.0446,0.2958,0.38,19.3103,67.5862,0.9021,51786.0,Prime (25-29)
Bryce Harper,547180,/api/v1/people/547180,2022,29,PHI,NL,DH,99,426,370,63,106,28,1,18,65,11,46,87,3,7,0.286,0.364,0.514,0.878,147.0,1,bryce harper,Bryce Harper,PHI,DH,26000000.0,26100000.0,27638462.0,both,0.311545917131088,0.39485516777291774,147.0,0.0423,0.108,0.2042,0.657,0.6923,2.5,0.0338,1444444.0,Prime (25-29)
Christian Vázquez,543877,/api/v1/people/543877,2022,31,HOU,AL,C,119,426,398,41,109,23,0,9,52,1,22,69,3,3,0.274,0.315,0.399,0.714,102.2,2,christian vazquez,Christian Vazquez,HOU,C,7000000.0,2461568.0,7000000.0,both,0.311545917131088,0.39485516777291774,102.2,0.0211,0.0516,0.162,0.437,1.2857,7.4286,0.102,777778.0,Veteran (30-34)
Travis d'Arnaud,518595,/api/v1/people/518595,2022,33,ATL,NL,C,107,426,396,61,106,25,1,18,60,0,19,90,11,0,0.268,0.319,0.472,0.791,121.9,1,travis darnaud,Travis d'Arnaud,ATL,C,8000000.0,8000000.0,8000000.0,both,0.311545917131088,0.39485516777291774,121.9,0.0423,0.0446,0.2113,0.561,2.25,7.5,0.0989,444444.0,Veteran (30-34)
Josh Harrison,543281,/api/v1/people/543281,2022,34,CWS,AL,2B,119,425,386,50,99,19,2,7,27,2,21,71,14,2,0.256,0.317,0.37,0.687,95.5,1,josh harrison,Josh Harrison,CHW,2B,4000000.0,4000000.0,4000000.0,both,0.311545917131088,0.39485516777291774,95.5,0.0165,0.0494,0.1671,0.227,1.75,6.75,0.1718,571429.0,Veteran (30-34)
Christopher Morel,666624,/api/v1/people/666624,2022,23,CHC,NL,CF,113,425,379,55,89,19,4,16,47,10,38,137,3,2,0.235,0.308,0.433,0.741,108.5,1,christopher morel,Christopher Morel,CHC,CF,700000.0,542286.0,700000.0,both,0.311545917131088,0.39485516777291774,108.5,0.0376,0.0894,0.3224,0.416,22.8571,67.1429,1.0586,43750.0,U25
Kole Calhoun,594777,/api/v1/people/594777,2022,34,TEX,AL,RF,125,424,388,36,76,14,1,12,49,3,27,136,6,3,0.196,0.257,0.33,0.587,66.1,1,kole calhoun,Kole Calhoun,TEX,LF,5200000.0,5200000.0,5200000.0,both,0.311545917131088,0.39485516777291774,66.1,0.0283,0.0637,0.3208,0.392,2.3077,9.4231,0.1129,433333.0,Veteran (30-34)
Ben Gamel,592325,/api/v1/people/592325,2022,30,PIT,NL,LF,115,423,371,42,86,20,2,9,46,5,48,98,3,1,0.232,0.324,0.369,0.693,97.4,1,ben gamel,Ben Gamel,PIT,LF,1800000.0,1800000.0,1800000.0,both,0.311545917131088,0.39485516777291774,97.4,0.0213,0.1135,0.2317,0.4,5.0,25.5556,0.385,200000.0,Veteran (30-34)
Nick Senzel,669222,/api/v1/people/669222,2022,27,CIN,NL,CF,110,420,373,45,86,13,0,5,25,8,30,76,5,1,0.231,0.296,0.306,0.602,72.5,1,nick senzel,Nick Senzel,CIN,CF,1250000.0,1250000.0,1250000.0,both,0.311545917131088,0.39485516777291774,72.5,0.0119,0.0714,0.181,0.227,4.0,20.0,0.4816,250000.0,Prime (25-29)
Ji Man Choi,596847,/api/v1/people/596847,2022,31,TB,AL,1B,113,419,356,36,83,22,0,11,52,0,58,123,2,3,0.233,0.341,0.388,0.729,107.7,1,jiman choi,Ji-Man Choi,TB,1B,3200000.0,3200000.0,3200000.0,both,0.311545917131088,0.39485516777291774,107.7,0.0263,0.1384,0.2936,0.46,3.4375,16.25,0.2278,290909.0,Veteran (30-34)
Eric Hosmer,543333,/api/v1/people/543333,2022,32,BOS,AL,1B,104,419,380,38,102,19,0,8,44,0,37,64,1,1,0.268,0.334,0.382,0.716,104.0,2,eric hosmer,Eric Hosmer,BOS,1B,20000000.0,246153.0,20000000.0,both,0.311545917131088,0.39485516777291774,104.0,0.0191,0.0883,0.1527,0.423,0.4,2.2,0.0358,2500000.0,Veteran (30-34)
Riley Greene,682985,/api/v1/people/682985,2022,21,DET,AL,CF,93,418,376,46,95,18,4,5,42,1,36,120,3,3,0.253,0.321,0.362,0.683,94.7,1,riley greene,Riley Greene,DET,CF,700000.0,419214.0,700000.0,both,0.311545917131088,0.39485516777291774,94.7,0.012,0.0861,0.2871,0.452,7.1429,60.0,0.9757,140000.0,U25
Cal Raleigh,663728,/api/v1/people/663728,2022,25,SEA,AL,C,119,415,370,46,78,20,1,27,63,1,38,122,2,5,0.211,0.284,0.489,0.773,115.0,1,cal raleigh,Cal Raleigh,SEA,C,702900.0,683574.0,702900.0,both,0.311545917131088,0.39485516777291774,115.0,0.0651,0.0916,0.294,0.529,38.4123,89.6287,1.0997,26033.0,Prime (25-29)
Alek Thomas,677950,/api/v1/people/677950,2022,22,AZ,NL,CF,113,411,381,45,88,17,1,8,39,4,22,74,3,5,0.231,0.275,0.344,0.619,75.4,1,alek thomas,Alek Thomas,ARI,CF,700000.0,542286.0,700000.0,both,0.311545917131088,0.39485516777291774,75.4,0.0195,0.0535,0.18,0.345,11.4286,55.7143,0.8843,87500.0,U25
Joey Gallo,608336,/api/v1/people/608336,2022,28,LAD,NL,LF,126,410,350,48,56,8,2,19,47,3,56,163,3,1,0.16,0.28,0.357,0.637,80.3,2,joey gallo,Joey Gallo,LAD,LF,10275000.0,3613184.0,10275000.0,both,0.311545917131088,0.39485516777291774,80.3,0.0463,0.1366,0.3976,0.373,1.8491,4.5742,0.062,540789.0,Prime (25-29)
Gavin Sheets,657757,/api/v1/people/657757,2022,26,CWS,AL,RF,124,410,377,34,91,19,0,15,53,0,27,86,3,3,0.241,0.295,0.411,0.706,98.8,1,gavin sheets,Gavin Sheets,CHW,RF,706000.0,671067.0,706000.0,both,0.311545917131088,0.39485516777291774,98.8,0.0366,0.0659,0.2098,0.427,21.2465,75.0708,1.0,47067.0,Prime (25-29)
Yonathan Daza,602074,/api/v1/people/602074,2022,28,COL,NL,CF,113,408,372,56,112,21,2,2,34,0,26,58,4,5,0.301,0.349,0.384,0.733,109.3,1,yonathan daza,Yonathan Daza,COL,CF,705000.0,705000.0,705000.0,both,0.311545917131088,0.39485516777291774,109.3,0.0049,0.0637,0.1422,0.301,2.8369,48.227,1.0397,352500.0,Prime (25-29)
Chas McCormick,676801,/api/v1/people/676801,2022,27,HOU,AL,LF,119,407,359,47,88,12,2,14,44,4,46,106,1,1,0.245,0.332,0.407,0.739,109.6,1,chas mccormick,Chas McCormick,HOU,CF,703800.0,696060.0,703800.0,both,0.311545917131088,0.39485516777291774,109.6,0.0344,0.113,0.2604,0.37,19.892,62.5178,1.05,50271.0,Prime (25-29)
Victor Robles,645302,/api/v1/people/645302,2022,25,WSH,NL,CF,132,407,366,42,82,10,2,6,33,15,17,104,9,4,0.224,0.273,0.311,0.584,66.4,1,victor robles,Victor Robles,WSH,CF,1650000.0,1650000.0,1650000.0,both,0.311545917131088,0.39485516777291774,66.4,0.0147,0.0418,0.2555,0.25,3.6364,20.0,0.3539,275000.0,Prime (25-29)
Tyrone Taylor,621438,/api/v1/people/621438,2022,28,MIL,NL,CF,120,405,373,49,87,21,3,17,51,3,22,102,7,3,0.233,0.286,0.442,0.728,103.7,1,tyrone taylor,Tyrone Taylor,MIL,CF,711100.0,711100.0,711100.0,both,0.311545917131088,0.39485516777291774,103.7,0.042,0.0543,0.2519,0.425,23.9066,71.7199,1.0238,41829.0,Prime (25-29)
Jon Berti,542932,/api/v1/people/542932,2022,32,MIA,NL,2B,102,404,358,47,86,17,3,4,28,41,42,89,3,1,0.24,0.324,0.338,0.662,89.6,1,jon berti,Jon Berti,MIA,3B,1200000.0,1200000.0,1200000.0,both,0.311545917131088,0.39485516777291774,89.6,0.0099,0.104,0.2203,0.275,3.3333,23.3333,0.5517,300000.0,Veteran (30-34)
Spencer Torkelson,679529,/api/v1/people/679529,2022,22,DET,AL,1B,110,404,360,38,73,16,1,8,28,0,37,99,5,2,0.203,0.285,0.319,0.604,72.3,1,spencer torkelson,Spencer Torkelson,DET,1B,700000.0,523056.0,700000.0,both,0.311545917131088,0.39485516777291774,72.3,0.0198,0.0916,0.245,0.255,11.4286,40.0,0.8629,87500.0,U25
Enrique Hernández,571771,/api/v1/people/571771,2022,30,BOS,AL,CF,93,402,361,48,80,24,0,6,45,0,34,71,3,4,0.222,0.291,0.338,0.629,79.0,1,enrique hernandez,Enrique Hernandez,BOS,CF,8000000.0,7000000.0,8000000.0,both,0.311545917131088,0.39485516777291774,79.0,0.0149,0.0846,0.1766,0.484,0.75,5.625,0.0786,1333333.0,Veteran (30-34)
Luis Robert Jr.,673357,/api/v1/people/673357,2022,24,CWS,AL,CF,98,401,380,54,108,18,0,12,56,11,17,77,3,1,0.284,0.319,0.426,0.745,110.3,1,luis robert,Luis Robert Jr.,CHW,CF,6000000.0,6272563.0,6000000.0,both,0.311545917131088,0.39485516777291774,110.3,0.0299,0.0424,0.192,0.571,2.0,9.3333,0.1242,500000.0,U25
Austin Nola,543592,/api/v1/people/543592,2022,32,SD,NL,C,110,397,347,40,87,15,0,4,40,2,34,60,6,9,0.251,0.321,0.329,0.65,86.4,1,austin nola,Austin Nola,SD,C,726900.0,726900.0,726900.0,both,0.311545917131088,0.39485516777291774,86.4,0.0101,0.0856,0.1511,0.364,5.5028,55.0282,0.8942,181725.0,Veteran (30-34)
Trevor Story,596115,/api/v1/people/596115,2022,29,BOS,AL,2B,94,396,357,53,85,22,0,16,66,13,32,122,3,4,0.238,0.303,0.434,0.737,107.2,1,trevor story,Trevor Story,BOS,2B,20000000.0,20000000.0,20000000.0,both,0.311545917131088,0.39485516777291774,107.2,0.0404,0.0808,0.3081,0.702,0.8,3.3,0.0368,1250000.0,Prime (25-29)
Willi Castro,650489,/api/v1/people/650489,2022,25,DET,AL,RF,112,392,365,47,88,18,2,8,31,9,15,82,8,3,0.241,0.284,0.367,0.651,84.1,1,willi castro,Willi Castro,DET,SS,700000.0,661512.0,700000.0,both,0.311545917131088,0.39485516777291774,84.1,0.0204,0.0383,0.2092,0.277,11.4286,44.2857,0.93,87500.0,Prime (25-29)
Maikel Franco,596748,/api/v1/people/596748,2022,29,WSH,NL,3B,103,388,371,31,85,15,0,9,39,1,12,75,2,3,0.229,0.255,0.342,0.597,68.5,1,maikel franco,,,,,,,left_only,0.311545917131088,0.39485516777291774,68.5,0.0232,0.0309,0.1933,0.379,,,,,Prime (25-29)
Darin Ruf,573131,/api/v1/people/573131,2022,35,NYM,NL,DH,119,388,334,52,68,12,0,11,45,2,45,105,6,3,0.204,0.307,0.338,0.645,84.1,2,darin ruf,Darin Ruf,NYM,DH,3000000.0,1054976.0,3000000.0,both,0.311545917131088,0.39485516777291774,84.1,0.0284,0.116,0.2706,0.378,3.6667,15.0,0.215,272727.0,Late (35+)
Jean Segura,516416,/api/v1/people/516416,2022,32,PHI,NL,2B,98,387,354,45,98,9,0,10,33,13,25,58,7,1,0.277,0.336,0.387,0.723,105.9,1,jean segura,Jean Segura,PHI,2B,14250000.0,14250000.0,14850000.0,both,0.311545917131088,0.39485516777291774,105.9,0.0258,0.0646,0.1499,0.337,0.7018,2.3158,0.0507,1425000.0,Veteran (30-34)
Jacob Stallings,607732,/api/v1/people/607732,2022,32,MIA,NL,C,114,384,346,25,77,12,0,4,34,0,29,83,6,2,0.223,0.292,0.292,0.584,67.7,1,jacob stallings,Jacob Stallings,MIA,C,2450000.0,2450000.0,2450000.0,both,0.311545917131088,0.39485516777291774,67.7,0.0104,0.0755,0.2161,0.298,1.6327,13.8776,0.2384,612500.0,Veteran (30-34)
Brian Anderson,605119,/api/v1/people/605119,2022,29,MIA,NL,3B,98,383,338,43,75,16,1,8,28,1,37,101,7,1,0.222,0.311,0.346,0.657,87.5,1,brian anderson,Brian Anderson,MIA,3B,4475000.0,4475000.0,4475000.0,both,0.311545917131088,0.39485516777291774,87.5,0.0209,0.0966,0.2637,0.286,1.7877,6.257,0.1468,559375.0,Prime (25-29)
Ramón Laureano,657656,/api/v1/people/657656,2022,27,OAK,AL,RF,94,383,346,49,73,18,0,13,34,11,25,104,12,0,0.211,0.287,0.376,0.663,87.3,1,ramon laureano,Ramon Laureano,OAK,RF,2450000.0,2046154.0,2450000.0,both,0.311545917131088,0.39485516777291774,87.3,0.0339,0.0653,0.2715,0.362,5.3061,13.8776,0.2706,188462.0,Prime (25-29)
Tyler O'Neill,641933,/api/v1/people/641933,2022,27,STL,NL,LF,96,383,334,56,76,11,1,14,58,14,38,103,4,7,0.228,0.308,0.392,0.7,98.1,1,tyler oneill,Tyler O'Neill,STL,LF,3400000.0,3400000.0,3400000.0,both,0.311545917131088,0.39485516777291774,98.1,0.0366,0.0992,0.2689,0.604,4.1176,17.0588,0.2059,242857.0,Prime (25-29)
Byron Buxton,621439,/api/v1/people/621439,2022,28,MIN,AL,CF,92,382,340,61,76,13,3,28,51,6,34,116,7,1,0.224,0.306,0.526,0.832,131.4,1,byron buxton,Byron Buxton,MIN,CF,9000000.0,10000000.0,9142857.0,both,0.311545917131088,0.39485516777291774,131.4,0.0733,0.089,0.3037,0.554,3.1111,5.6667,0.0924,321429.0,Prime (25-29)
Oscar Gonzalez,660757,/api/v1/people/660757,2022,24,CLE,AL,RF,91,382,362,39,107,27,0,11,43,1,15,75,3,2,0.296,0.327,0.461,0.788,121.7,1,oscar gonzalez,Oscar Gonzalez,CLE,RF,700000.0,507672.0,700000.0,both,0.311545917131088,0.39485516777291774,121.7,0.0288,0.0393,0.1963,0.473,15.7143,61.4286,1.1257,63636.0,U25
Elias Díaz,553869,/api/v1/people/553869,2022,31,COL,NL,C,105,381,351,29,80,18,2,9,51,0,25,82,2,3,0.228,0.281,0.368,0.649,83.4,1,elias diaz,Elias Diaz,COL,C,3000000.0,3000000.0,3000000.0,both,0.311545917131088,0.39485516777291774,83.4,0.0236,0.0656,0.2152,0.486,3.0,17.0,0.2163,333333.0,Veteran (30-34)
Isaac Paredes,670623,/api/v1/people/670623,2022,23,TB,AL,3B,111,381,331,48,68,16,0,20,45,0,44,67,4,2,0.205,0.304,0.435,0.739,107.7,1,isaac paredes,Isaac Paredes,TB,3B,700000.0,576900.0,700000.0,both,0.311545917131088,0.39485516777291774,107.7,0.0525,0.1155,0.1759,0.405,28.5714,64.2857,1.0557,35000.0,U25
Avisaíl García,541645,/api/v1/people/541645,2022,31,MIA,NL,RF,98,380,357,31,80,9,0,8,35,4,17,109,4,2,0.224,0.266,0.317,0.583,65.7,1,avisail garcia,Avisaíl García,MIA,RF,12000000.0,12000000.0,12000000.0,both,0.311545917131088,0.39485516777291774,65.7,0.0211,0.0447,0.2868,0.357,0.6667,2.9167,0.0486,1500000.0,Veteran (30-34)
Martín Maldonado,455117,/api/v1/people/455117,2022,35,HOU,AL,C,113,379,344,40,64,12,0,15,45,0,22,116,7,2,0.186,0.248,0.352,0.6,68.7,1,martin maldonado,Martin Maldonado,HOU,C,5000000.0,5000000.0,5000000.0,both,0.311545917131088,0.39485516777291774,68.7,0.0396,0.058,0.3061,0.398,3.0,9.0,0.12,333333.0,Late (35+)
Chad Pinder,640461,/api/v1/people/640461,2022,30,OAK,AL,LF,111,379,361,38,85,18,0,12,42,2,14,118,0,2,0.235,0.263,0.385,0.648,81.9,1,chad pinder,Chad Pinder,OAK,LF,2725000.0,2725000.0,2725000.0,both,0.311545917131088,0.39485516777291774,81.9,0.0317,0.0369,0.3113,0.378,4.4037,15.4128,0.2378,227083.0,Veteran (30-34)
Luis García Jr.,671277,/api/v1/people/671277,2022,22,WSH,NL,SS,93,377,360,29,99,23,2,7,45,3,11,84,1,4,0.275,0.295,0.408,0.703,98.0,1,luis garcia,Luis Garcia,SD,RP,3000000.0,3000000.0,3250000.0,both,0.311545917131088,0.39485516777291774,98.0,0.0186,0.0292,0.2228,0.484,2.3333,15.0,0.2343,428571.0,U25
William Contreras,661388,/api/v1/people/661388,2022,24,ATL,NL,C,97,376,334,51,93,14,1,20,45,2,39,104,1,2,0.278,0.354,0.506,0.86,141.8,1,william contreras,William Contreras,ATL,C,710000.0,667071.0,710000.0,both,0.311545917131088,0.39485516777291774,141.8,0.0532,0.1037,0.2766,0.464,28.169,63.3803,1.2113,35500.0,U25
Yasmani Grandal,518735,/api/v1/people/518735,2022,33,CWS,AL,C,99,376,327,15,66,7,0,5,27,1,45,79,2,2,0.202,0.301,0.269,0.57,64.7,1,yasmani grandal,Yasmani Grandal,CHW,C,18250000.0,18250000.0,18250000.0,both,0.311545917131088,0.39485516777291774,64.7,0.0133,0.1197,0.2101,0.273,0.274,1.4795,0.0312,3650000.0,Veteran (30-34)
Joey Votto,458015,/api/v1/people/458015,2022,38,CIN,NL,1B,91,376,322,31,66,18,1,11,41,0,44,97,10,0,0.205,0.319,0.37,0.689,96.1,1,joey votto,Joey Votto,CIN,1B,25000000.0,25000000.0,25000000.0,both,0.311545917131088,0.39485516777291774,96.1,0.0293,0.117,0.258,0.451,0.44,1.64,0.0276,2272727.0,Late (35+)
Max Stassi,545358,/api/v1/people/545358,2022,31,LAA,AL,C,102,375,333,32,60,12,1,9,30,0,38,112,2,1,0.18,0.267,0.303,0.57,62.4,1,max stassi,Max Stassi,LAA,C,3000000.0,3000000.0,3000000.0,both,0.311545917131088,0.39485516777291774,62.4,0.024,0.1013,0.2987,0.294,3.0,10.0,0.19,333333.0,Veteran (30-34)
Jack Suwinski,669261,/api/v1/people/669261,2022,23,PIT,NL,LF,106,372,326,45,66,11,0,19,38,4,41,114,4,1,0.202,0.298,0.411,0.709,99.7,1,jack suwinski,Jack Suwinski,PIT,LF,700000.0,449982.0,700000.0,both,0.311545917131088,0.39485516777291774,99.7,0.0511,0.1102,0.3065,0.358,27.1429,54.2857,1.0129,36842.0,U25
Rafael Ortega,542364,/api/v1/people/542364,2022,31,CHC,NL,CF,118,371,316,35,76,14,1,7,35,12,44,74,2,7,0.241,0.331,0.358,0.689,96.9,1,rafael ortega,Rafael Ortega,CHC,DH,738500.0,738500.0,738500.0,both,0.311545917131088,0.39485516777291774,96.9,0.0189,0.1186,0.1995,0.297,9.4787,47.3934,0.933,105500.0,Veteran (30-34)
Joey Wendle,621563,/api/v1/people/621563,2022,32,MIA,NL,3B,101,371,347,27,90,24,1,3,32,12,15,50,5,3,0.259,0.297,0.36,0.657,86.5,1,joey wendle,Joey Wendle,MIA,3B,4550000.0,4550000.0,4550000.0,both,0.311545917131088,0.39485516777291774,86.5,0.0081,0.0404,0.1348,0.317,0.6593,7.033,0.1444,1516667.0,Veteran (30-34)
Jackie Bradley Jr.,598265,/api/v1/people/598265,2022,32,TOR,AL,CF,132,370,344,30,70,23,1,4,38,2,24,77,0,0,0.203,0.255,0.311,0.566,60.6,2,jackie bradley,Jackie Bradley Jr.,TOR,CF,700000.0,219222.0,700000.0,both,0.311545917131088,0.39485516777291774,60.6,0.0108,0.0649,0.2081,0.288,5.7143,54.2857,0.8086,175000.0,Veteran (30-34)
J.D. Davis,605204,/api/v1/people/605204,2022,29,SF,NL,3B,115,365,318,46,79,16,1,12,35,1,39,122,6,2,0.248,0.34,0.418,0.758,115.0,2,jd davis,J.D. Davis,SF,3B,2760000.0,970560.0,2760000.0,both,0.311545917131088,0.39485516777291774,115.0,0.0329,0.1068,0.3342,0.304,4.3478,12.6812,0.2746,230000.0,Prime (25-29)
Manuel Margot,622534,/api/v1/people/622534,2022,27,TB,AL,RF,89,363,336,36,92,18,2,4,47,7,24,68,2,1,0.274,0.325,0.375,0.7,99.3,1,manuel margot,Manuel Margot,TB,RF,5600000.0,5600000.0,5600000.0,both,0.311545917131088,0.39485516777291774,99.3,0.011,0.0661,0.1873,0.528,0.7143,8.3929,0.125,1400000.0,Prime (25-29)
Oneil Cruz,665833,/api/v1/people/665833,2022,23,PIT,NL,SS,87,361,331,45,77,13,4,17,54,10,28,126,1,1,0.233,0.294,0.45,0.744,108.3,1,oneil cruz,Oneil Cruz,PIT,SS,700000.0,411522.0,700000.0,both,0.311545917131088,0.39485516777291774,108.3,0.0471,0.0776,0.349,0.621,24.2857,77.1429,1.0629,41176.0,U25
Emmanuel Rivera,656896,/api/v1/people/656896,2022,26,AZ,NL,3B,102,359,330,46,77,16,3,12,40,1,23,83,5,1,0.233,0.292,0.409,0.701,97.3,2,emmanuel rivera,Emmanuel Rivera,ARI,3B,700000.0,246144.0,700000.0,both,0.311545917131088,0.39485516777291774,97.3,0.0334,0.0641,0.2312,0.392,17.1429,57.1429,1.0014,58333.0,Prime (25-29)
Matt Vierling,663837,/api/v1/people/663837,2022,25,PHI,NL,CF,117,357,325,41,80,12,2,6,32,7,23,70,3,6,0.246,0.297,0.351,0.648,84.2,1,matt vierling,Matt Vierling,PHI,OF,704000.0,586666.0,704000.0,both,0.311545917131088,0.39485516777291774,84.2,0.0168,0.0644,0.1961,0.274,8.5227,45.4545,0.9205,117333.0,Prime (25-29)
Bryan De La Cruz,650559,/api/v1/people/650559,2022,25,MIA,NL,RF,115,355,329,38,83,20,0,13,43,4,19,90,2,4,0.252,0.294,0.432,0.726,103.8,1,bryan de la cruz,Bryan De La Cruz,MIA,CF,706000.0,643914.0,706000.0,both,0.311545917131088,0.39485516777291774,103.8,0.0366,0.0535,0.2535,0.374,18.4136,60.9065,1.0283,54308.0,Prime (25-29)
Carson Kelly,608348,/api/v1/people/608348,2022,27,AZ,NL,C,104,354,317,40,67,18,0,7,35,2,29,71,4,4,0.211,0.282,0.334,0.616,75.1,1,carson kelly,Carson Kelly,ARI,C,3325000.0,3325000.0,3325000.0,both,0.311545917131088,0.39485516777291774,75.1,0.0198,0.0819,0.2006,0.337,2.1053,10.5263,0.1853,475000.0,Prime (25-29)
Jake McCarthy,664983,/api/v1/people/664983,2022,24,AZ,NL,RF,99,354,321,53,91,16,3,8,43,23,23,76,6,1,0.283,0.342,0.427,0.769,117.9,1,jake mccarthy,Jake McCarthy,ARI,OF,702400.0,528683.0,702400.0,both,0.311545917131088,0.39485516777291774,117.9,0.0226,0.065,0.2147,0.434,11.3895,61.2187,1.0948,87800.0,U25
Bobby Dalbec,666915,/api/v1/people/666915,2022,27,BOS,AL,1B,117,353,317,40,68,9,2,12,39,3,29,118,3,4,0.215,0.283,0.369,0.652,84.3,1,bobby dalbec,Bobby Dalbec,BOS,1B,714000.0,643372.0,714000.0,both,0.311545917131088,0.39485516777291774,84.3,0.034,0.0822,0.3343,0.333,16.8067,54.6218,0.9132,59500.0,Prime (25-29)
Jose Trevino,624431,/api/v1/people/624431,2022,29,NYY,AL,C,115,353,335,39,83,12,1,11,43,2,15,62,2,1,0.248,0.283,0.388,0.671,89.1,1,jose trevino,Jose Trevino,NYY,C,720000.0,720000.0,720000.0,both,0.311545917131088,0.39485516777291774,89.1,0.0312,0.0425,0.1756,0.374,15.2778,59.7222,0.9319,65455.0,Prime (25-29)
Abraham Toro,647351,/api/v1/people/647351,2022,25,SEA,AL,2B,109,352,324,36,60,13,1,10,35,2,22,65,2,4,0.185,0.239,0.324,0.563,58.8,1,abraham toro,Abraham Toro,SEA,3B,730300.0,638067.0,730300.0,both,0.311545917131088,0.39485516777291774,58.8,0.0284,0.0625,0.1847,0.321,13.693,47.9255,0.7709,73030.0,Prime (25-29)
Tim Anderson,641313,/api/v1/people/641313,2022,29,CWS,AL,SS,79,351,332,50,100,13,0,6,25,13,14,55,5,0,0.301,0.339,0.395,0.734,108.8,1,tim anderson,Tim Anderson,CHW,SS,9500000.0,9448925.0,9500000.0,both,0.311545917131088,0.39485516777291774,108.8,0.0171,0.0399,0.1567,0.316,0.6316,2.6316,0.0773,1583333.0,Prime (25-29)
Eric Haase,606992,/api/v1/people/606992,2022,29,DET,AL,C,110,351,323,41,82,17,1,14,44,0,24,97,1,3,0.254,0.305,0.443,0.748,110.1,1,eric haase,Eric Haase,DET,C,710400.0,710400.0,710400.0,both,0.311545917131088,0.39485516777291774,110.1,0.0399,0.0684,0.2764,0.4,19.7072,61.9369,1.0529,50743.0,Prime (25-29)
Albert Pujols,405395,/api/v1/people/405395,2022,42,STL,NL,DH,109,351,307,42,83,14,0,24,68,1,28,55,10,6,0.27,0.345,0.55,0.895,150.0,1,albert pujols,Albert Pujols,STL,DH/1B,2500000.0,2600000.0,2600000.0,both,0.311545917131088,0.39485516777291774,150.0,0.0684,0.0798,0.1567,0.624,9.6,27.2,0.358,104167.0,Late (35+)
Luis González,670768,/api/v1/people/670768,2022,26,SF,NL,RF,98,350,311,31,78,17,2,4,36,10,30,75,4,5,0.251,0.32,0.357,0.677,93.1,1,luis gonzalez,Luis Gonzalez,SF,RF,700000.0,584592.0,700000.0,both,0.311545917131088,0.39485516777291774,93.1,0.0114,0.0857,0.2143,0.367,5.7143,51.4286,0.9671,175000.0,Prime (25-29)
Andrew Velazquez,623205,/api/v1/people/623205,2022,27,LAA,AL,SS,125,349,322,37,63,8,0,9,28,17,15,119,3,3,0.196,0.236,0.304,0.54,52.7,1,andrew velazquez,Andrew Velazquez,LAA,SS,700000.0,680742.0,700000.0,both,0.311545917131088,0.39485516777291774,52.7,0.0258,0.043,0.341,0.224,12.8571,40.0,0.7714,77778.0,Prime (25-29)
Gilberto Celestino,665482,/api/v1/people/665482,2022,23,MIN,AL,CF,122,347,311,30,74,12,1,2,24,4,32,77,2,0,0.238,0.313,0.302,0.615,77.0,1,gilberto celestino,Gilberto Celestino,MIN,LF,702850.0,687436.0,702850.0,both,0.311545917131088,0.39485516777291774,77.0,0.0058,0.0922,0.2219,0.197,2.8456,34.1467,0.875,351425.0,U25
Lars Nootbaar,663457,/api/v1/people/663457,2022,24,STL,NL,RF,108,347,290,53,66,16,3,14,40,4,51,71,1,5,0.228,0.34,0.448,0.788,122.6,1,lars nootbaar,Lars Nootbaar,STL,OF,705200.0,538625.0,705200.0,both,0.311545917131088,0.39485516777291774,122.6,0.0403,0.147,0.2046,0.37,19.8525,56.7215,1.1174,50371.0,U25
Wander Franco,677551,/api/v1/people/677551,2022,21,TB,AL,SS,83,344,314,46,87,20,3,6,33,8,26,33,0,4,0.277,0.328,0.417,0.745,110.9,1,wander franco,Wander Franco,TB,SS,1000000.0,6000000.0,1454545.0,both,0.311545917131088,0.39485516777291774,110.9,0.0174,0.0756,0.0959,0.398,6.0,33.0,0.745,166667.0,U25
Jesús Sánchez,660821,/api/v1/people/660821,2022,24,MIA,NL,CF,98,343,313,38,67,14,3,13,36,1,26,92,3,1,0.214,0.28,0.403,0.683,91.9,1,jesus sanchez,Jesús Sánchez,MIA,CF,709000.0,490896.0,709000.0,both,0.311545917131088,0.39485516777291774,91.9,0.0379,0.0758,0.2682,0.367,18.3357,50.7757,0.9633,54538.0,U25
Leody Taveras,665750,/api/v1/people/665750,2022,23,TEX,AL,CF,99,341,314,39,82,14,2,5,34,11,21,88,2,3,0.261,0.309,0.366,0.675,91.9,1,leody taveras,Leody Taveras,TEX,CF,700000.0,438444.0,700000.0,both,0.311545917131088,0.39485516777291774,91.9,0.0147,0.0616,0.2581,0.343,7.1429,48.5714,0.9643,140000.0,U25
Austin Hedges,595978,/api/v1/people/595978,2022,29,CLE,AL,C,105,338,294,26,48,4,0,7,30,2,25,78,6,3,0.163,0.241,0.248,0.489,40.2,1,austin hedges,Austin Hedges,CLE,C,4000000.0,4000000.0,4000000.0,both,0.311545917131088,0.39485516777291774,40.2,0.0207,0.074,0.2308,0.286,1.75,7.5,0.1222,571429.0,Prime (25-29)
Victor Reyes,622682,/api/v1/people/622682,2022,27,DET,AL,RF,92,336,315,27,80,19,3,3,34,2,13,77,4,4,0.254,0.289,0.362,0.651,84.4,1,victor reyes,Víctor Reyes,DET,RF,1400000.0,1400000.0,1400000.0,both,0.311545917131088,0.39485516777291774,84.4,0.0089,0.0387,0.2292,0.37,2.1429,24.2857,0.465,466667.0,Prime (25-29)
Luis Guillorme,641645,/api/v1/people/641645,2022,27,NYM,NL,2B,102,335,297,33,81,12,1,2,17,1,34,46,2,0,0.273,0.351,0.34,0.691,98.8,1,luis guillorme,Luis Guillorme,NYM,2B,875000.0,875000.0,875000.0,both,0.311545917131088,0.39485516777291774,98.8,0.006,0.1015,0.1373,0.167,2.2857,19.4286,0.7897,437500.0,Prime (25-29)
Tyler Naquin,571980,/api/v1/people/571980,2022,31,NYM,NL,RF,105,334,310,47,71,19,4,11,46,4,19,93,4,0,0.229,0.282,0.423,0.705,97.6,2,tyler naquin,Tyler Naquin,NYM,DH,4025000.0,1503820.0,4025000.0,both,0.311545917131088,0.39485516777291774,97.6,0.0329,0.0569,0.2784,0.438,2.7329,11.4286,0.1752,365909.0,Veteran (30-34)
Christian Bethancourt,542194,/api/v1/people/542194,2022,30,TB,AL,C,101,333,318,39,80,17,0,11,34,5,12,80,2,0,0.252,0.283,0.409,0.692,94.4,2,christian bethancourt,Christian Bethancourt,TB,C,700000.0,700000.0,700000.0,both,0.311545917131088,0.39485516777291774,94.4,0.033,0.036,0.2402,0.337,15.7143,48.5714,0.9886,63636.0,Veteran (30-34)
Jace Peterson,607054,/api/v1/people/607054,2022,32,MIL,NL,3B,113,328,288,44,68,14,2,8,34,12,33,85,2,3,0.236,0.316,0.382,0.698,98.2,1,jace peterson,Jace Peterson,MIL,3B,1825000.0,1825000.0,1825000.0,both,0.311545917131088,0.39485516777291774,98.2,0.0244,0.1006,0.2591,0.301,4.3836,18.6301,0.3825,228125.0,Veteran (30-34)
Aledmys Díaz,649557,/api/v1/people/649557,2022,31,HOU,AL,LF,92,327,305,35,74,13,0,12,38,1,18,53,2,2,0.243,0.287,0.403,0.69,94.2,1,aledmys diaz,Aledmys Diaz,HOU,SS,4450000.0,4450000.0,4450000.0,both,0.311545917131088,0.39485516777291774,94.2,0.0367,0.055,0.1621,0.413,2.6966,8.5393,0.1551,370833.0,Veteran (30-34)
Yadiel Hernandez,628450,/api/v1/people/628450,2022,34,WSH,NL,LF,94,327,305,30,82,16,0,9,41,2,19,74,1,2,0.269,0.312,0.41,0.722,104.0,1,yadiel hernandez,Yadiel Hernandez,WSH,LF,714000.0,714000.0,714000.0,both,0.311545917131088,0.39485516777291774,104.0,0.0275,0.0581,0.2263,0.436,12.605,57.423,1.0112,79333.0,Veteran (30-34)
Eloy Jiménez,650391,/api/v1/people/650391,2022,25,CWS,AL,DH,84,327,292,40,86,12,0,16,54,0,28,72,3,4,0.295,0.358,0.5,0.858,141.5,1,eloy jimenez,Eloy Jimenez,CHW,DH/LF,6500000.0,6500000.0,7333333.0,both,0.311545917131088,0.39485516777291774,141.5,0.0489,0.0856,0.2202,0.643,2.4615,8.3077,0.132,406250.0,Prime (25-29)
Nick Allen,669397,/api/v1/people/669397,2022,23,OAK,AL,SS,100,326,299,31,62,13,0,4,19,3,19,64,1,1,0.207,0.256,0.291,0.547,55.9,1,nick allen,Nick Allen,OAK,SS,700000.0,480750.0,700000.0,both,0.311545917131088,0.39485516777291774,55.9,0.0123,0.0583,0.1963,0.19,5.7143,27.1429,0.7814,175000.0,U25
Jose Siri,642350,/api/v1/people/642350,2022,26,TB,AL,CF,104,325,301,53,64,13,2,7,24,14,20,108,3,1,0.213,0.268,0.339,0.607,71.9,2,jose siri,Jose Siri,TB,CF,704000.0,251420.0,704000.0,both,0.311545917131088,0.39485516777291774,71.9,0.0215,0.0615,0.3323,0.231,9.9432,34.0909,0.8622,100571.0,Prime (25-29)
Austin Slater,596103,/api/v1/people/596103,2022,29,SF,NL,CF,125,325,277,49,73,15,2,7,34,12,40,89,6,2,0.264,0.366,0.408,0.774,120.8,1,austin slater,Austin Slater,SF,CF,1850000.0,1850000.0,1850000.0,both,0.311545917131088,0.39485516777291774,120.8,0.0215,0.1231,0.2738,0.272,3.7838,18.3784,0.4184,264286.0,Prime (25-29)
Adam Duvall,594807,/api/v1/people/594807,2022,33,ATL,NL,CF,86,315,287,39,61,16,1,12,36,0,21,101,5,2,0.213,0.276,0.401,0.677,90.1,1,adam duvall,Adam Duvall,ATL,LF,9275000.0,9275000.0,9275000.0,both,0.311545917131088,0.39485516777291774,90.1,0.0381,0.0667,0.3206,0.419,1.2938,3.8814,0.073,772917.0,Veteran (30-34)
Leury García,544725,/api/v1/people/544725,2022,31,CWS,AL,2B,97,315,300,38,63,8,0,3,20,2,7,65,3,3,0.21,0.233,0.267,0.5,42.4,1,leury garcia,Leury García,CHW,2B,5500000.0,5500000.0,5500000.0,both,0.311545917131088,0.39485516777291774,42.4,0.0095,0.0222,0.2063,0.206,0.5455,3.6364,0.0909,1833333.0,Veteran (30-34)
Victor Caratini,605170,/api/v1/people/605170,2022,28,MIL,NL,C,96,314,272,26,54,12,0,9,34,0,31,67,9,1,0.199,0.3,0.342,0.642,82.9,1,victor caratini,Victor Caratini,MIL,C,2000000.0,2000000.0,2000000.0,both,0.311545917131088,0.39485516777291774,82.9,0.0287,0.0987,0.2134,0.354,4.5,17.0,0.321,222222.0,Prime (25-29)
Harrison Bader,664056,/api/v1/people/664056,2022,28,NYY,AL,CF,86,313,292,38,73,10,3,5,30,17,15,62,4,2,0.25,0.294,0.356,0.65,84.5,2,harrison bader,Harrison Bader,NYY,CF,4700000.0,1652736.0,4700000.0,both,0.311545917131088,0.39485516777291774,84.5,0.016,0.0479,0.1981,0.349,1.0638,6.383,0.1383,940000.0,Prime (25-29)
Nolan Gorman,669357,/api/v1/people/669357,2022,22,STL,NL,2B,89,313,283,44,64,13,0,14,35,1,28,103,2,0,0.226,0.3,0.42,0.72,102.7,1,nolan gorman,Nolan Gorman,STL,2B,700000.0,469212.0,700000.0,both,0.311545917131088,0.39485516777291774,102.7,0.0447,0.0895,0.3291,0.393,20.0,50.0,1.0286,50000.0,U25
Tomás Nido,621512,/api/v1/people/621512,2022,28,NYM,NL,C,98,313,284,31,68,15,0,3,28,0,14,76,1,2,0.239,0.276,0.324,0.6,70.6,1,tomas nido,Tomás Nido,NYM,C,890000.0,890000.0,890000.0,both,0.311545917131088,0.39485516777291774,70.6,0.0096,0.0447,0.2428,0.286,3.3708,31.4607,0.6742,296667.0,Prime (25-29)
Kevin Newman,621028,/api/v1/people/621028,2022,28,PIT,NL,2B,78,309,288,31,79,18,2,2,24,8,16,48,2,1,0.274,0.316,0.372,0.688,95.6,1,kevin newman,Kevin Newman,PIT,SS,1950000.0,1950000.0,1950000.0,both,0.311545917131088,0.39485516777291774,95.6,0.0065,0.0518,0.1553,0.308,1.0256,12.3077,0.3528,975000.0,Prime (25-29)
Tucker Barnhart,571466,/api/v1/people/571466,2022,31,DET,AL,C,94,308,281,16,62,10,0,1,16,0,25,74,1,0,0.221,0.287,0.267,0.554,59.7,1,tucker barnhart,Tucker Barnhart,DET,C,7750000.0,7750000.0,7750000.0,both,0.311545917131088,0.39485516777291774,59.7,0.0032,0.0812,0.2403,0.17,0.129,2.0645,0.0715,7750000.0,Veteran (30-34)
Jorge Soler,624585,/api/v1/people/624585,2022,30,MIA,NL,LF,72,306,270,32,56,13,0,13,34,0,31,90,3,1,0.207,0.295,0.4,0.695,96.0,1,jorge soler,Jorge Soler,MIA,LF,12000000.0,12000000.0,12000000.0,both,0.311545917131088,0.39485516777291774,96.0,0.0425,0.1013,0.2941,0.472,1.0833,2.8333,0.0579,923077.0,Veteran (30-34)
Donovan Solano,456781,/api/v1/people/456781,2022,34,CIN,NL,DH,80,304,278,22,79,16,0,4,24,0,19,61,5,2,0.284,0.339,0.385,0.724,106.3,1,donovan solano,Donovan Solano,CIN,2B,4500000.0,4500000.0,4500000.0,both,0.311545917131088,0.39485516777291774,106.3,0.0132,0.0625,0.2007,0.3,0.8889,5.3333,0.1609,1125000.0,Veteran (30-34)
Cavan Biggio,624415,/api/v1/people/624415,2022,27,TOR,AL,2B,97,303,257,43,52,18,1,6,24,2,38,85,6,1,0.202,0.318,0.35,0.668,90.7,1,cavan biggio,Cavan Biggio,TOR,2B,2122500.0,2122500.0,2122500.0,both,0.311545917131088,0.39485516777291774,90.7,0.0198,0.1254,0.2805,0.247,2.8269,11.3074,0.3147,353750.0,Prime (25-29)
CJ Abrams,682928,/api/v1/people/682928,2022,21,WSH,NL,SS,90,302,284,33,70,12,2,2,21,7,5,50,9,2,0.246,0.28,0.324,0.604,71.9,2,cj abrams,CJ Abrams,WSH,SS,700000.0,194636.0,700000.0,both,0.311545917131088,0.39485516777291774,71.9,0.0066,0.0166,0.1656,0.233,2.8571,30.0,0.8629,350000.0,U25
Christian Arroyo,624414,/api/v1/people/624414,2022,27,BOS,AL,2B,87,300,280,32,80,16,1,6,36,5,13,49,3,2,0.286,0.322,0.414,0.736,108.2,1,christian arroyo,Christian Arroyo,BOS,2B,1200000.0,1200000.0,1200000.0,both,0.311545917131088,0.39485516777291774,108.2,0.02,0.0433,0.1633,0.414,5.0,30.0,0.6133,200000.0,Prime (25-29)
Francisco Mejía,642336,/api/v1/people/642336,2022,26,TB,AL,C,93,299,289,32,70,22,0,6,31,0,7,65,2,1,0.242,0.264,0.381,0.645,81.2,1,francisco mejia,Francisco Mejia,TB,C,1455000.0,1455000.0,1455000.0,both,0.311545917131088,0.39485516777291774,81.2,0.0201,0.0234,0.2174,0.333,4.1237,21.3058,0.4433,242500.0,Prime (25-29)
Brandon Belt,474832,/api/v1/people/474832,2022,34,SF,NL,1B,78,298,254,25,54,9,1,8,23,1,37,81,6,1,0.213,0.326,0.35,0.676,93.3,1,brandon belt,Brandon Belt,SF,1B,18400000.0,18400000.0,18400000.0,both,0.311545917131088,0.39485516777291774,93.3,0.0268,0.1242,0.2718,0.295,0.4348,1.25,0.0367,2300000.0,Veteran (30-34)
Evan Longoria,446334,/api/v1/people/446334,2022,36,SF,NL,3B,89,298,266,31,65,13,0,14,42,0,27,83,2,3,0.244,0.315,0.451,0.766,115.3,1,evan longoria,Evan Longoria,SF,3B,19500000.0,14500000.0,19500000.0,both,0.311545917131088,0.39485516777291774,115.3,0.047,0.0906,0.2785,0.472,0.7179,2.1538,0.0393,1392857.0,Late (35+)
Vinnie Pasquantino,686469,/api/v1/people/686469,2022,24,KC,AL,1B,72,298,258,25,76,10,0,10,26,1,35,34,3,2,0.295,0.383,0.45,0.833,136.9,1,vinnie pasquantino,Vinnie Pasquantino,KC,1B,700000.0,384600.0,700000.0,both,0.311545917131088,0.39485516777291774,136.9,0.0336,0.1174,0.1141,0.361,14.2857,37.1429,1.19,70000.0,U25
Corey Dickerson,572816,/api/v1/people/572816,2022,33,STL,NL,LF,97,297,281,28,75,17,1,6,36,0,12,48,2,2,0.267,0.3,0.399,0.699,97.3,1,corey dickerson,Corey Dickerson,STL,LF,5000000.0,5000000.0,5000000.0,both,0.311545917131088,0.39485516777291774,97.3,0.0202,0.0404,0.1616,0.371,1.2,7.2,0.1398,833333.0,Veteran (30-34)
Omar Narváez,553882,/api/v1/people/553882,2022,30,MIL,NL,C,84,296,262,21,54,12,1,4,23,0,29,57,3,1,0.206,0.292,0.305,0.597,71.0,1,omar narvaez,Omar Narváez,MIL,C,5000000.0,5000000.0,5000000.0,both,0.311545917131088,0.39485516777291774,71.0,0.0135,0.098,0.1926,0.274,0.8,4.6,0.1194,1250000.0,Veteran (30-34)
Yan Gomes,543228,/api/v1/people/543228,2022,34,CHC,NL,C,86,293,277,23,65,12,0,8,31,2,8,47,3,4,0.235,0.26,0.365,0.625,75.9,1,yan gomes,Yan Gomes,CHC,C,6000000.0,6000000.0,6000000.0,both,0.311545917131088,0.39485516777291774,75.9,0.0273,0.0273,0.1604,0.36,1.3333,5.1667,0.1042,750000.0,Veteran (30-34)
Andrew Knizner,668800,/api/v1/people/668800,2022,27,STL,NL,C,97,293,260,28,56,10,0,4,25,0,26,62,6,0,0.215,0.301,0.3,0.601,72.6,1,andrew knizner,Andrew Knizner,STL,C,718300.0,718300.0,718300.0,both,0.311545917131088,0.39485516777291774,72.6,0.0137,0.0887,0.2116,0.258,5.5687,34.8044,0.8367,179575.0,Prime (25-29)
Sheldon Neuse,641914,/api/v1/people/641914,2022,27,OAK,AL,3B,89,293,271,25,58,4,2,4,26,6,20,80,2,0,0.214,0.273,0.288,0.561,60.6,1,sheldon neuse,Sheldon Neuse,OAK,3B,700000.0,542286.0,700000.0,both,0.311545917131088,0.39485516777291774,60.6,0.0137,0.0683,0.273,0.292,5.7143,37.1429,0.8014,175000.0,Prime (25-29)
Frank Schwindel,643524,/api/v1/people/643524,2022,30,CHC,NL,1B,75,292,271,23,62,11,0,8,36,0,19,58,0,2,0.229,0.277,0.358,0.635,79.6,1,frank schwindel,,,,,,,left_only,0.311545917131088,0.39485516777291774,79.6,0.0274,0.0651,0.1986,0.48,,,,,Veteran (30-34)
Joey Bart,663698,/api/v1/people/663698,2022,25,SF,NL,C,97,291,261,34,56,6,0,11,25,2,26,112,4,0,0.215,0.296,0.364,0.66,87.2,1,joey bart,Joey Bart,SF,C,707500.0,614146.0,707500.0,both,0.311545917131088,0.39485516777291774,87.2,0.0378,0.0893,0.3849,0.258,15.5477,35.3357,0.9329,64318.0,Prime (25-29)
Alfonso Rivas III,663845,/api/v1/people/663845,2022,25,CHC,NL,1B,101,287,251,27,59,5,2,3,25,6,29,87,4,2,0.235,0.322,0.307,0.629,81.1,1,alfonso rivas,Alfonso Rivas,CHC,1B,701500.0,562684.0,701500.0,both,0.311545917131088,0.39485516777291774,81.1,0.0105,0.101,0.3031,0.248,4.2766,35.6379,0.8967,233833.0,Prime (25-29)
Wil Myers,571976,/api/v1/people/571976,2022,31,SD,NL,RF,77,286,261,29,68,15,0,7,41,2,21,86,1,3,0.261,0.315,0.398,0.713,101.9,1,wil myers,Wil Myers,SD,RF,20000000.0,20000000.0,22500000.0,both,0.311545917131088,0.39485516777291774,101.9,0.0245,0.0734,0.3007,0.532,0.35,2.05,0.0356,2857143.0,Veteran (30-34)
Jo Adell,666176,/api/v1/people/666176,2022,23,LAA,AL,LF,88,285,268,22,60,12,2,8,27,4,11,107,4,1,0.224,0.264,0.373,0.637,79.2,1,jo adell,Jo Adell,LAA,RF,720000.0,478676.0,720000.0,both,0.311545917131088,0.39485516777291774,79.2,0.0281,0.0386,0.3754,0.307,11.1111,37.5,0.8847,90000.0,U25
Mike Moustakas,519058,/api/v1/people/519058,2022,33,CIN,NL,DH,78,285,252,30,54,12,0,7,25,2,24,75,6,3,0.214,0.295,0.345,0.64,82.1,1,mike moustakas,Mike Moustakas,CIN,DH,16000000.0,16000000.0,16000000.0,both,0.311545917131088,0.39485516777291774,82.1,0.0246,0.0842,0.2632,0.321,0.4375,1.5625,0.04,2285714.0,Veteran (30-34)
Diego Castillo,660636,/api/v1/people/660636,2022,24,PIT,NL,SS,96,283,262,28,54,13,0,11,29,1,14,75,3,4,0.206,0.251,0.382,0.633,77.3,1,diego castillo,Diego Castillo,SEA,RP,2150000.0,2150000.0,2150000.0,both,0.311545917131088,0.39485516777291774,77.3,0.0389,0.0495,0.265,0.302,5.1163,13.4884,0.2944,195455.0,U25
Rodolfo Castro,666801,/api/v1/people/666801,2022,23,PIT,NL,2B,71,278,253,25,59,8,4,11,27,5,22,74,2,1,0.233,0.299,0.427,0.726,104.1,1,rodolfo castro,Rodolfo Castro,PIT,SS,700000.0,311526.0,700000.0,both,0.311545917131088,0.39485516777291774,104.1,0.0396,0.0791,0.2662,0.38,15.7143,38.5714,1.0371,63636.0,U25
Kyle Isbel,664728,/api/v1/people/664728,2022,25,KC,AL,RF,106,278,256,32,54,10,4,5,28,9,16,75,3,2,0.211,0.264,0.34,0.604,70.8,1,kyle isbel,Kyle Isbel,KC,RF,701900.0,694260.0,701900.0,both,0.311545917131088,0.39485516777291774,70.8,0.018,0.0576,0.2698,0.264,7.1235,39.8917,0.8605,140380.0,Prime (25-29)
Michael Brantley,488726,/api/v1/people/488726,2022,35,HOU,AL,DH,64,277,243,28,70,14,1,5,26,1,31,30,1,1,0.288,0.37,0.416,0.786,124.1,1,michael brantley,Michael Brantley,HOU,LF,16000000.0,16000000.0,16000000.0,both,0.311545917131088,0.39485516777291774,124.1,0.0181,0.1119,0.1083,0.406,0.3125,1.625,0.0491,3200000.0,Late (35+)
Pavin Smith,656976,/api/v1/people/656976,2022,26,AZ,NL,RF,75,277,245,24,54,9,0,9,33,1,28,67,1,3,0.22,0.3,0.367,0.667,89.2,1,pavin smith,Pavin Smith,ARI,RF,722900.0,393228.0,722900.0,both,0.311545917131088,0.39485516777291774,89.2,0.0325,0.1011,0.2419,0.44,12.4499,45.6495,0.9227,80322.0,Prime (25-29)
Aristides Aquino,606157,/api/v1/people/606157,2022,28,CIN,NL,RF,80,276,259,24,51,13,0,10,30,2,17,101,0,0,0.197,0.246,0.363,0.609,70.9,1,aristides aquino,Aristides Aquino,CIN,RF,720000.0,640096.0,720000.0,both,0.311545917131088,0.39485516777291774,70.9,0.0362,0.0616,0.3659,0.375,13.8889,41.6667,0.8458,72000.0,Prime (25-29)
Franchy Cordero,614173,/api/v1/people/614173,2022,27,BOS,AL,1B,84,275,242,36,53,17,1,8,29,4,28,92,1,2,0.219,0.3,0.397,0.697,96.8,1,franchy cordero,Franchy Cordero,BOS,1B,825000.0,630087.0,825000.0,both,0.311545917131088,0.39485516777291774,96.8,0.0291,0.1018,0.3345,0.345,9.697,35.1515,0.8448,103125.0,Prime (25-29)
Jorge Alfaro,595751,/api/v1/people/595751,2022,29,SD,NL,C,82,274,256,25,63,14,0,7,40,1,11,98,4,3,0.246,0.285,0.383,0.668,88.5,1,jorge alfaro,Jorge Alfaro,SD,C,2725000.0,2725000.0,2725000.0,both,0.311545917131088,0.39485516777291774,88.5,0.0255,0.0401,0.3577,0.488,2.5688,14.6789,0.2451,389286.0,Prime (25-29)
Reese McGuire,624512,/api/v1/people/624512,2022,27,BOS,AL,C,89,274,249,25,67,14,1,3,22,1,12,56,3,3,0.269,0.307,0.369,0.676,92.0,2,reese mcguire,Reese McGuire,BOS,C,722400.0,254016.0,722400.0,both,0.311545917131088,0.39485516777291774,92.0,0.0109,0.0438,0.2044,0.247,4.1528,30.454,0.9358,240800.0,Prime (25-29)
Juan Yepez,660766,/api/v1/people/660766,2022,24,STL,NL,LF,76,274,253,27,64,13,0,12,30,0,16,61,1,4,0.253,0.296,0.447,0.743,108.2,1,juan yepez,Juan Yepez,STL,DH,700000.0,480750.0,700000.0,both,0.311545917131088,0.39485516777291774,108.2,0.0438,0.0584,0.2226,0.395,17.1429,42.8571,1.0614,58333.0,U25
Matt Reynolds,608703,/api/v1/people/608703,2022,31,CIN,NL,2B,93,272,244,31,60,10,1,3,23,5,26,78,1,1,0.246,0.32,0.332,0.652,86.8,2,matt reynolds,Matt Reynolds,CIN,3B,700000.0,623052.0,700000.0,both,0.311545917131088,0.39485516777291774,86.8,0.011,0.0956,0.2868,0.247,4.2857,32.8571,0.9314,233333.0,Veteran (30-34)
Yadier Molina,425877,/api/v1/people/425877,2022,39,STL,NL,C,80,270,262,19,56,8,0,5,24,2,5,40,2,1,0.214,0.233,0.302,0.535,51.3,1,yadier molina,Yadier Molina,STL,C,10000000.0,10000000.0,10000000.0,both,0.311545917131088,0.39485516777291774,51.3,0.0185,0.0185,0.1481,0.3,0.5,2.4,0.0535,2000000.0,Late (35+)
Eddie Rosario,592696,/api/v1/people/592696,2022,30,ATL,NL,LF,80,270,250,27,53,12,1,5,24,3,17,68,0,3,0.212,0.259,0.328,0.587,66.2,1,eddie rosario,Eddie Rosario,ATL,LF,9000000.0,9000000.0,9000000.0,both,0.311545917131088,0.39485516777291774,66.2,0.0185,0.063,0.2519,0.3,0.5556,2.6667,0.0652,1800000.0,Veteran (30-34)
Ozzie Albies,645277,/api/v1/people/645277,2022,25,ATL,NL,2B,64,269,247,36,61,16,0,8,35,3,16,47,2,4,0.247,0.294,0.409,0.703,98.0,1,ozzie albies,Ozzie Albies,ATL,2B,5000000.0,5000000.0,5000000.0,both,0.311545917131088,0.39485516777291774,98.0,0.0297,0.0595,0.1747,0.547,1.6,7.0,0.1406,625000.0,Prime (25-29)
Keston Hiura,669374,/api/v1/people/669374,2022,25,MIL,NL,1B,80,266,234,34,53,8,1,14,32,5,23,111,8,1,0.226,0.316,0.449,0.765,115.1,1,keston hiura,Keston Hiura,MIL,2B,705100.0,592722.0,705100.0,both,0.311545917131088,0.39485516777291774,115.1,0.0526,0.0865,0.4173,0.4,19.8553,45.3836,1.085,50364.0,Prime (25-29)
Brandon Lowe,664040,/api/v1/people/664040,2022,27,TB,AL,2B,65,266,235,31,52,10,2,8,25,1,27,61,3,1,0.221,0.308,0.383,0.691,95.9,1,brandon lowe,Brandon Lowe,TB,2B,4000000.0,4000000.0,4000000.0,both,0.311545917131088,0.39485516777291774,95.9,0.0301,0.1015,0.2293,0.385,2.0,6.25,0.1727,500000.0,Prime (25-29)
Mauricio Dubón,643289,/api/v1/people/643289,2022,27,HOU,AL,CF,104,265,243,31,52,9,0,5,24,2,13,30,1,5,0.214,0.252,0.313,0.565,60.2,2,mauricio dubon,Mauricio Dubon,HOU,CF,715000.0,565776.0,715000.0,both,0.311545917131088,0.39485516777291774,60.2,0.0189,0.0491,0.1132,0.231,6.993,33.5664,0.7902,143000.0,Prime (25-29)
Adam Engel,641553,/api/v1/people/641553,2022,30,CWS,AL,CF,119,260,245,32,55,13,1,2,17,12,11,76,4,0,0.224,0.269,0.31,0.579,64.9,1,adam engel,Adam Engel,CHW,RF,2000000.0,2000000.0,2000000.0,both,0.311545917131088,0.39485516777291774,64.9,0.0077,0.0423,0.2923,0.143,1.0,8.5,0.2895,1000000.0,Veteran (30-34)
Cristian Pache,665506,/api/v1/people/665506,2022,23,OAK,AL,CF,91,260,241,18,40,5,2,3,18,2,15,70,1,0,0.166,0.218,0.241,0.459,31.0,1,cristian pache,Cristian Pache,OAK,CF,710000.0,479823.0,710000.0,both,0.311545917131088,0.39485516777291774,31.0,0.0115,0.0577,0.2692,0.198,4.2254,25.3521,0.6465,236667.0,U25
TJ Friedl,670770,/api/v1/people/670770,2022,26,CIN,NL,LF,72,258,225,33,54,10,5,8,25,7,20,40,7,6,0.24,0.314,0.436,0.75,111.2,1,tj friedl,T.J. Friedl,CIN,CF,700000.0,349986.0,700000.0,both,0.311545917131088,0.39485516777291774,111.2,0.031,0.0775,0.155,0.347,11.4286,35.7143,1.0714,87500.0,Prime (25-29)
Dylan Moore,664238,/api/v1/people/664238,2022,29,SEA,AL,RF,104,255,205,41,46,11,2,6,24,21,34,75,13,1,0.224,0.368,0.385,0.753,115.6,1,dylan moore,Dylan Moore,SEA,2B,1350000.0,,1350000.0,both,0.311545917131088,0.39485516777291774,115.6,0.0235,0.1333,0.2941,0.231,4.4444,17.7778,0.5578,225000.0,Prime (25-29)
Trayce Thompson,572204,/api/v1/people/572204,2022,31,LAD,NL,LF,80,255,219,36,56,14,1,13,41,4,32,93,2,2,0.256,0.353,0.507,0.86,141.7,2,trayce thompson,Trayce Thompson,LAD,CF,700000.0,407676.0,700000.0,both,0.311545917131088,0.39485516777291774,141.7,0.051,0.1255,0.3647,0.512,18.5714,58.5714,1.2286,53846.0,Veteran (30-34)
Vimael Machín,605353,/api/v1/people/605353,2022,28,OAK,AL,3B,73,253,223,26,49,12,0,1,13,1,25,47,2,3,0.22,0.3,0.287,0.587,69.0,1,vimael machin,Vimael Machin,OAK,2B,700000.0,373062.0,700000.0,both,0.311545917131088,0.39485516777291774,69.0,0.004,0.0988,0.1858,0.178,1.4286,18.5714,0.8386,700000.0,Prime (25-29)
Josh Smith,669701,/api/v1/people/669701,2022,24,TEX,AL,3B,73,253,213,23,42,5,0,2,16,4,28,50,7,3,0.197,0.307,0.249,0.556,61.6,1,josh smith,Josh H. Smith,TEX,3B,700000.0,426906.0,700000.0,both,0.311545917131088,0.39485516777291774,61.6,0.0079,0.1107,0.1976,0.219,2.8571,22.8571,0.7943,350000.0,U25
LaMonte Wade Jr.,664774,/api/v1/people/664774,2022,28,SF,NL,RF,77,251,217,29,45,7,1,8,26,1,26,51,5,1,0.207,0.305,0.359,0.664,88.8,1,lamonte wade,LaMonte Wade Jr.,SF,RF/1B,730000.0,730000.0,730000.0,both,0.311545917131088,0.39485516777291774,88.8,0.0319,0.1036,0.2032,0.338,10.9589,35.6164,0.9096,91250.0,Prime (25-29)
Kyle Higashioka,543309,/api/v1/people/543309,2022,32,NYY,AL,C,83,248,229,27,52,7,0,10,31,0,12,52,1,4,0.227,0.264,0.389,0.653,83.3,1,kyle higashioka,Kyle Higashioka,NYY,C,935000.0,935000.0,935000.0,both,0.311545917131088,0.39485516777291774,83.3,0.0403,0.0484,0.2097,0.373,10.6952,33.1551,0.6984,93500.0,Veteran (30-34)
Danny Jansen,643376,/api/v1/people/643376,2022,27,TOR,AL,C,72,248,215,34,56,10,0,15,44,1,25,44,3,5,0.26,0.339,0.516,0.855,139.5,1,danny jansen,Danny Jansen,TOR,C,1950000.0,1950000.0,1950000.0,both,0.311545917131088,0.39485516777291774,139.5,0.0605,0.1008,0.1774,0.611,7.6923,22.5641,0.4385,130000.0,Prime (25-29)
Matt Duffy,622110,/api/v1/people/622110,2022,31,LAA,AL,3B,77,247,228,14,57,8,0,2,16,0,17,50,2,0,0.25,0.308,0.311,0.619,77.6,1,matt duffy,Matt Duffy,LAA,3B,1500000.0,1500000.0,1500000.0,both,0.311545917131088,0.39485516777291774,77.6,0.0081,0.0688,0.2024,0.208,1.3333,10.6667,0.4127,750000.0,Veteran (30-34)
Jake Fraley,641584,/api/v1/people/641584,2022,27,CIN,NL,LF,68,247,216,33,56,9,0,12,28,4,26,54,3,2,0.259,0.344,0.468,0.812,128.9,1,jake fraley,Jake Fraley,CIN,LF,710000.0,710000.0,710000.0,both,0.311545917131088,0.39485516777291774,128.9,0.0486,0.1053,0.2186,0.412,16.9014,39.4366,1.1437,59167.0,Prime (25-29)
Mitch Haniger,571745,/api/v1/people/571745,2022,31,SEA,AL,RF,57,247,224,31,55,8,0,11,34,0,20,65,1,2,0.246,0.308,0.429,0.737,107.5,1,mitch haniger,Mitch Haniger,SEA,RF,7750000.0,7750000.0,7750000.0,both,0.311545917131088,0.39485516777291774,107.5,0.0445,0.081,0.2632,0.596,1.4194,4.3871,0.0951,704545.0,Veteran (30-34)
Jazz Chisholm Jr.,665862,/api/v1/people/665862,2022,24,MIA,NL,2B,60,241,213,39,54,10,4,14,45,12,21,66,3,3,0.254,0.325,0.535,0.86,139.8,1,jazz chisholm,Jazz Chisholm,MIA,2B,718000.0,718000.0,718000.0,both,0.311545917131088,0.39485516777291774,139.8,0.0581,0.0871,0.2739,0.75,19.4986,62.6741,1.1978,51286.0,U25
Brad Miller,543543,/api/v1/people/543543,2022,32,TEX,AL,LF,81,241,222,20,47,3,0,7,32,4,18,70,0,1,0.212,0.27,0.32,0.59,67.7,1,brad miller,Brad Miller,TEX,LF,6000000.0,6000000.0,6000000.0,both,0.311545917131088,0.39485516777291774,67.7,0.029,0.0747,0.2905,0.395,1.1667,5.3333,0.0983,857143.0,Veteran (30-34)
Nick Fortes,663743,/api/v1/people/663743,2022,25,MIA,NL,C,72,240,217,41,50,6,1,9,24,5,18,45,5,0,0.23,0.304,0.392,0.696,96.9,1,nick fortes,Nick Fortes,MIA,C,700000.0,503826.0,700000.0,both,0.311545917131088,0.39485516777291774,96.9,0.0375,0.075,0.1875,0.333,12.8571,34.2857,0.9943,77778.0,Prime (25-29)
Joey Meneses,608841,/api/v1/people/608841,2022,30,WSH,NL,1B,56,240,222,33,72,14,0,13,34,1,15,52,1,2,0.324,0.367,0.563,0.93,160.4,1,joey meneses,Joey Meneses,WSH,1B/RF,700000.0,246144.0,700000.0,both,0.311545917131088,0.39485516777291774,160.4,0.0542,0.0625,0.2167,0.607,18.5714,48.5714,1.3286,53846.0,Veteran (30-34)
JJ Bleday,668709,/api/v1/people/668709,2022,24,MIA,NL,CF,65,238,204,21,34,10,2,5,16,4,30,67,2,2,0.167,0.277,0.309,0.586,67.2,1,jj bleday,JJ Bleday,MIA,OF,700000.0,282225.0,700000.0,both,0.311545917131088,0.39485516777291774,67.2,0.021,0.1261,0.2815,0.246,7.1429,22.8571,0.8371,140000.0,U25
Paul DeJong,657557,/api/v1/people/657557,2022,28,STL,NL,SS,77,237,210,19,33,9,0,6,25,3,21,79,4,2,0.157,0.245,0.286,0.531,51.1,1,paul dejong,Paul DeJong,STL,SS,6000000.0,6000000.0,6166666.0,both,0.311545917131088,0.39485516777291774,51.1,0.0253,0.0886,0.3333,0.325,1.0,4.1667,0.0885,1000000.0,Prime (25-29)
Ryan Jeffers,680777,/api/v1/people/680777,2022,25,MIN,AL,C,67,236,212,25,44,10,1,7,27,0,23,62,0,0,0.208,0.285,0.363,0.648,83.4,1,ryan jeffers,Ryan Jeffers,MIN,C,713050.0,713050.0,713050.0,both,0.311545917131088,0.39485516777291774,83.4,0.0297,0.0975,0.2627,0.403,9.817,37.8655,0.9088,101864.0,Prime (25-29)
Albert Almora Jr.,546991,/api/v1/people/546991,2022,28,CIN,NL,RF,64,235,215,26,48,10,1,5,29,3,17,46,1,1,0.223,0.282,0.349,0.631,78.9,1,albert almora,,,,,,,left_only,0.311545917131088,0.39485516777291774,78.9,0.0213,0.0723,0.1957,0.453,,,,,Prime (25-29)
Orlando Arcia,606115,/api/v1/people/606115,2022,27,ATL,NL,2B,68,234,209,25,51,9,0,9,30,0,21,51,2,2,0.244,0.316,0.416,0.732,106.8,1,orlando arcia,Orlando Arcia,ATL,2B,1600000.0,1600000.0,1600000.0,both,0.311545917131088,0.39485516777291774,106.8,0.0385,0.0897,0.2179,0.441,5.625,18.75,0.4575,177778.0,Prime (25-29)
Jordan Luplow,656669,/api/v1/people/656669,2022,28,AZ,NL,RF,83,234,205,26,36,5,0,11,28,5,25,60,3,1,0.176,0.274,0.361,0.635,79.4,1,jordan luplow,Jordan Luplow,ARI,OF,1400000.0,1400000.0,1400000.0,both,0.311545917131088,0.39485516777291774,79.4,0.047,0.1068,0.2564,0.337,7.8571,20.0,0.4536,127273.0,Prime (25-29)
Didi Gregorius,544369,/api/v1/people/544369,2022,32,PHI,NL,SS,63,232,214,17,45,9,4,1,19,1,13,36,3,2,0.21,0.263,0.304,0.567,61.4,1,didi gregorius,,,,,,,left_only,0.311545917131088,0.39485516777291774,61.4,0.0043,0.056,0.1552,0.302,,,,,Veteran (30-34)
Cal Mitchell,668751,/api/v1/people/668751,2022,23,PIT,NL,RF,69,232,212,21,48,11,0,5,17,3,18,52,0,1,0.226,0.286,0.349,0.635,80.2,1,cal mitchell,Cal Mitchell,PIT,OF,700000.0,357678.0,700000.0,both,0.311545917131088,0.39485516777291774,80.2,0.0216,0.0776,0.2241,0.246,7.1429,24.2857,0.9071,140000.0,U25
P.J. Higgins,664731,/api/v1/people/664731,2022,29,CHC,NL,1B,74,229,201,23,46,11,1,6,30,0,22,58,2,1,0.229,0.31,0.383,0.693,96.5,1,pj higgins,P.J. Higgins,CHC,C,700000.0,523056.0,700000.0,both,0.311545917131088,0.39485516777291774,96.5,0.0262,0.0961,0.2533,0.405,8.5714,42.8571,0.99,116667.0,Prime (25-29)
David Fletcher,664058,/api/v1/people/664058,2022,28,LAA,AL,2B,61,228,216,20,55,9,1,2,17,1,7,16,3,0,0.255,0.288,0.333,0.621,76.8,1,david fletcher,David Fletcher,LAA,SS,4000000.0,4000000.0,4000000.0,both,0.311545917131088,0.39485516777291774,76.8,0.0088,0.0307,0.0702,0.279,0.5,4.25,0.1552,2000000.0,Prime (25-29)
Nick Madrigal,663611,/api/v1/people/663611,2022,25,CHC,NL,2B,59,228,209,19,52,7,0,0,7,3,14,27,3,0,0.249,0.305,0.282,0.587,69.3,1,nick madrigal,Nick Madrigal,CHC,2B,716500.0,716500.0,716500.0,both,0.311545917131088,0.39485516777291774,69.3,0.0,0.0614,0.1184,0.119,0.0,9.7697,0.8193,,Prime (25-29)
Garrett Hampson,641658,/api/v1/people/641658,2022,27,COL,NL,CF,90,226,199,29,42,7,3,2,15,12,21,63,1,2,0.211,0.287,0.307,0.594,69.9,1,garrett hampson,Garrett Hampson,COL,SS,1862500.0,1862500.0,1862500.0,both,0.311545917131088,0.39485516777291774,69.9,0.0088,0.0929,0.2788,0.167,1.0738,8.0537,0.3189,931250.0,Prime (25-29)
Akil Baddoo,668731,/api/v1/people/668731,2022,23,DET,AL,LF,73,225,201,30,41,3,2,2,9,9,24,64,0,0,0.204,0.289,0.269,0.558,60.9,1,akil baddoo,Akil Baddoo,DET,CF,709400.0,475556.0,709400.0,both,0.311545917131088,0.39485516777291774,60.9,0.0089,0.1067,0.2844,0.123,2.8193,12.6868,0.7866,354700.0,U25
Brett Phillips,621433,/api/v1/people/621433,2022,28,BAL,AL,X,83,225,201,22,29,6,0,5,15,7,16,94,3,1,0.144,0.217,0.249,0.466,32.7,2,brett phillips,Brett Phillips,BAL,CF,1400000.0,492288.0,1400000.0,both,0.311545917131088,0.39485516777291774,32.7,0.0222,0.0711,0.4178,0.181,3.5714,10.7143,0.3329,280000.0,Prime (25-29)
Sergio Alcántara,642727,/api/v1/people/642727,2022,25,AZ,NL,3B,93,224,205,26,45,8,1,6,29,1,12,57,1,4,0.22,0.261,0.356,0.617,73.9,2,sergio alcantara,Sergio Alcantara,ARI,3B,712500.0,360180.0,712500.0,both,0.311545917131088,0.39485516777291774,73.9,0.0268,0.0536,0.2545,0.312,8.4211,40.7018,0.866,118750.0,Prime (25-29)
Jarren Duran,680776,/api/v1/people/680776,2022,25,BOS,AL,CF,58,223,204,23,45,14,3,3,17,7,14,63,4,1,0.221,0.283,0.363,0.646,82.8,1,jarren duran,Jarren Duran,BOS,CF,700000.0,303834.0,700000.0,both,0.311545917131088,0.39485516777291774,82.8,0.0135,0.0628,0.2825,0.293,4.2857,24.2857,0.9229,233333.0,Prime (25-29)
Ildemaro Vargas,545121,/api/v1/people/545121,2022,30,WSH,NL,3B,63,222,209,19,55,13,1,4,23,3,8,23,3,1,0.263,0.299,0.392,0.691,95.2,2,ildemaro vargas,Ildemaro Vargas,WSH,2B,700000.0,246144.0,700000.0,both,0.311545917131088,0.39485516777291774,95.2,0.018,0.036,0.1036,0.365,5.7143,32.8571,0.9871,175000.0,Veteran (30-34)
Kevin Kiermaier,595281,/api/v1/people/595281,2022,32,TB,AL,CF,63,221,206,28,47,8,0,7,22,6,14,61,1,0,0.228,0.281,0.369,0.65,83.6,1,kevin kiermaier,Kevin Kiermaier,TB,CF,12000000.0,12000000.0,12166668.0,both,0.311545917131088,0.39485516777291774,83.6,0.0317,0.0633,0.276,0.349,0.5833,1.8333,0.0542,1714286.0,Veteran (30-34)
Robinson Chirinos,455139,/api/v1/people/455139,2022,38,BAL,AL,C,67,220,195,10,35,9,0,4,22,1,19,67,4,1,0.179,0.265,0.287,0.552,57.7,1,robinson chirinos,Robinson Chirinos,BAL,C,900000.0,900000.0,900000.0,both,0.311545917131088,0.39485516777291774,57.7,0.0182,0.0864,0.3045,0.328,4.4444,24.4444,0.6133,225000.0,Late (35+)
Ezequiel Duran,677649,/api/v1/people/677649,2022,23,TEX,AL,3B,58,220,208,25,49,10,1,5,25,4,12,54,0,0,0.236,0.277,0.365,0.642,81.4,1,ezequiel duran,Ezequiel Duran,TEX,2B,700000.0,276912.0,700000.0,both,0.311545917131088,0.39485516777291774,81.4,0.0227,0.0545,0.2455,0.431,7.1429,35.7143,0.9171,140000.0,U25
Jonathan Villar,542340,/api/v1/people/542340,2022,31,LAA,AL,3B,59,220,202,25,42,6,2,3,18,7,15,59,0,2,0.208,0.26,0.302,0.562,59.9,2,jonathan villar,,,,,,,left_only,0.311545917131088,0.39485516777291774,59.9,0.0136,0.0682,0.2682,0.305,,,,,Veteran (30-34)
José Azócar,640492,/api/v1/people/640492,2022,26,SD,NL,RF,98,216,202,24,52,9,3,0,10,5,12,44,0,1,0.257,0.298,0.332,0.63,79.7,1,jose azocar,Jose Azocar,SD,OF,700000.0,561516.0,700000.0,both,0.311545917131088,0.39485516777291774,79.7,0.0,0.0556,0.2037,0.102,0.0,14.2857,0.9,,Prime (25-29)
Mitch Garver,641598,/api/v1/people/641598,2022,31,TEX,AL,DH,54,215,188,23,39,7,0,10,24,1,23,53,2,2,0.207,0.298,0.404,0.702,98.0,1,mitch garver,Mitch Garver,TEX,C,3335000.0,3335000.0,3335000.0,both,0.311545917131088,0.39485516777291774,98.0,0.0465,0.107,0.2465,0.444,2.9985,7.1964,0.2105,333500.0,Veteran (30-34)
Austin Barnes,605131,/api/v1/people/605131,2022,32,LAD,NL,C,62,212,179,31,38,6,0,8,26,2,27,37,3,1,0.212,0.324,0.38,0.704,100.2,1,austin barnes,Austin Barnes,LAD,C,2600000.0,2600000.0,2750000.0,both,0.311545917131088,0.39485516777291774,100.2,0.0377,0.1274,0.1745,0.419,3.0769,10.0,0.2708,325000.0,Veteran (30-34)
Marwin Gonzalez,503556,/api/v1/people/503556,2022,33,NYY,AL,SS,86,207,184,20,34,7,0,6,18,3,14,54,4,2,0.185,0.255,0.321,0.576,63.1,1,marwin gonzalez,Marwin Gonzalez,NYY,3B,1150000.0,1150000.0,1150000.0,both,0.311545917131088,0.39485516777291774,63.1,0.029,0.0676,0.2609,0.209,5.2174,15.6522,0.5009,191667.0,Veteran (30-34)
Luke Maile,571912,/api/v1/people/571912,2022,31,CLE,AL,C,76,206,181,19,40,10,0,3,17,0,19,54,3,3,0.221,0.301,0.326,0.627,79.2,1,luke maile,Luke Maile,CLE,C,900000.0,900000.0,900000.0,both,0.311545917131088,0.39485516777291774,79.2,0.0146,0.0922,0.2621,0.224,3.3333,18.8889,0.6967,300000.0,Veteran (30-34)
Nelson Velázquez,676369,/api/v1/people/676369,2022,23,CHC,NL,CF,77,206,185,20,38,7,3,6,26,5,19,65,2,0,0.205,0.286,0.373,0.659,86.3,1,nelson velazquez,Nelson Velazquez,CHC,OF,700000.0,419214.0,700000.0,both,0.311545917131088,0.39485516777291774,86.3,0.0291,0.0922,0.3155,0.338,8.5714,37.1429,0.9414,116667.0,U25
Brian Serven,661531,/api/v1/people/661531,2022,27,COL,NL,C,62,205,187,19,38,4,1,6,16,0,13,44,2,1,0.203,0.261,0.332,0.593,67.9,1,brian serven,Brian Serven,COL,C,700000.0,542286.0,700000.0,both,0.311545917131088,0.39485516777291774,67.9,0.0293,0.0634,0.2146,0.258,8.5714,22.8571,0.8471,116667.0,Prime (25-29)
Seby Zavala,664874,/api/v1/people/664874,2022,28,CWS,AL,C,61,205,178,22,48,14,0,2,21,0,19,64,3,2,0.27,0.347,0.382,0.729,108.1,1,seby zavala,Seby Zavala,CHW,C,700000.0,442290.0,700000.0,both,0.311545917131088,0.39485516777291774,108.1,0.0098,0.0927,0.3122,0.344,2.8571,30.0,1.0414,350000.0,Prime (25-29)
Sam Haggerty,664059,/api/v1/people/664059,2022,28,SEA,AL,RF,83,201,176,29,45,9,1,5,23,13,18,53,4,2,0.256,0.335,0.403,0.738,109.6,1,sam haggerty,Sam Haggerty,SEA,2B,700000.0,476904.0,700000.0,both,0.311545917131088,0.39485516777291774,109.6,0.0249,0.0896,0.2637,0.277,7.1429,32.8571,1.0543,140000.0,Prime (25-29)
Cooper Hummel,669450,/api/v1/people/669450,2022,27,AZ,NL,X,66,201,176,20,31,8,3,3,17,4,23,64,1,1,0.176,0.274,0.307,0.581,65.7,1,cooper hummel,Cooper Hummel,ARI,DH,700000.0,523056.0,700000.0,both,0.311545917131088,0.39485516777291774,65.7,0.0149,0.1144,0.3184,0.258,4.2857,24.2857,0.83,233333.0,Prime (25-29)
Sam Hilliard,656541,/api/v1/people/656541,2022,28,COL,NL,LF,70,200,174,26,32,6,1,2,14,5,23,57,1,2,0.184,0.28,0.264,0.544,56.7,1,sam hilliard,Sam Hilliard,COL,CF,705000.0,472628.0,705000.0,both,0.311545917131088,0.39485516777291774,56.7,0.01,0.115,0.285,0.2,2.8369,19.8582,0.7716,352500.0,Prime (25-29)
Josh Lowe,666139,/api/v1/people/666139,2022,24,TB,AL,RF,52,198,181,24,40,12,2,2,13,3,15,66,1,0,0.221,0.284,0.343,0.627,78.0,1,josh lowe,Josh Lowe,TB,RF,701000.0,269640.0,701000.0,both,0.311545917131088,0.39485516777291774,78.0,0.0101,0.0758,0.3333,0.25,2.8531,18.5449,0.8944,350500.0,U25
Odúbel Herrera,546318,/api/v1/people/546318,2022,30,PHI,NL,CF,62,197,185,23,44,9,1,5,21,6,11,42,0,1,0.238,0.279,0.378,0.657,85.3,1,odubel herrera,,,,,,,left_only,0.311545917131088,0.39485516777291774,85.3,0.0254,0.0558,0.2132,0.339,,,,,Veteran (30-34)
Tommy La Stella,600303,/api/v1/people/600303,2022,33,SF,NL,DH,60,195,180,17,43,14,0,2,14,0,11,30,1,3,0.239,0.282,0.35,0.632,79.2,1,tommy la stella,Tommy La Stella,SF,DH,5250000.0,5250000.0,5250000.0,both,0.311545917131088,0.39485516777291774,79.2,0.0103,0.0564,0.1538,0.233,0.381,2.6667,0.1204,2625000.0,Veteran (30-34)
Michael Massey,686681,/api/v1/people/686681,2022,24,KC,AL,2B,52,194,173,16,42,9,1,4,17,3,9,46,8,2,0.243,0.307,0.376,0.683,93.8,1,michael massey,Michael Massey,KC,2B,700000.0,257682.0,700000.0,both,0.311545917131088,0.39485516777291774,93.8,0.0206,0.0464,0.2371,0.327,5.7143,24.2857,0.9757,175000.0,U25
Anthony Rendon,543685,/api/v1/people/543685,2022,32,LAA,AL,3B,47,193,166,15,38,10,0,5,24,2,23,35,2,2,0.229,0.326,0.38,0.706,100.9,1,anthony rendon,Anthony Rendon,LAA,3B,36000000.0,36000000.0,36571428.0,both,0.311545917131088,0.39485516777291774,100.9,0.0259,0.1192,0.1813,0.511,0.1389,0.6667,0.0196,7200000.0,Veteran (30-34)
Yoshi Tsutsugo,660294,/api/v1/people/660294,2022,30,PIT,NL,1B,50,193,170,11,29,4,0,2,19,0,19,50,0,4,0.171,0.249,0.229,0.478,37.9,1,yoshi tsutsugo,,,,,,,left_only,0.311545917131088,0.39485516777291774,37.9,0.0104,0.0984,0.2591,0.38,,,,,Veteran (30-34)
Josh VanMeter,642165,/api/v1/people/642165,2022,27,PIT,NL,2B,67,192,171,15,32,5,2,3,14,4,19,45,0,2,0.187,0.266,0.292,0.558,59.3,1,josh vanmeter,Josh VanMeter,PIT,2B,726800.0,614922.0,726800.0,both,0.311545917131088,0.39485516777291774,59.3,0.0156,0.099,0.2344,0.209,4.1277,19.2625,0.7677,242267.0,Prime (25-29)
James McCann,543510,/api/v1/people/543510,2022,32,NYM,NL,C,61,191,174,19,34,6,0,3,18,3,11,46,4,2,0.195,0.257,0.282,0.539,53.9,1,james mccann,James McCann,NYM,C,8000000.0,8000000.0,8150000.0,both,0.311545917131088,0.39485516777291774,53.9,0.0157,0.0576,0.2408,0.295,0.375,2.25,0.0674,2666667.0,Veteran (30-34)
Stephen Vogt,519390,/api/v1/people/519390,2022,37,OAK,AL,DH,70,191,168,18,27,4,1,7,23,1,17,46,2,4,0.161,0.241,0.321,0.562,58.7,1,stephen vogt,Stephen Vogt,OAK,C,850000.0,950000.0,950000.0,both,0.311545917131088,0.39485516777291774,58.7,0.0366,0.089,0.2408,0.329,8.2353,27.0588,0.6612,121429.0,Late (35+)
Yu Chang,644374,/api/v1/people/644374,2022,26,BOS,AL,SS,69,190,168,19,35,6,0,4,15,0,16,59,4,2,0.208,0.289,0.315,0.604,72.5,4,yu chang,,,,,,,left_only,0.311545917131088,0.39485516777291774,72.5,0.0211,0.0842,0.3105,0.217,,,,,Prime (25-29)
Edmundo Sosa,624641,/api/v1/people/624641,2022,26,PHI,NL,3B,78,190,176,26,40,11,4,2,21,6,5,50,7,1,0.227,0.275,0.369,0.644,81.7,2,edmundo sosa,Edmundo Sosa,PHI,SS,715600.0,259512.0,715600.0,both,0.311545917131088,0.39485516777291774,81.7,0.0105,0.0263,0.2632,0.269,2.7949,29.346,0.8999,357800.0,Prime (25-29)
Jonah Bride,681146,/api/v1/people/681146,2022,26,OAK,AL,2B,58,187,162,17,33,4,0,1,6,1,19,32,4,1,0.204,0.301,0.247,0.548,59.2,1,jonah bride,Jonah Bride,OAK,2B/3B,700000.0,438444.0,700000.0,both,0.311545917131088,0.39485516777291774,59.2,0.0053,0.1016,0.1711,0.103,1.4286,8.5714,0.7829,700000.0,Prime (25-29)
Kevin Plawecki,608700,/api/v1/people/608700,2022,31,TEX,AL,C,64,186,168,15,37,8,0,1,13,0,14,32,2,1,0.22,0.286,0.286,0.572,64.2,2,kevin plawecki,Kevin Plawecki,TEX,C,700000.0,53844.0,700000.0,both,0.311545917131088,0.39485516777291774,64.2,0.0054,0.0753,0.172,0.203,1.4286,18.5714,0.8171,700000.0,Veteran (30-34)
Zach McKinstry,656716,/api/v1/people/656716,2022,27,CHC,NL,3B,57,185,166,21,33,6,3,5,14,7,16,52,1,0,0.199,0.273,0.361,0.634,79.1,2,zach mckinstry,Zach McKinstry,CHC,SS,700000.0,261528.0,700000.0,both,0.311545917131088,0.39485516777291774,79.1,0.027,0.0865,0.2811,0.246,7.1429,20.0,0.9057,140000.0,Prime (25-29)
Elehuris Montero,660707,/api/v1/people/660707,2022,23,COL,NL,3B,53,185,176,21,41,15,1,6,20,0,8,60,1,0,0.233,0.27,0.432,0.702,96.1,1,elehuris montero,Elehuris Montero,COL,3B,700000.0,361524.0,700000.0,both,0.311545917131088,0.39485516777291774,96.1,0.0324,0.0432,0.3243,0.377,8.5714,28.5714,1.0029,116667.0,U25
Jed Lowrie,476704,/api/v1/people/476704,2022,38,OAK,AL,DH,50,184,167,14,30,5,0,3,16,1,15,39,0,2,0.18,0.245,0.263,0.508,45.2,1,jed lowrie,,,,,,,left_only,0.311545917131088,0.39485516777291774,45.2,0.0163,0.0815,0.212,0.32,,,,,Late (35+)
Tyler Nevin,663527,/api/v1/people/663527,2022,25,BAL,AL,3B,58,184,157,17,31,4,0,2,16,0,20,46,4,3,0.197,0.299,0.261,0.56,62.1,1,tyler nevin,Tyler Nevin,BAL,3B,700000.0,465366.0,700000.0,both,0.311545917131088,0.39485516777291774,62.1,0.0109,0.1087,0.25,0.276,2.8571,22.8571,0.8,350000.0,Prime (25-29)
Jake Burger,669394,/api/v1/people/669394,2022,26,CWS,AL,3B,51,183,168,20,42,9,1,8,26,0,10,56,3,1,0.25,0.302,0.458,0.76,112.9,1,jake burger,Jake Burger,CHW,3B,700000.0,396138.0,700000.0,both,0.311545917131088,0.39485516777291774,112.9,0.0437,0.0546,0.306,0.51,11.4286,37.1429,1.0857,87500.0,Prime (25-29)
Tyler Stephenson,663886,/api/v1/people/663886,2022,25,CIN,NL,C,50,183,166,24,53,9,0,6,35,1,12,47,3,2,0.319,0.372,0.482,0.854,141.5,1,tyler stephenson,Tyler Stephenson,CIN,C,720000.0,720000.0,720000.0,both,0.311545917131088,0.39485516777291774,141.5,0.0328,0.0656,0.2568,0.7,8.3333,48.6111,1.1861,120000.0,Prime (25-29)
Nick Pratto,668472,/api/v1/people/668472,2022,23,KC,AL,1B,49,182,158,18,29,9,1,7,20,0,19,66,1,3,0.184,0.271,0.386,0.657,84.7,1,nick pratto,Nick Pratto,KC,1B,700000.0,226914.0,700000.0,both,0.311545917131088,0.39485516777291774,84.7,0.0385,0.1044,0.3626,0.408,10.0,28.5714,0.9386,100000.0,U25
Kris Bryant,592178,/api/v1/people/592178,2022,30,COL,NL,LF,42,181,160,28,49,12,0,5,14,0,17,27,2,2,0.306,0.376,0.475,0.851,141.0,1,kris bryant,Kris Bryant,COL,LF,17000000.0,24000000.0,18000000.0,both,0.311545917131088,0.39485516777291774,141.0,0.0276,0.0939,0.1492,0.333,0.2941,0.8235,0.0501,3400000.0,Veteran (30-34)
Jarred Kelenic,672284,/api/v1/people/672284,2022,22,SEA,AL,CF,54,181,163,20,23,5,1,7,17,5,16,61,1,1,0.141,0.221,0.313,0.534,50.2,1,jarred kelenic,Jarred Kelenic,SEA,LF,706200.0,259960.0,706200.0,both,0.311545917131088,0.39485516777291774,50.2,0.0387,0.0884,0.337,0.315,9.9122,24.0725,0.7562,100886.0,U25
Bubba Thompson,669352,/api/v1/people/669352,2022,24,TEX,AL,LF,55,181,170,18,45,5,0,1,9,18,7,56,2,0,0.265,0.302,0.312,0.614,76.0,1,bubba thompson,Bubba Thompson,TEX,OF,700000.0,238452.0,700000.0,both,0.311545917131088,0.39485516777291774,76.0,0.0055,0.0387,0.3094,0.164,1.4286,12.8571,0.8771,700000.0,U25
David Villar,681584,/api/v1/people/681584,2022,25,SF,NL,3B,52,181,156,21,36,6,1,9,24,0,18,58,6,1,0.231,0.331,0.455,0.786,121.5,1,david villar,David Villar,SF,3B,700000.0,261528.0,700000.0,both,0.311545917131088,0.39485516777291774,121.5,0.0497,0.0994,0.3204,0.462,12.8571,34.2857,1.1229,77778.0,Prime (25-29)
Trevor Larnach,663616,/api/v1/people/663616,2022,25,MIN,AL,LF,51,180,160,22,37,13,0,5,18,0,18,57,0,2,0.231,0.306,0.406,0.712,101.0,1,trevor larnach,Trevor Larnach,MIN,DH,700000.0,676896.0,700000.0,both,0.311545917131088,0.39485516777291774,101.0,0.0278,0.1,0.3167,0.353,7.1429,25.7143,1.0171,140000.0,Prime (25-29)
Ernie Clement,676391,/api/v1/people/676391,2022,26,OAK,AL,3B,70,179,163,19,30,4,0,0,6,0,11,26,2,1,0.184,0.243,0.209,0.452,30.9,2,ernie clement,Ernie Clement,OAK,2B,700800.0,46212.0,700800.0,both,0.311545917131088,0.39485516777291774,30.9,0.0,0.0615,0.1453,0.086,0.0,8.5616,0.645,,Prime (25-29)
Jake Cave,595909,/api/v1/people/595909,2022,29,MIN,AL,LF,54,177,164,17,35,7,3,5,20,2,11,49,0,2,0.213,0.26,0.384,0.644,80.7,1,jake cave,Jake Cave,BAL,LF,800000.0,800000.0,800000.0,both,0.311545917131088,0.39485516777291774,80.7,0.0282,0.0621,0.2768,0.37,6.25,25.0,0.805,160000.0,Prime (25-29)
Tucupita Marcano,672779,/api/v1/people/672779,2022,22,PIT,NL,LF,49,177,160,18,33,6,2,2,13,2,10,44,1,1,0.206,0.256,0.306,0.562,59.7,1,tucupita marcano,Tucupita Marcano,PIT,SS,700000.0,330756.0,700000.0,both,0.311545917131088,0.39485516777291774,59.7,0.0113,0.0565,0.2486,0.265,2.8571,18.5714,0.8029,350000.0,U25
Rob Refsnyder,608701,/api/v1/people/608701,2022,31,BOS,AL,RF,57,177,153,25,47,11,0,6,21,1,15,46,6,3,0.307,0.384,0.497,0.881,149.1,1,rob refsnyder,Rob Refsnyder,BOS,RF,800000.0,553896.0,800000.0,both,0.311545917131088,0.39485516777291774,149.1,0.0339,0.0847,0.2599,0.368,7.5,26.25,1.1012,133333.0,Veteran (30-34)
Austin Wynns,642851,/api/v1/people/642851,2022,31,SF,NL,C,66,177,162,14,42,7,0,3,21,0,10,38,3,1,0.259,0.313,0.358,0.671,91.1,1,austin wynns,Austin Wynns,SF,C,700000.0,457674.0,700000.0,both,0.311545917131088,0.39485516777291774,91.1,0.0169,0.0565,0.2147,0.318,4.2857,30.0,0.9586,233333.0,Veteran (30-34)
Curt Casali,592200,/api/v1/people/592200,2022,33,SEA,AL,C,57,176,148,20,30,4,0,5,17,0,24,50,2,2,0.203,0.318,0.331,0.649,85.9,2,curt casali,Curt Casali,SEA,C,2600000.0,914304.0,2600000.0,both,0.311545917131088,0.39485516777291774,85.9,0.0284,0.1364,0.2841,0.298,1.9231,6.5385,0.2496,520000.0,Veteran (30-34)
José Barrero,676480,/api/v1/people/676480,2022,24,CIN,NL,SS,48,174,165,13,25,3,0,2,10,4,9,76,0,0,0.152,0.195,0.206,0.401,14.8,1,jose barrero,Jose Barrero,CIN,SS,702500.0,494080.0,702500.0,both,0.311545917131088,0.39485516777291774,14.8,0.0115,0.0517,0.4368,0.208,2.847,14.2349,0.5708,351250.0,U25
Lewin Díaz,650331,/api/v1/people/650331,2022,25,MIA,NL,1B,58,174,160,12,27,4,0,5,11,1,11,54,1,2,0.169,0.224,0.288,0.512,44.8,1,lewin diaz,Lewin Diaz,MIA,1B,700000.0,292296.0,700000.0,both,0.311545917131088,0.39485516777291774,44.8,0.0287,0.0632,0.3103,0.19,7.1429,15.7143,0.7314,140000.0,Prime (25-29)
Tyler Heineman,623168,/api/v1/people/623168,2022,31,PIT,NL,C,62,174,157,16,34,8,0,0,9,1,8,17,5,0,0.217,0.276,0.268,0.544,56.5,2,tyler heineman,Tyler Heineman,PIT,C,700000.0,546132.0,700000.0,both,0.311545917131088,0.39485516777291774,56.5,0.0,0.046,0.0977,0.145,0.0,12.8571,0.7771,,Veteran (30-34)
Edward Olivares,658668,/api/v1/people/658668,2022,26,KC,AL,RF,53,174,161,24,46,8,0,4,15,2,10,36,2,1,0.286,0.333,0.41,0.743,110.7,1,edward olivares,Edward Olivares,KC,OF,705500.0,705500.0,705500.0,both,0.311545917131088,0.39485516777291774,110.7,0.023,0.0575,0.2069,0.283,5.6697,21.2615,1.0532,176375.0,Prime (25-29)
Ryan McKenna,663630,/api/v1/people/663630,2022,25,BAL,AL,LF,105,172,156,23,37,10,0,2,11,2,11,55,2,1,0.237,0.294,0.34,0.634,80.5,1,ryan mckenna,Ryan McKenna,BAL,CF,704000.0,669164.0,704000.0,both,0.311545917131088,0.39485516777291774,80.5,0.0116,0.064,0.3198,0.105,2.8409,15.625,0.9006,352000.0,Prime (25-29)
Oswaldo Cabrera,665828,/api/v1/people/665828,2022,23,NYY,AL,RF,44,171,154,21,38,8,1,6,19,3,15,44,0,1,0.247,0.312,0.429,0.741,108.8,1,oswaldo cabrera,Oswaldo Cabrera,NYY,2B,700000.0,188454.0,700000.0,both,0.311545917131088,0.39485516777291774,108.8,0.0351,0.0877,0.2573,0.432,8.5714,27.1429,1.0586,116667.0,U25
Nomar Mazara,608577,/api/v1/people/608577,2022,27,SD,NL,RF,55,171,159,16,42,8,0,2,18,0,10,40,2,0,0.264,0.316,0.352,0.668,90.6,1,nomar mazara,,,,,,,left_only,0.311545917131088,0.39485516777291774,90.6,0.0117,0.0585,0.2339,0.327,,,,,Prime (25-29)
Charles Leblanc,641779,/api/v1/people/641779,2022,26,MIA,NL,2B,48,169,156,18,41,10,0,4,11,4,12,53,1,0,0.263,0.32,0.404,0.724,105.0,1,charles leblanc,Charles Leblanc,MIA,SS,700000.0,261528.0,700000.0,both,0.311545917131088,0.39485516777291774,105.0,0.0237,0.071,0.3136,0.229,5.7143,15.7143,1.0343,175000.0,Prime (25-29)
Jason Delay,641511,/api/v1/people/641511,2022,27,PIT,NL,C,57,167,155,17,33,6,0,1,11,0,9,50,2,0,0.213,0.265,0.271,0.536,53.7,1,jason delay,Jason Delay,PIT,C,700000.0,357678.0,700000.0,both,0.311545917131088,0.39485516777291774,53.7,0.006,0.0539,0.2994,0.193,1.4286,15.7143,0.7657,700000.0,Prime (25-29)
Johan Camargo,622666,/api/v1/people/622666,2022,28,PHI,NL,SS,52,166,152,8,36,3,0,3,15,0,13,37,0,0,0.237,0.297,0.316,0.613,75.4,1,johan camargo,Johan Camargo,PHI,3B,1400000.0,1400000.0,1400000.0,both,0.311545917131088,0.39485516777291774,75.4,0.0181,0.0783,0.2229,0.288,2.1429,10.7143,0.4379,466667.0,Prime (25-29)
Luis Torrens,620443,/api/v1/people/620443,2022,26,SEA,AL,C,57,166,151,13,34,2,0,3,15,0,12,50,1,2,0.225,0.283,0.298,0.581,66.3,1,luis torrens,Luis Torrens,SEA,C,1200000.0,1200000.0,1200000.0,both,0.311545917131088,0.39485516777291774,66.3,0.0181,0.0723,0.3012,0.263,2.5,12.5,0.4842,400000.0,Prime (25-29)
Tyler Wade,642180,/api/v1/people/642180,2022,27,LAA,AL,2B,67,163,147,22,32,5,0,1,8,8,10,33,1,0,0.218,0.272,0.272,0.544,56.2,1,tyler wade,Tyler Wade,NYY,2B,825000.0,825000.0,825000.0,both,0.311545917131088,0.39485516777291774,56.2,0.0061,0.0613,0.2025,0.119,1.2121,9.697,0.6594,825000.0,Prime (25-29)
Vidal Bruján,660644,/api/v1/people/660644,2022,24,TB,AL,2B,52,162,147,13,24,5,0,3,16,5,12,37,1,2,0.163,0.228,0.259,0.487,38.8,1,vidal brujan,Vidal Brujan,TB,2B,700000.0,269220.0,700000.0,both,0.311545917131088,0.39485516777291774,38.8,0.0185,0.0741,0.2284,0.308,4.2857,22.8571,0.6957,233333.0,U25
Kyle Garlick,664247,/api/v1/people/664247,2022,30,MIN,AL,LF,66,162,150,23,35,3,0,9,18,0,8,48,3,1,0.233,0.284,0.433,0.717,100.8,1,kyle garlick,Kyle Garlick,MIN,RF,700000.0,669204.0,700000.0,both,0.311545917131088,0.39485516777291774,100.8,0.0556,0.0494,0.2963,0.273,12.8571,25.7143,1.0243,77778.0,Veteran (30-34)
Mike Brosseau,670712,/api/v1/people/670712,2022,28,MIL,NL,3B,70,160,141,15,36,5,0,6,23,2,14,48,5,0,0.255,0.344,0.418,0.762,116.3,1,mike brosseau,,,,,,,left_only,0.311545917131088,0.39485516777291774,116.3,0.0375,0.0875,0.3,0.329,,,,,Prime (25-29)
Jake Meyers,676694,/api/v1/people/676694,2022,26,HOU,AL,CF,52,160,150,13,34,6,2,1,15,2,7,54,2,1,0.227,0.269,0.313,0.582,65.6,1,jake meyers,Jake Meyers,HOU,OF,710500.0,589504.0,710500.0,both,0.311545917131088,0.39485516777291774,65.6,0.0062,0.0438,0.3375,0.288,1.4075,21.1119,0.8191,710500.0,Prime (25-29)
Hanser Alberto,593643,/api/v1/people/593643,2022,29,LAD,NL,2B,73,159,156,13,38,9,2,2,15,0,3,25,0,0,0.244,0.258,0.365,0.623,75.3,1,hanser alberto,Hanser Alberto,LAD,2B,1350000.0,1350000.0,1350000.0,both,0.311545917131088,0.39485516777291774,75.3,0.0126,0.0189,0.1572,0.205,1.4815,11.1111,0.4615,675000.0,Prime (25-29)
Kurt Suzuki,435559,/api/v1/people/435559,2022,38,LAA,AL,C,51,159,139,10,25,4,0,4,15,0,15,29,2,2,0.18,0.266,0.295,0.561,60.1,1,kurt suzuki,Kurt Suzuki,LAA,C,1750000.0,1750000.0,1750000.0,both,0.311545917131088,0.39485516777291774,60.1,0.0252,0.0943,0.1824,0.294,2.2857,8.5714,0.3206,437500.0,Late (35+)
Lorenzo Cain,456715,/api/v1/people/456715,2022,36,MIL,NL,CF,43,156,145,17,26,5,0,1,9,2,8,36,2,1,0.179,0.231,0.234,0.465,33.4,1,lorenzo cain,,,,,,,left_only,0.311545917131088,0.39485516777291774,33.4,0.0064,0.0513,0.2308,0.209,,,,,Late (35+)
Vaughn Grissom,687093,/api/v1/people/687093,2022,21,ATL,NL,2B,41,156,141,24,41,6,0,5,18,5,11,34,3,1,0.291,0.353,0.44,0.793,124.7,1,vaughn grissom,Vaughn Grissom,ATL,SS,700000.0,215376.0,700000.0,both,0.311545917131088,0.39485516777291774,124.7,0.0321,0.0705,0.2179,0.439,7.1429,25.7143,1.1329,140000.0,U25
Alex Kirilloff,666135,/api/v1/people/666135,2022,24,MIN,AL,LF,45,156,144,14,36,7,0,3,21,0,5,36,4,2,0.25,0.29,0.361,0.651,84.5,1,alex kirilloff,Alex Kirilloff,MIN,OF,708250.0,591432.0,708250.0,both,0.311545917131088,0.39485516777291774,84.5,0.0192,0.0321,0.2308,0.467,4.2358,29.6505,0.9192,236083.0,U25
Alejo Lopez,664670,/api/v1/people/664670,2022,26,CIN,NL,2B,61,156,145,15,38,5,1,1,10,3,9,21,2,0,0.262,0.314,0.331,0.645,84.6,1,alejo lopez,Alejo Lopez,CIN,2B,700000.0,415368.0,700000.0,both,0.311545917131088,0.39485516777291774,84.6,0.0064,0.0577,0.1346,0.164,1.4286,14.2857,0.9214,700000.0,Prime (25-29)
Riley Adams,656180,/api/v1/people/656180,2022,26,WSH,NL,C,48,155,142,14,25,4,0,5,10,0,12,46,1,0,0.176,0.245,0.31,0.555,57.1,1,riley adams,Riley Adams,WSH,C,706700.0,491270.0,706700.0,both,0.311545917131088,0.39485516777291774,57.1,0.0323,0.0774,0.2968,0.208,7.0751,14.1503,0.7853,141340.0,Prime (25-29)
Matt Carpenter,572761,/api/v1/people/572761,2022,36,NYY,AL,DH,47,154,128,28,39,9,0,15,37,0,19,35,5,1,0.305,0.412,0.727,1.139,216.4,1,matt carpenter,Matt Carpenter,NYY,3B,2000000.0,1450548.0,2000000.0,both,0.311545917131088,0.39485516777291774,216.4,0.0974,0.1234,0.2273,0.787,7.5,18.5,0.5695,133333.0,Late (35+)
Shea Langeliers,669127,/api/v1/people/669127,2022,24,OAK,AL,DH,40,153,142,14,31,10,1,6,22,0,9,53,0,2,0.218,0.261,0.43,0.691,92.7,1,shea langeliers,Shea Langeliers,OAK,C,700000.0,192300.0,700000.0,both,0.311545917131088,0.39485516777291774,92.7,0.0392,0.0588,0.3464,0.55,8.5714,31.4286,0.9871,116667.0,U25
Dominic Smith,642086,/api/v1/people/642086,2022,27,NYM,NL,1B,58,152,134,11,26,10,1,0,17,0,12,37,4,2,0.194,0.276,0.284,0.56,60.5,1,dominic smith,Dominic Smith,NYM,LF,3950000.0,3950000.0,3950000.0,both,0.311545917131088,0.39485516777291774,60.5,0.0,0.0789,0.2434,0.293,0.0,4.3038,0.1418,,Prime (25-29)
Jason Heyward,518792,/api/v1/people/518792,2022,32,CHC,NL,CF,48,151,137,15,28,5,1,1,10,1,11,32,3,0,0.204,0.278,0.277,0.555,59.4,1,jason heyward,Jason Heyward,CHC,RF,22000000.0,22000000.0,24500000.0,both,0.311545917131088,0.39485516777291774,59.4,0.0066,0.0728,0.2119,0.208,0.0455,0.4545,0.0252,22000000.0,Veteran (30-34)
Kevin Smith,675656,/api/v1/people/675656,2022,25,OAK,AL,3B,47,151,139,9,25,9,1,2,13,4,7,42,0,2,0.18,0.216,0.302,0.518,45.8,1,kevin smith,Kevin Smith,OAK,3B,700000.0,276912.0,700000.0,both,0.311545917131088,0.39485516777291774,45.8,0.0132,0.0464,0.2781,0.277,2.8571,18.5714,0.74,350000.0,Prime (25-29)
Mike Ford,645801,/api/v1/people/645801,2022,29,LAA,AL,1B,50,149,131,9,27,5,0,3,10,0,17,40,1,0,0.206,0.302,0.313,0.615,76.2,4,mike ford,Mike Ford,LAA,1B,700000.0,265374.0,700000.0,both,0.311545917131088,0.39485516777291774,76.2,0.0201,0.1141,0.2685,0.2,4.2857,14.2857,0.8786,233333.0,Prime (25-29)
Austin Meadows,640457,/api/v1/people/640457,2022,27,DET,AL,RF,36,147,128,9,32,6,2,0,11,0,16,17,3,0,0.25,0.347,0.328,0.675,94.4,1,austin meadows,Austin Meadows,DET,LF,4000000.0,4000000.0,4000000.0,both,0.311545917131088,0.39485516777291774,94.4,0.0,0.1088,0.1156,0.306,0.0,2.75,0.1688,,Prime (25-29)
Ryan O'Hearn,656811,/api/v1/people/656811,2022,28,KC,AL,X,67,145,134,14,32,6,1,1,16,0,8,35,2,1,0.239,0.29,0.321,0.611,74.4,1,ryan ohearn,Ryan O'Hearn,KC,1B,1300000.0,1300000.0,1300000.0,both,0.311545917131088,0.39485516777291774,74.4,0.0069,0.0552,0.2414,0.239,0.7692,12.3077,0.47,1300000.0,Prime (25-29)
Darick Hall,669742,/api/v1/people/669742,2022,26,PHI,NL,DH,42,142,136,19,34,8,1,9,16,0,5,44,1,0,0.25,0.282,0.522,0.804,122.7,1,darick hall,Darick Hall,PHI,1B,700000.0,234606.0,700000.0,both,0.311545917131088,0.39485516777291774,122.7,0.0634,0.0352,0.3099,0.381,12.8571,22.8571,1.1486,77778.0,Prime (25-29)
Miguel Andujar,609280,/api/v1/people/609280,2022,27,PIT,NL,DH,36,140,132,13,31,5,1,1,17,4,5,27,0,3,0.235,0.257,0.311,0.568,61.3,2,miguel andujar,Miguel Andujar,PIT,3B,1300000.0,71430.0,1300000.0,both,0.311545917131088,0.39485516777291774,61.3,0.0071,0.0357,0.1929,0.472,0.7692,13.0769,0.4369,1300000.0,Prime (25-29)
Stephen Piscotty,572039,/api/v1/people/572039,2022,31,OAK,AL,RF,42,139,126,12,24,4,0,5,14,2,9,48,2,2,0.19,0.252,0.341,0.593,67.2,1,stephen piscotty,,,,,,,left_only,0.311545917131088,0.39485516777291774,67.2,0.036,0.0647,0.3453,0.333,,,,,Veteran (30-34)
Austin Romine,519222,/api/v1/people/519222,2022,33,CIN,NL,C,51,136,129,10,20,3,0,3,9,0,4,46,1,0,0.155,0.187,0.248,0.435,22.8,3,austin romine,Austin Romine,CIN,C,700000.0,246144.0,700000.0,both,0.311545917131088,0.39485516777291774,22.8,0.0221,0.0294,0.3382,0.176,4.2857,12.8571,0.6214,233333.0,Veteran (30-34)
Luke Williams,663897,/api/v1/people/663897,2022,25,MIA,NL,X,79,136,127,21,30,5,1,1,6,11,9,44,0,0,0.236,0.287,0.315,0.602,71.9,2,luke williams,Luke Williams,MIA,LF,701500.0,462480.0,701500.0,both,0.311545917131088,0.39485516777291774,71.9,0.0074,0.0662,0.3235,0.076,1.4255,8.5531,0.8582,701500.0,Prime (25-29)
Greg Allen,656185,/api/v1/people/656185,2022,29,PIT,NL,LF,46,134,118,17,22,4,0,2,8,8,10,42,2,1,0.186,0.26,0.271,0.531,52.1,1,greg allen,Greg Allen,PIT,OF,800000.0,760508.0,800000.0,both,0.311545917131088,0.39485516777291774,52.1,0.0149,0.0746,0.3134,0.174,2.5,10.0,0.6637,400000.0,Prime (25-29)
Gunnar Henderson,683002,/api/v1/people/683002,2022,21,BAL,AL,3B,34,132,116,12,30,7,1,4,18,1,16,34,0,0,0.259,0.348,0.44,0.788,123.1,1,gunnar henderson,Gunnar Henderson,BAL,SS,700000.0,134610.0,700000.0,both,0.311545917131088,0.39485516777291774,123.1,0.0303,0.1212,0.2576,0.529,5.7143,25.7143,1.1257,175000.0,U25
Sam Huff,669087,/api/v1/people/669087,2022,24,TEX,AL,C,44,132,121,9,29,4,0,4,10,1,11,42,0,0,0.24,0.303,0.372,0.675,91.5,1,sam huff,Sam Huff,TEX,C,700000.0,311526.0,700000.0,both,0.311545917131088,0.39485516777291774,91.5,0.0303,0.0833,0.3182,0.227,5.7143,14.2857,0.9643,175000.0,U25
Michael Pérez,605421,/api/v1/people/605421,2022,29,NYM,NL,C,45,132,121,10,18,0,0,6,14,1,10,32,0,0,0.149,0.214,0.298,0.512,44.2,2,michael perez,Michael Perez,NYM,C,700000.0,42306.0,700000.0,both,0.311545917131088,0.39485516777291774,44.2,0.0455,0.0758,0.2424,0.311,8.5714,20.0,0.7314,116667.0,Prime (25-29)
Alex Call,669743,/api/v1/people/669743,2022,27,WSH,NL,LF,47,131,114,18,27,3,1,5,13,3,15,30,2,0,0.237,0.336,0.412,0.748,112.2,2,alex call,Alex Call,WSH,OF,700000.0,199992.0,700000.0,both,0.311545917131088,0.39485516777291774,112.2,0.0382,0.1145,0.229,0.277,7.1429,18.5714,1.0686,140000.0,Prime (25-29)
Alcides Escobar,444876,/api/v1/people/444876,2022,35,WSH,NL,SS,42,131,124,12,27,4,2,0,8,1,5,32,2,0,0.218,0.26,0.282,0.542,54.9,1,alcides escobar,,,,,,,left_only,0.311545917131088,0.39485516777291774,54.9,0.0,0.0382,0.2443,0.19,,,,,Late (35+)
Andy Ibáñez,628451,/api/v1/people/628451,2022,29,TEX,AL,3B,40,128,119,13,26,4,0,1,9,3,9,21,0,0,0.218,0.273,0.277,0.55,57.8,1,andy ibanez,Andy Ibanez,TEX,3B,706000.0,242924.0,706000.0,both,0.311545917131088,0.39485516777291774,57.8,0.0078,0.0703,0.1641,0.225,1.4164,12.7479,0.779,706000.0,Prime (25-29)
Óscar Mercado,640458,/api/v1/people/640458,2022,27,CLE,AL,RF,55,128,121,17,25,6,1,4,16,2,5,29,1,1,0.207,0.242,0.372,0.614,71.9,2,oscar mercado,Oscar Mercado,CLE,OF,709900.0,31208.0,709900.0,both,0.311545917131088,0.39485516777291774,71.9,0.0312,0.0391,0.2266,0.291,5.6346,22.5384,0.8649,177475.0,Prime (25-29)
Colin Moran,592567,/api/v1/people/592567,2022,29,CIN,NL,1B,42,128,109,11,23,3,0,5,23,0,16,30,0,3,0.211,0.305,0.376,0.681,93.1,1,colin moran,,,,,,,left_only,0.311545917131088,0.39485516777291774,93.1,0.0391,0.125,0.2344,0.548,,,,,Prime (25-29)
David Bote,623520,/api/v1/people/623520,2022,29,CHC,NL,2B,41,127,116,15,30,8,0,4,12,1,6,45,4,1,0.259,0.315,0.431,0.746,110.3,1,david bote,David Bote,CHC,2B,2500000.0,2500000.0,2510000.0,both,0.311545917131088,0.39485516777291774,110.3,0.0315,0.0472,0.3543,0.293,1.6,4.8,0.2984,625000.0,Prime (25-29)
Kody Clemens,665019,/api/v1/people/665019,2022,26,DET,AL,X,57,127,117,13,17,4,0,5,17,1,8,33,0,2,0.145,0.197,0.308,0.505,41.2,1,kody clemens,Kody Clemens,DET,2B,700000.0,423060.0,700000.0,both,0.311545917131088,0.39485516777291774,41.2,0.0394,0.063,0.2598,0.298,7.1429,24.2857,0.7214,140000.0,Prime (25-29)
Seth Beer,666179,/api/v1/people/666179,2022,25,AZ,NL,DH,38,126,111,4,21,3,0,1,9,0,11,31,3,1,0.189,0.278,0.243,0.521,50.8,1,seth beer,Seth Beer,ARI,DH,701000.0,227268.0,701000.0,both,0.311545917131088,0.39485516777291774,50.8,0.0079,0.0873,0.246,0.237,1.4265,12.8388,0.7432,701000.0,Prime (25-29)
Dérmis Garcia,660650,/api/v1/people/660650,2022,24,OAK,AL,1B,39,125,116,13,24,6,0,5,20,0,8,55,1,0,0.207,0.264,0.388,0.652,83.0,1,dermis garcia,Dermis Garcia,OAK,3B,700000.0,265374.0,700000.0,both,0.311545917131088,0.39485516777291774,83.0,0.04,0.064,0.44,0.513,7.1429,28.5714,0.9314,140000.0,U25
Alan Trejo,676701,/api/v1/people/676701,2022,26,COL,NL,SS,35,125,118,15,32,6,0,4,17,1,5,31,2,0,0.271,0.312,0.424,0.736,107.5,1,alan trejo,Alan Trejo,COL,SS,702000.0,258419.0,702000.0,both,0.311545917131088,0.39485516777291774,107.5,0.032,0.04,0.248,0.486,5.698,24.2165,1.0484,175500.0,Prime (25-29)
Charlie Culberson,518586,/api/v1/people/518586,2022,33,TEX,AL,3B,70,124,115,19,29,6,0,2,12,2,5,31,0,0,0.252,0.283,0.357,0.64,81.3,1,charlie culberson,Charlie Culberson,TEX,3B,1750000.0,1750000.0,1750000.0,both,0.311545917131088,0.39485516777291774,81.3,0.0161,0.0403,0.25,0.171,1.1429,6.8571,0.3657,875000.0,Veteran (30-34)
Jose Herrera,645444,/api/v1/people/645444,2022,25,AZ,NL,C,47,124,111,9,21,2,0,0,5,0,9,34,0,0,0.189,0.25,0.207,0.457,32.7,1,jose herrera,Jose Herrera,ARI,C,700000.0,480750.0,700000.0,both,0.311545917131088,0.39485516777291774,32.7,0.0,0.0726,0.2742,0.106,0.0,7.1429,0.6529,,Prime (25-29)
Bligh Madris,676632,/api/v1/people/676632,2022,26,PIT,NL,RF,39,123,113,10,20,7,0,1,7,2,10,31,0,0,0.177,0.244,0.265,0.509,45.4,1,bligh madris,Bligh Madris,TB,RF,700000.0,,700000.0,both,0.311545917131088,0.39485516777291774,45.4,0.0081,0.0813,0.252,0.179,1.4286,10.0,0.7271,700000.0,Prime (25-29)
Richie Palacios,680700,/api/v1/people/680700,2022,25,CLE,AL,LF,54,123,112,7,26,6,0,0,10,2,9,20,1,1,0.232,0.293,0.286,0.579,66.5,1,richie palacios,,,,,,,left_only,0.311545917131088,0.39485516777291774,66.5,0.0,0.0732,0.1626,0.185,,,,,Prime (25-29)
Mike Zunino,572287,/api/v1/people/572287,2022,31,TB,AL,C,36,123,115,7,17,3,0,5,16,0,6,46,1,1,0.148,0.195,0.304,0.499,39.6,1,mike zunino,Mike Zunino,TB,C,7000000.0,7000000.0,7000000.0,both,0.311545917131088,0.39485516777291774,39.6,0.0407,0.0488,0.374,0.444,0.7143,2.2857,0.0713,1400000.0,Veteran (30-34)
Nate Eaton,681987,/api/v1/people/681987,2022,25,KC,AL,RF,44,122,106,16,28,4,3,1,12,11,10,30,2,3,0.264,0.331,0.387,0.718,104.3,1,nate eaton,Nate Eaton,KC,C,700000.0,211530.0,700000.0,both,0.311545917131088,0.39485516777291774,104.3,0.0082,0.082,0.2459,0.273,1.4286,17.1429,1.0257,700000.0,Prime (25-29)
Garrett Stubbs,596117,/api/v1/people/596117,2022,29,PHI,NL,C,50,121,106,19,28,4,1,5,16,2,14,30,0,0,0.264,0.35,0.462,0.812,129.3,1,garrett stubbs,Garrett Stubbs,PHI,C,704500.0,704500.0,704500.0,both,0.311545917131088,0.39485516777291774,129.3,0.0413,0.1157,0.2479,0.32,7.0972,22.7111,1.1526,140900.0,Prime (25-29)
Michael Toglia,669911,/api/v1/people/669911,2022,23,COL,NL,RF,31,120,111,10,24,8,2,2,12,1,9,44,0,0,0.216,0.275,0.378,0.653,84.0,1,michael toglia,Michael Toglia,COL,1B,700000.0,139247.0,700000.0,both,0.311545917131088,0.39485516777291774,84.0,0.0167,0.075,0.3667,0.387,2.8571,17.1429,0.9329,350000.0,U25
Taylor Trammell,666211,/api/v1/people/666211,2022,24,SEA,AL,RF,43,117,102,15,20,9,0,4,10,2,13,33,0,1,0.196,0.284,0.402,0.686,93.0,1,taylor trammell,Taylor Trammell,SEA,RF,700000.0,426906.0,700000.0,both,0.311545917131088,0.39485516777291774,93.0,0.0342,0.1111,0.2821,0.233,5.7143,14.2857,0.98,175000.0,U25
Eli White,642201,/api/v1/people/642201,2022,28,TEX,AL,CF,47,117,105,16,21,2,0,3,10,12,11,41,0,1,0.2,0.274,0.305,0.579,65.2,1,eli white,Eli White,TEX,OF,714000.0,714000.0,714000.0,both,0.311545917131088,0.39485516777291774,65.2,0.0256,0.094,0.3504,0.213,4.2017,14.0056,0.8109,238000.0,Prime (25-29)
Bradley Zimmer,605548,/api/v1/people/605548,2022,29,TOR,AL,CF,109,117,105,18,13,5,0,2,5,3,5,45,6,0,0.124,0.207,0.229,0.436,24.4,2,bradley zimmer,Bradley Zimmer,TOR,CF,1300000.0,264291.0,1300000.0,both,0.311545917131088,0.39485516777291774,24.4,0.0171,0.0427,0.3846,0.046,1.5385,3.8462,0.3354,650000.0,Prime (25-29)
Skye Bolt,621450,/api/v1/people/621450,2022,28,OAK,AL,CF,42,116,106,10,21,2,0,4,13,5,7,30,2,1,0.198,0.259,0.33,0.589,66.7,1,skye bolt,Skye Bolt,OAK,CF,700000.0,619206.0,700000.0,both,0.311545917131088,0.39485516777291774,66.7,0.0345,0.0603,0.2586,0.31,5.7143,18.5714,0.8414,175000.0,Prime (25-29)
Corbin Carroll,682998,/api/v1/people/682998,2022,21,AZ,NL,LF,32,115,104,13,27,9,2,4,14,2,8,31,3,0,0.26,0.33,0.5,0.83,132.6,1,corbin carroll,Corbin Carroll,ARI,CF,700000.0,142302.0,700000.0,both,0.311545917131088,0.39485516777291774,132.6,0.0348,0.0696,0.2696,0.438,5.7143,20.0,1.1857,175000.0,U25
Aramis Garcia,605244,/api/v1/people/605244,2022,29,CIN,NL,C,47,115,108,6,23,2,0,1,4,0,3,34,2,0,0.213,0.248,0.259,0.507,45.2,1,aramis garcia,,,,,,,left_only,0.311545917131088,0.39485516777291774,45.2,0.0087,0.0261,0.2957,0.085,,,,,Prime (25-29)
Kerry Carpenter,681481,/api/v1/people/681481,2022,24,DET,AL,DH,31,113,103,16,26,4,1,6,10,0,6,32,3,1,0.252,0.31,0.485,0.795,122.3,1,kerry carpenter,Kerry Carpenter,DET,LF,700000.0,215376.0,700000.0,both,0.311545917131088,0.39485516777291774,122.3,0.0531,0.0531,0.2832,0.323,8.5714,14.2857,1.1357,116667.0,U25
Mickey Moniak,666160,/api/v1/people/666160,2022,24,LAA,AL,LF,37,112,106,13,18,3,1,3,8,1,4,44,1,0,0.17,0.207,0.302,0.509,42.9,2,mickey moniak,Mickey Moniak,LAA,CF,701000.0,242676.0,701000.0,both,0.311545917131088,0.39485516777291774,42.9,0.0268,0.0357,0.3929,0.216,4.2796,11.4123,0.7261,233667.0,U25
Jake Lamb,571875,/api/v1/people/571875,2022,31,SEA,AL,RF,41,111,97,13,21,6,1,3,6,0,11,38,3,0,0.216,0.315,0.392,0.707,100.4,2,jake lamb,,,,,,,left_only,0.311545917131088,0.39485516777291774,100.4,0.027,0.0991,0.3423,0.146,,,,,Veteran (30-34)
Jason Vosler,613564,/api/v1/people/613564,2022,28,SF,NL,3B,36,111,98,14,26,6,1,4,12,1,10,29,2,1,0.265,0.342,0.469,0.811,128.6,1,jason vosler,Jason Vosler,SF,3B,700000.0,180762.0,700000.0,both,0.311545917131088,0.39485516777291774,128.6,0.036,0.0901,0.2613,0.333,5.7143,17.1429,1.1586,175000.0,Prime (25-29)
Ehire Adrianza,501303,/api/v1/people/501303,2022,32,ATL,NL,2B,37,110,97,8,17,3,0,0,7,1,11,25,1,1,0.175,0.264,0.206,0.47,36.9,2,ehire adrianza,Ehire Adrianza,ATL,SS,1500000.0,535730.0,1500000.0,both,0.311545917131088,0.39485516777291774,36.9,0.0,0.1,0.2273,0.189,0.0,4.6667,0.3133,,Veteran (30-34)
Stuart Fairchild,656413,/api/v1/people/656413,2022,26,CIN,NL,LF,46,110,97,14,24,4,1,5,6,0,8,34,5,0,0.247,0.336,0.464,0.8,125.4,3,stuart fairchild,Stuart Fairchild,CIN,OF,700000.0,246144.0,700000.0,both,0.311545917131088,0.39485516777291774,125.4,0.0455,0.0727,0.3091,0.13,7.1429,8.5714,1.1429,140000.0,Prime (25-29)
Romy Gonzalez,663853,/api/v1/people/663853,2022,25,CWS,AL,2B,32,109,105,15,25,4,1,2,11,0,2,39,1,1,0.238,0.257,0.352,0.609,71.6,1,romy gonzalez,Romy Gonzalez,CHW,2B,700000.0,188454.0,700000.0,both,0.311545917131088,0.39485516777291774,71.6,0.0183,0.0183,0.3578,0.344,2.8571,15.7143,0.87,350000.0,Prime (25-29)
Drew Waters,671221,/api/v1/people/671221,2022,23,KC,AL,RF,32,109,96,14,23,6,1,5,18,0,12,40,0,0,0.24,0.324,0.479,0.803,125.3,1,drew waters,Drew Waters,KC,OF,700000.0,169224.0,700000.0,both,0.311545917131088,0.39485516777291774,125.3,0.0459,0.1101,0.367,0.562,7.1429,25.7143,1.1471,140000.0,U25
Zack Collins,641470,/api/v1/people/641470,2022,27,PIT,NL,1B,36,108,97,9,15,4,0,4,11,0,9,41,1,1,0.155,0.231,0.32,0.551,55.2,2,zack collins,Zack Collins,PIT,DH,728400.0,100050.0,728400.0,both,0.311545917131088,0.39485516777291774,55.2,0.037,0.0833,0.3796,0.306,5.4915,15.1016,0.7565,182100.0,Prime (25-29)
Spencer Steer,668715,/api/v1/people/668715,2022,24,CIN,NL,3B,28,108,95,12,20,5,0,2,8,0,11,26,2,0,0.211,0.306,0.326,0.632,80.8,1,spencer steer,Spencer Steer,CIN,SS,700000.0,130764.0,700000.0,both,0.311545917131088,0.39485516777291774,80.8,0.0185,0.1019,0.2407,0.286,2.8571,11.4286,0.9029,350000.0,U25
Danny Mendick,664901,/api/v1/people/664901,2022,28,CWS,AL,SS,31,106,97,22,28,4,1,3,15,1,7,23,1,0,0.289,0.343,0.443,0.786,122.3,1,danny mendick,Danny Mendick,CHW,2B,714000.0,670833.0,714000.0,both,0.311545917131088,0.39485516777291774,122.3,0.0283,0.066,0.217,0.484,4.2017,21.0084,1.1008,238000.0,Prime (25-29)
Robinson Canó,429664,/api/v1/people/429664,2022,39,ATL,NL,2B,33,104,100,5,15,1,0,1,4,0,4,25,0,0,0.15,0.183,0.19,0.373,6.9,3,robinson cano,,,,,,,left_only,0.311545917131088,0.39485516777291774,6.9,0.0096,0.0385,0.2404,0.121,,,,,Late (35+)
Michael Papierski,657709,/api/v1/people/657709,2022,26,CIN,NL,C,39,103,91,7,13,1,0,1,4,0,10,26,0,0,0.143,0.228,0.187,0.415,20.5,2,michael papierski,Michael Papierski,DET,C,700000.0,,700000.0,both,0.311545917131088,0.39485516777291774,20.5,0.0097,0.0971,0.2524,0.103,1.4286,5.7143,0.5929,700000.0,Prime (25-29)
Terrin Vavra,679631,/api/v1/people/679631,2022,25,BAL,AL,2B,40,103,89,14,23,2,1,1,12,0,12,19,0,2,0.258,0.34,0.337,0.677,94.5,1,terrin vavra,Terrin Vavra,BAL,SS,700000.0,273066.0,700000.0,both,0.311545917131088,0.39485516777291774,94.5,0.0097,0.1165,0.1845,0.3,1.4286,17.1429,0.9671,700000.0,Prime (25-29)
Peyton Burdick,680814,/api/v1/people/680814,2022,25,MIA,NL,LF,32,102,92,8,19,4,0,4,11,1,8,35,2,0,0.207,0.284,0.38,0.664,87.4,1,peyton burdick,Peyton Burdick,MIA,CF,700000.0,176916.0,700000.0,both,0.311545917131088,0.39485516777291774,87.4,0.0392,0.0784,0.3431,0.344,5.7143,15.7143,0.9486,175000.0,Prime (25-29)
Josh Jung,673962,/api/v1/people/673962,2022,24,TEX,AL,3B,26,102,98,9,20,4,1,5,14,2,4,39,0,0,0.204,0.235,0.418,0.653,81.3,1,josh jung,Josh Jung,TEX,3B,700000.0,99996.0,700000.0,both,0.311545917131088,0.39485516777291774,81.3,0.049,0.0392,0.3824,0.538,7.1429,20.0,0.9329,140000.0,U25
Kyle Stowers,669065,/api/v1/people/669065,2022,24,BAL,AL,LF,34,98,91,11,23,4,1,3,11,0,5,29,2,0,0.253,0.306,0.418,0.724,104.1,1,kyle stowers,Kyle Stowers,BAL,CF,700000.0,196146.0,700000.0,both,0.311545917131088,0.39485516777291774,104.1,0.0306,0.051,0.2959,0.324,4.2857,15.7143,1.0343,233333.0,U25
Sean Bouchard,656248,/api/v1/people/656248,2022,26,COL,NL,LF,27,97,74,9,22,6,0,3,11,0,21,25,1,1,0.297,0.454,0.5,0.954,172.4,1,sean bouchard,Sean Bouchard,COL,1B,700000.0,253836.0,700000.0,both,0.311545917131088,0.39485516777291774,172.4,0.0309,0.2165,0.2577,0.407,4.2857,15.7143,1.3629,233333.0,Prime (25-29)
Travis Demeritte,641513,/api/v1/people/641513,2022,27,ATL,NL,RF,26,96,89,9,19,2,0,3,6,0,6,32,0,1,0.213,0.26,0.337,0.597,68.8,1,travis demeritte,Travis Demeritte,ATL,RF,700000.0,146154.0,700000.0,both,0.311545917131088,0.39485516777291774,68.8,0.0312,0.0625,0.3333,0.231,4.2857,8.5714,0.8529,233333.0,Prime (25-29)
Magneuris Sierra,642423,/api/v1/people/642423,2022,26,LAA,AL,CF,45,96,91,7,15,1,3,0,5,6,4,25,0,0,0.165,0.2,0.242,0.442,25.5,1,magneuris sierra,Magneuris Sierra,LAA,CF,700000.0,253836.0,700000.0,both,0.311545917131088,0.39485516777291774,25.5,0.0,0.0417,0.2604,0.111,0.0,7.1429,0.6314,,Prime (25-29)
Triston Casas,671213,/api/v1/people/671213,2022,22,BOS,AL,1B,27,95,76,11,15,1,0,5,12,1,19,23,0,0,0.197,0.358,0.408,0.766,118.2,1,triston casas,Triston Casas,BOS,3B,700000.0,119226.0,700000.0,both,0.311545917131088,0.39485516777291774,118.2,0.0526,0.2,0.2421,0.444,7.1429,17.1429,1.0943,140000.0,U25
Nick Solak,669256,/api/v1/people/669256,2022,27,TEX,AL,LF,35,95,82,14,17,1,0,3,4,3,7,19,5,0,0.207,0.309,0.329,0.638,82.5,1,nick solak,Nick Solak,TEX,LF,720000.0,395600.0,720000.0,both,0.311545917131088,0.39485516777291774,82.5,0.0316,0.0737,0.2,0.114,4.1667,5.5556,0.8861,240000.0,Prime (25-29)
Nolan Jones,666134,/api/v1/people/666134,2022,24,CLE,AL,RF,28,94,86,10,21,5,0,2,13,0,8,31,0,0,0.244,0.309,0.372,0.681,93.4,1,nolan jones,Nolan Jones,CLE,3B,700000.0,173070.0,700000.0,both,0.311545917131088,0.39485516777291774,93.4,0.0213,0.0851,0.3298,0.464,2.8571,18.5714,0.9729,350000.0,U25
Buddy Kennedy,671083,/api/v1/people/671083,2022,23,AZ,NL,2B,30,94,83,10,18,2,2,1,12,0,8,23,1,2,0.217,0.287,0.325,0.612,74.4,1,buddy kennedy,Buddy Kennedy,ARI,3B,700000.0,196146.0,700000.0,both,0.311545917131088,0.39485516777291774,74.4,0.0106,0.0851,0.2447,0.4,1.4286,17.1429,0.8743,700000.0,U25
Derek Hill,656537,/api/v1/people/656537,2022,26,DET,AL,CF,31,92,83,8,19,2,0,1,3,3,5,28,0,1,0.229,0.27,0.289,0.559,59.9,1,derek hill,Derek Hill,SEA,OF,704900.0,,704900.0,both,0.311545917131088,0.39485516777291774,59.9,0.0109,0.0543,0.3043,0.097,1.4186,4.2559,0.793,704900.0,Prime (25-29)
Edwin Rios,621458,/api/v1/people/621458,2022,28,LAD,NL,DH,27,92,86,12,21,1,0,7,17,0,5,36,1,0,0.244,0.293,0.5,0.793,120.7,1,edwin rios,Edwin Rios,LAD,3B,730000.0,533463.0,730000.0,both,0.311545917131088,0.39485516777291774,120.7,0.0761,0.0543,0.3913,0.63,9.589,23.2877,1.0863,104286.0,Prime (25-29)
Jonathan Davis,641505,/api/v1/people/641505,2022,30,MIL,NL,CF,37,91,76,9,17,1,0,0,4,7,14,26,0,0,0.224,0.344,0.237,0.581,70.4,1,jonathan davis,Jonathan Davis,MIL,CF,700000.0,376908.0,700000.0,both,0.311545917131088,0.39485516777291774,70.4,0.0,0.1538,0.2857,0.108,0.0,5.7143,0.83,,Veteran (30-34)
Mark Mathias,664029,/api/v1/people/664029,2022,27,TEX,AL,DH,30,91,81,13,20,3,0,6,20,3,9,30,0,1,0.247,0.319,0.506,0.825,130.5,2,mark mathias,Mark Mathias,TEX,2B,700000.0,192300.0,700000.0,both,0.311545917131088,0.39485516777291774,130.5,0.0659,0.0989,0.3297,0.667,8.5714,28.5714,1.1786,116667.0,Prime (25-29)
Jason Castro,488771,/api/v1/people/488771,2022,35,HOU,AL,C,34,88,78,6,9,2,0,1,3,1,8,40,1,1,0.115,0.205,0.179,0.384,11.1,1,jason castro,Jason Castro,HOU,C,3750000.0,3750000.0,4750000.0,both,0.311545917131088,0.39485516777291774,11.1,0.0114,0.0909,0.4545,0.088,0.2667,0.8,0.1024,3750000.0,Late (35+)
Jonathan Aranda,666018,/api/v1/people/666018,2022,24,TB,AL,1B,32,87,78,10,15,4,0,2,6,0,8,23,1,0,0.192,0.276,0.321,0.597,69.9,1,jonathan aranda,Jonathan Aranda,TB,1B,700000.0,173070.0,700000.0,both,0.311545917131088,0.39485516777291774,69.9,0.023,0.092,0.2644,0.188,2.8571,8.5714,0.8529,350000.0,U25
Roman Quinn,596451,/api/v1/people/596451,2022,29,TB,AL,LF,44,87,79,15,17,3,2,0,7,4,7,36,1,0,0.215,0.287,0.304,0.591,69.1,2,roman quinn,Roman Quinn,TB,CF,700000.0,292296.0,700000.0,both,0.311545917131088,0.39485516777291774,69.1,0.0,0.0805,0.4138,0.159,0.0,10.0,0.8443,,Prime (25-29)
Tyler Freeman,671289,/api/v1/people/671289,2022,23,CLE,AL,3B,24,86,77,9,19,3,0,0,3,1,4,11,4,1,0.247,0.314,0.286,0.6,73.2,1,tyler freeman,Tyler Freeman,CLE,SS,700000.0,240860.0,700000.0,both,0.311545917131088,0.39485516777291774,73.2,0.0,0.0465,0.1279,0.125,0.0,4.2857,0.8571,,U25
Sandy León,506702,/api/v1/people/506702,2022,33,MIN,AL,C,34,86,71,6,12,3,0,0,4,0,13,27,0,0,0.169,0.298,0.211,0.509,49.1,2,sandy leon,Sandy León,MIN,C,1000000.0,346185.0,1000000.0,both,0.311545917131088,0.39485516777291774,49.1,0.0,0.1512,0.314,0.118,0.0,4.0,0.509,,Veteran (30-34)
Luis Barrera,642456,/api/v1/people/642456,2022,26,OAK,AL,LF,32,85,77,3,18,5,0,1,7,3,6,17,1,1,0.234,0.294,0.338,0.632,80.0,1,luis barrera,Luis Barrera,OAK,CF,700000.0,161532.0,700000.0,both,0.311545917131088,0.39485516777291774,80.0,0.0118,0.0706,0.2,0.219,1.4286,10.0,0.9029,700000.0,Prime (25-29)
Nick Maton,665155,/api/v1/people/665155,2022,25,PHI,NL,2B,35,85,72,13,18,2,1,5,17,0,10,29,1,2,0.25,0.341,0.514,0.855,139.6,1,nick maton,Nick Maton,PHI,SS,700000.0,449982.0,700000.0,both,0.311545917131088,0.39485516777291774,139.6,0.0588,0.1176,0.3412,0.486,7.1429,24.2857,1.2214,140000.0,Prime (25-29)
Andrelton Simmons,592743,/api/v1/people/592743,2022,32,CHC,NL,2B,35,85,75,8,13,1,0,0,7,4,7,13,0,0,0.173,0.244,0.187,0.431,25.7,1,andrelton simmons,,,,,,,left_only,0.311545917131088,0.39485516777291774,25.7,0.0,0.0824,0.1529,0.2,,,,,Veteran (30-34)
Stone Garrett,656448,/api/v1/people/656448,2022,26,AZ,NL,LF,27,84,76,13,21,8,0,4,10,3,3,27,1,1,0.276,0.309,0.539,0.848,135.7,1,stone garrett,Stone Garrett,ARI,OF,700000.0,188454.0,700000.0,both,0.311545917131088,0.39485516777291774,135.7,0.0476,0.0357,0.3214,0.37,5.7143,14.2857,1.2114,175000.0,Prime (25-29)
Ryan Kreidler,668952,/api/v1/people/668952,2022,24,DET,AL,3B,26,84,73,8,13,1,0,1,6,0,6,22,1,2,0.178,0.244,0.233,0.477,37.3,1,ryan kreidler,Ryan Kreidler,DET,SS,700000.0,130764.0,700000.0,both,0.311545917131088,0.39485516777291774,37.3,0.0119,0.0714,0.2619,0.231,1.4286,8.5714,0.6814,700000.0,U25
Yermín Mercedes,606213,/api/v1/people/606213,2022,29,SF,NL,DH,31,83,73,9,17,5,0,1,8,0,9,17,1,0,0.233,0.325,0.342,0.667,90.9,1,yermin mercedes,Yermin Mercedes,SF,C,703000.0,239506.0,703000.0,both,0.311545917131088,0.39485516777291774,90.9,0.012,0.1084,0.2048,0.258,1.4225,11.3798,0.9488,703000.0,Prime (25-29)
René Pinto,650907,/api/v1/people/650907,2022,25,TB,AL,C,25,83,80,5,17,3,0,2,10,0,2,35,1,0,0.213,0.241,0.325,0.566,59.7,1,rene pinto,René Pinto,TB,C,700000.0,249990.0,700000.0,both,0.311545917131088,0.39485516777291774,59.7,0.0241,0.0241,0.4217,0.4,2.8571,14.2857,0.8086,350000.0,Prime (25-29)
Guillermo Heredia,628338,/api/v1/people/628338,2022,31,ATL,NL,LF,74,82,76,12,12,3,1,3,8,0,6,32,0,0,0.158,0.22,0.342,0.562,57.2,1,guillermo heredia,Guillermo Heredia,ATL,CF,1000000.0,1000000.0,1000000.0,both,0.311545917131088,0.39485516777291774,57.2,0.0366,0.0732,0.3902,0.108,3.0,8.0,0.562,333333.0,Veteran (30-34)
Jake Marisnick,545350,/api/v1/people/545350,2022,31,PIT,NL,CF,31,82,77,9,18,6,0,2,6,2,4,24,0,0,0.234,0.272,0.39,0.662,86.1,1,jake marisnick,,,,,,,left_only,0.311545917131088,0.39485516777291774,86.1,0.0244,0.0488,0.2927,0.194,,,,,Veteran (30-34)
Jerar Encarnacion,666464,/api/v1/people/666464,2022,24,MIA,NL,LF,23,81,77,7,14,3,0,3,14,2,3,32,0,1,0.182,0.21,0.338,0.548,53.0,1,jerar encarnacion,Jerar Encarnacion,MIA,OF,700000.0,173070.0,700000.0,both,0.311545917131088,0.39485516777291774,53.0,0.037,0.037,0.3951,0.609,4.2857,20.0,0.7829,233333.0,U25
Matt Thaiss,642136,/api/v1/people/642136,2022,27,LAA,AL,C,29,81,69,9,15,1,0,2,8,1,11,24,0,1,0.217,0.321,0.319,0.64,83.8,1,matt thaiss,Matt Thaiss,LAA,1B,700000.0,176916.0,700000.0,both,0.311545917131088,0.39485516777291774,83.8,0.0247,0.1358,0.2963,0.276,2.8571,11.4286,0.9143,350000.0,Prime (25-29)
Steven Duggar,621453,/api/v1/people/621453,2022,28,LAA,AL,LF,29,80,72,7,11,3,1,0,4,5,7,41,0,1,0.153,0.225,0.222,0.447,28.4,3,steven duggar,,,,,,,left_only,0.311545917131088,0.39485516777291774,28.4,0.0,0.0875,0.5125,0.138,,,,,Prime (25-29)
Donovan Walton,622268,/api/v1/people/622268,2022,28,SF,NL,2B,25,78,76,9,12,8,0,1,8,0,1,16,1,0,0.158,0.179,0.303,0.482,34.2,2,donovan walton,,,,,,,left_only,0.311545917131088,0.39485516777291774,34.2,0.0128,0.0128,0.2051,0.32,,,,,Prime (25-29)
Phil Gosselin,594838,/api/v1/people/594838,2022,33,LAA,AL,3B,34,77,74,6,11,0,1,0,2,0,2,24,1,0,0.149,0.182,0.176,0.358,3.0,2,phil gosselin,,,,,,,left_only,0.311545917131088,0.39485516777291774,3.0,0.0,0.026,0.3117,0.059,,,,,Veteran (30-34)
Jermaine Palacios,650339,/api/v1/people/650339,2022,25,MIN,AL,SS,30,77,70,8,10,0,0,2,6,0,4,27,0,2,0.143,0.184,0.229,0.413,17.1,1,jermaine palacios,Jermaine Palacios,DET,SS,700000.0,157686.0,700000.0,both,0.311545917131088,0.39485516777291774,17.1,0.026,0.0519,0.3506,0.2,2.8571,8.5714,0.59,350000.0,Prime (25-29)
Meibrys Viloria,650619,/api/v1/people/650619,2022,25,TEX,AL,C,26,75,63,10,10,1,0,2,5,0,11,29,0,1,0.159,0.28,0.27,0.55,58.3,1,meibrys viloria,Meibrys Viloria,TEX,C,700000.0,296142.0,700000.0,both,0.311545917131088,0.39485516777291774,58.3,0.0267,0.1467,0.3867,0.192,2.8571,7.1429,0.7857,350000.0,Prime (25-29)
Jack Mayfield,608686,/api/v1/people/608686,2022,31,LAA,AL,2B,23,74,70,8,13,1,1,1,6,1,3,17,1,0,0.186,0.23,0.271,0.501,42.5,1,jack mayfield,Jack Mayfield,LAA,2B,720000.0,181976.0,720000.0,both,0.311545917131088,0.39485516777291774,42.5,0.0135,0.0405,0.2297,0.261,1.3889,8.3333,0.6958,720000.0,Veteran (30-34)
Michael Hermosillo,641684,/api/v1/people/641684,2022,27,CHC,NL,CF,31,73,61,7,7,2,0,0,4,1,7,27,4,0,0.115,0.25,0.148,0.398,17.7,1,michael hermosillo,Michael Hermosillo,CHC,CF,707000.0,675990.0,707000.0,both,0.311545917131088,0.39485516777291774,17.7,0.0,0.0959,0.3699,0.129,0.0,5.6577,0.5629,,Prime (25-29)
Gabriel Moreno,672515,/api/v1/people/672515,2022,22,TOR,AL,C,25,73,69,10,22,1,0,1,7,0,4,8,0,0,0.319,0.356,0.377,0.733,109.7,1,gabriel moreno,Gabriel Moreno,TOR,C,700000.0,226914.0,700000.0,both,0.311545917131088,0.39485516777291774,109.7,0.0137,0.0548,0.1096,0.28,1.4286,10.0,1.0471,700000.0,U25
Patrick Mazeika,664850,/api/v1/people/664850,2022,28,NYM,NL,C,24,72,68,4,13,4,0,1,6,0,2,9,0,0,0.191,0.214,0.294,0.508,43.1,1,patrick mazeika,Patrick Mazeika,SF,C,700000.0,,700000.0,both,0.311545917131088,0.39485516777291774,43.1,0.0139,0.0278,0.125,0.25,1.4286,8.5714,0.7257,700000.0,Prime (25-29)
Luke Raley,670042,/api/v1/people/670042,2022,27,TB,AL,RF,22,72,61,7,12,2,0,1,4,0,7,24,3,1,0.197,0.306,0.279,0.585,68.9,1,luke raley,Luke Raley,TB,CF,700000.0,180762.0,700000.0,both,0.311545917131088,0.39485516777291774,68.9,0.0139,0.0972,0.3333,0.182,1.4286,5.7143,0.8357,700000.0,Prime (25-29)
J.J. Matijevic,656695,/api/v1/people/656695,2022,26,HOU,AL,X,32,71,67,7,14,2,0,2,5,1,2,25,2,0,0.209,0.254,0.328,0.582,64.6,1,jj matijevic,J.J. Matijevic,HOU,2B,700000.0,299988.0,700000.0,both,0.311545917131088,0.39485516777291774,64.6,0.0282,0.0282,0.3521,0.156,2.8571,7.1429,0.8314,350000.0,Prime (25-29)
Miguel Sanó,593934,/api/v1/people/593934,2022,29,MIN,AL,1B,20,71,60,1,5,0,0,1,3,1,9,25,1,1,0.083,0.211,0.133,0.344,1.4,1,miguel sano,Miguel Sano,MIN,1B,9250000.0,9250000.0,10583333.0,both,0.311545917131088,0.39485516777291774,1.4,0.0141,0.1268,0.3521,0.15,0.1081,0.3243,0.0372,9250000.0,Prime (25-29)
Cal Stevenson,670276,/api/v1/people/670276,2022,25,OAK,AL,CF,23,71,60,5,10,3,0,0,1,1,8,23,0,1,0.167,0.261,0.217,0.478,38.7,1,cal stevenson,Cal Stevenson,OAK,OF,700000.0,103842.0,700000.0,both,0.311545917131088,0.39485516777291774,38.7,0.0,0.1127,0.3239,0.043,0.0,1.4286,0.6829,,Prime (25-29)
Daz Cameron,663662,/api/v1/people/663662,2022,25,DET,AL,RF,21,70,64,6,14,3,1,1,8,2,5,20,1,0,0.219,0.286,0.344,0.63,78.9,1,daz cameron,Daz Cameron,DET,OF,700000.0,188454.0,700000.0,both,0.311545917131088,0.39485516777291774,78.9,0.0143,0.0714,0.2857,0.381,1.4286,11.4286,0.9,700000.0,Prime (25-29)
Roberto Pérez,547379,/api/v1/people/547379,2022,33,PIT,NL,C,21,69,60,8,14,2,0,2,8,0,9,25,0,0,0.233,0.333,0.367,0.7,99.8,1,roberto perez,Roberto Pérez,PIT,C,5000000.0,5000000.0,5000000.0,both,0.311545917131088,0.39485516777291774,99.8,0.029,0.1304,0.3623,0.381,0.4,1.6,0.14,2500000.0,Veteran (30-34)
Michael Stefanic,683021,/api/v1/people/683021,2022,26,LAA,AL,2B,25,69,61,5,12,2,0,0,0,0,5,12,2,0,0.197,0.279,0.23,0.509,47.8,1,michael stefanic,Michael Stefanic,LAA,2B,700000.0,180762.0,700000.0,both,0.311545917131088,0.39485516777291774,47.8,0.0,0.0725,0.1739,0.0,0.0,0.0,0.7271,,Prime (25-29)
Garrett Mitchell,669003,/api/v1/people/669003,2022,23,MIL,NL,CF,28,68,61,9,19,3,0,2,9,8,6,28,0,0,0.311,0.373,0.459,0.832,136.0,1,garrett mitchell,Garrett Mitchell,MIL,OF,700000.0,149994.0,700000.0,both,0.311545917131088,0.39485516777291774,136.0,0.0294,0.0882,0.4118,0.321,2.8571,12.8571,1.1886,350000.0,U25
Chris Owings,572008,/api/v1/people/572008,2022,30,BAL,AL,2B,27,68,56,6,6,2,0,0,0,1,10,24,1,0,0.107,0.254,0.143,0.397,17.7,1,chris owings,,,,,,,left_only,0.311545917131088,0.39485516777291774,17.7,0.0,0.1471,0.3529,0.0,,,,,Veteran (30-34)
Jordan Groshans,677954,/api/v1/people/677954,2022,22,MIA,NL,3B,17,65,61,9,16,0,0,1,2,0,4,13,0,0,0.262,0.308,0.311,0.619,77.6,1,jordan groshans,Jordan Groshans,MIA,SS,700000.0,84612.0,700000.0,both,0.311545917131088,0.39485516777291774,77.6,0.0154,0.0615,0.2,0.118,1.4286,2.8571,0.8843,700000.0,U25
Matt Wallner,670242,/api/v1/people/670242,2022,24,MIN,AL,RF,18,65,57,4,13,3,0,2,10,1,6,25,2,0,0.228,0.323,0.386,0.709,101.4,1,matt wallner,Matt Wallner,MIN,RF,700000.0,73074.0,700000.0,both,0.311545917131088,0.39485516777291774,101.4,0.0308,0.0923,0.3846,0.556,2.8571,14.2857,1.0129,350000.0,U25
Travis Jankowski,608671,/api/v1/people/608671,2022,31,SEA,AL,CF,44,64,55,11,9,0,0,0,2,3,8,10,1,0,0.164,0.281,0.164,0.445,31.7,2,travis jankowski,,,,,,,left_only,0.311545917131088,0.39485516777291774,31.7,0.0,0.125,0.1562,0.045,,,,,Veteran (30-34)
Cole Tucker,657061,/api/v1/people/657061,2022,25,PIT,NL,RF,18,63,63,3,11,1,1,0,2,1,0,25,0,0,0.175,0.175,0.222,0.397,12.4,1,cole tucker,Cole Tucker,ARI,SS,715000.0,,715000.0,both,0.311545917131088,0.39485516777291774,12.4,0.0,0.0,0.3968,0.111,0.0,2.7972,0.5552,,Prime (25-29)
Willie Calhoun,641432,/api/v1/people/641432,2022,27,SF,NL,DH,22,62,52,7,7,3,0,1,3,0,9,8,1,0,0.135,0.274,0.25,0.524,51.3,2,willie calhoun,Willie Calhoun,SF,DH,1300000.0,735729.0,1300000.0,both,0.311545917131088,0.39485516777291774,51.3,0.0161,0.1452,0.129,0.136,0.7692,2.3077,0.4031,1300000.0,Prime (25-29)
Juan Lagares,501571,/api/v1/people/501571,2022,33,LAA,AL,RF,20,62,60,4,11,2,1,0,0,0,2,15,0,0,0.183,0.21,0.25,0.46,30.7,1,juan lagares,,,,,,,left_only,0.311545917131088,0.39485516777291774,30.7,0.0,0.0323,0.2419,0.0,,,,,Veteran (30-34)
Kyle Lewis,641786,/api/v1/people/641786,2022,26,SEA,AL,DH,18,62,56,6,8,0,0,3,5,0,5,19,1,0,0.143,0.226,0.304,0.53,49.5,1,kyle lewis,Kyle Lewis,SEA,OF,757900.0,524664.0,757900.0,both,0.311545917131088,0.39485516777291774,49.5,0.0484,0.0806,0.3065,0.278,3.9583,6.5972,0.6993,252633.0,Prime (25-29)
Will Benson,666181,/api/v1/people/666181,2022,24,CLE,AL,CF,28,61,55,8,10,1,0,0,3,0,3,19,2,0,0.182,0.25,0.2,0.45,30.9,1,will benson,Will Benson,CLE,OF,700000.0,248387.0,700000.0,both,0.311545917131088,0.39485516777291774,30.9,0.0,0.0492,0.3115,0.107,0.0,4.2857,0.6429,,U25
Mark Contreras,676628,/api/v1/people/676628,2022,27,MIN,AL,CF,28,61,58,9,7,1,0,3,6,1,1,21,1,1,0.121,0.148,0.293,0.441,21.7,1,mark contreras,Mark Contreras,MIN,OF,700000.0,211530.0,700000.0,both,0.311545917131088,0.39485516777291774,21.7,0.0492,0.0164,0.3443,0.214,4.2857,8.5714,0.63,233333.0,Prime (25-29)
Yairo Muñoz,622168,/api/v1/people/622168,2022,27,PHI,NL,2B,29,60,57,7,12,2,0,3,7,1,3,10,0,0,0.211,0.25,0.404,0.654,82.6,1,yairo munoz,Yairo Munoz,PHI,SS,700000.0,265374.0,700000.0,both,0.311545917131088,0.39485516777291774,82.6,0.05,0.05,0.1667,0.241,4.2857,10.0,0.9343,233333.0,Prime (25-29)
Hoy Park,660829,/api/v1/people/660829,2022,26,PIT,NL,2B,23,60,51,7,11,2,0,2,6,1,4,15,1,2,0.216,0.276,0.373,0.649,83.1,1,hoy park,Hoy Park,PIT,2B,705000.0,705000.0,705000.0,both,0.311545917131088,0.39485516777291774,83.1,0.0333,0.0667,0.25,0.261,2.8369,8.5106,0.9206,352500.0,Prime (25-29)
Chuckie Robinson,642020,/api/v1/people/642020,2022,27,CIN,NL,C,25,60,59,3,8,2,0,2,5,0,0,17,0,0,0.136,0.136,0.271,0.407,12.3,1,chuckie robinson,Chuckie Robinson,CIN,C,700000.0,169224.0,700000.0,both,0.311545917131088,0.39485516777291774,12.3,0.0333,0.0,0.2833,0.2,2.8571,7.1429,0.5814,350000.0,Prime (25-29)
Anthony Bemboom,621532,/api/v1/people/621532,2022,32,BAL,AL,C,22,59,52,4,6,2,0,1,1,0,6,17,0,0,0.115,0.207,0.212,0.419,20.1,1,anthony bemboom,Anthony Bemboom,BAL,C,780000.0,210000.0,780000.0,both,0.311545917131088,0.39485516777291774,20.1,0.0169,0.1017,0.2881,0.045,1.2821,1.2821,0.5372,780000.0,Veteran (30-34)
Conner Capel,668843,/api/v1/people/668843,2022,25,OAK,AL,RF,22,59,52,7,16,0,1,3,11,1,5,10,0,2,0.308,0.356,0.519,0.875,145.7,2,conner capel,Conner Capel,OAK,RF,700000.0,57690.0,700000.0,both,0.311545917131088,0.39485516777291774,145.7,0.0508,0.0847,0.1695,0.5,4.2857,15.7143,1.25,233333.0,Prime (25-29)
Jake Hager,606993,/api/v1/people/606993,2022,29,AZ,NL,2B,28,59,50,4,12,2,0,0,3,0,8,17,0,0,0.24,0.345,0.28,0.625,81.7,1,jake hager,Jake Hager,ARI,OF,700000.0,215376.0,700000.0,both,0.311545917131088,0.39485516777291774,81.7,0.0,0.1356,0.2881,0.107,0.0,4.2857,0.8929,,Prime (25-29)
Livan Soto,670869,/api/v1/people/670869,2022,22,LAA,AL,SS,18,59,55,9,22,5,1,1,9,1,2,13,0,1,0.4,0.414,0.582,0.996,180.3,1,livan soto,Livan Soto,LAA,SS,700000.0,73074.0,700000.0,both,0.311545917131088,0.39485516777291774,180.3,0.0169,0.0339,0.2203,0.5,1.4286,12.8571,1.4229,700000.0,U25
Dee Strange-Gordon,543829,/api/v1/people/543829,2022,34,WSH,NL,SS,23,59,59,6,18,1,1,0,2,3,0,8,0,0,0.305,0.305,0.356,0.661,88.1,1,dee strangegordon,,,,,,,left_only,0.311545917131088,0.39485516777291774,88.1,0.0,0.0,0.1356,0.087,,,,,Veteran (30-34)
Gabriel Arias,672356,/api/v1/people/672356,2022,22,CLE,AL,3B,16,57,47,9,9,1,1,1,5,1,8,16,1,0,0.191,0.321,0.319,0.64,83.8,1,gabriel arias,Gabriel Arias,CLE,SS,700000.0,71505.0,700000.0,both,0.311545917131088,0.39485516777291774,83.8,0.0175,0.1404,0.2807,0.312,1.4286,7.1429,0.9143,700000.0,U25
David MacKinnon,676950,/api/v1/people/676950,2022,27,OAK,AL,1B,22,57,50,2,7,0,0,0,6,0,6,17,0,1,0.14,0.228,0.14,0.368,8.6,2,david mackinnon,David MacKinnon,OAK,1B,700000.0,46152.0,700000.0,both,0.311545917131088,0.39485516777291774,8.6,0.0,0.1053,0.2982,0.273,0.0,8.5714,0.5257,,Prime (25-29)
Billy McKinney,641856,/api/v1/people/641856,2022,27,OAK,AL,RF,23,57,52,3,5,1,0,1,4,0,4,16,0,1,0.096,0.158,0.173,0.331,-5.5,1,billy mckinney,Billy McKinney,OAK,DH,800000.0,162637.0,800000.0,both,0.311545917131088,0.39485516777291774,-5.5,0.0175,0.0702,0.2807,0.174,1.25,5.0,0.4138,800000.0,Prime (25-29)
Oswald Peraza,672724,/api/v1/people/672724,2022,22,NYY,AL,SS,18,57,49,8,15,3,0,1,2,2,6,9,2,0,0.306,0.404,0.429,0.833,138.3,1,oswald peraza,Oswald Peraza,NYY,SS,700000.0,130764.0,700000.0,both,0.311545917131088,0.39485516777291774,138.3,0.0175,0.1053,0.1579,0.111,1.4286,2.8571,1.19,700000.0,U25
Jose Rojas,670351,/api/v1/people/670351,2022,29,LAA,AL,3B,22,57,56,1,7,2,0,0,1,0,0,19,1,0,0.125,0.14,0.161,0.301,-14.3,1,jose rojas,,,,,,,left_only,0.311545917131088,0.39485516777291774,-14.3,0.0,0.0,0.3333,0.045,,,,,Prime (25-29)
Justin Upton,457708,/api/v1/people/457708,2022,34,SEA,AL,DH,17,57,48,2,6,1,0,1,3,0,6,23,3,0,0.125,0.263,0.208,0.471,37.1,1,justin upton,,,,,,,left_only,0.311545917131088,0.39485516777291774,37.1,0.0175,0.1053,0.4035,0.176,,,,,Veteran (30-34)
Connor Wong,657136,/api/v1/people/657136,2022,26,BOS,AL,C,27,56,48,8,9,3,0,1,7,0,5,16,1,1,0.188,0.273,0.313,0.586,66.9,1,connor wong,Connor Wong,BOS,C,700000.0,199992.0,700000.0,both,0.311545917131088,0.39485516777291774,66.9,0.0179,0.0893,0.2857,0.259,1.4286,10.0,0.8371,700000.0,Prime (25-29)
Willians Astudillo,553902,/api/v1/people/553902,2022,30,MIA,NL,3B,21,55,54,5,13,0,0,1,4,1,1,3,0,0,0.241,0.255,0.296,0.551,56.8,1,willians astudillo,Willians Astudillo,MIA,C,700000.0,142302.0,700000.0,both,0.311545917131088,0.39485516777291774,56.8,0.0182,0.0182,0.0545,0.19,1.4286,5.7143,0.7871,700000.0,Veteran (30-34)
Nick Ahmed,605113,/api/v1/people/605113,2022,32,AZ,NL,SS,17,54,52,7,12,2,0,3,7,0,2,15,0,0,0.231,0.259,0.442,0.701,95.1,1,nick ahmed,Nick Ahmed,ARI,SS,7750000.0,8250000.0,8125000.0,both,0.311545917131088,0.39485516777291774,95.1,0.0556,0.037,0.2778,0.412,0.3871,0.9032,0.0905,2583333.0,Veteran (30-34)
Adalberto Mondesi,609275,/api/v1/people/609275,2022,26,KC,AL,SS,15,54,50,3,7,0,0,0,3,5,4,20,0,0,0.14,0.204,0.14,0.344,0.9,1,adalberto mondesi,Adalberto Mondesi,KC,SS,3000000.0,3000000.0,3000000.0,both,0.311545917131088,0.39485516777291774,0.9,0.0,0.0741,0.3704,0.2,0.0,1.0,0.1147,,Prime (25-29)
Tres Barrera,668663,/api/v1/people/668663,2022,27,WSH,NL,C,19,53,50,2,9,1,0,0,4,0,2,16,0,0,0.18,0.212,0.2,0.412,18.7,1,tres barrera,Tres Barrera,WSH,C,700000.0,334602.0,700000.0,both,0.311545917131088,0.39485516777291774,18.7,0.0,0.0377,0.3019,0.211,0.0,5.7143,0.5886,,Prime (25-29)
Alec Burleson,676475,/api/v1/people/676475,2022,23,STL,NL,RF,16,53,48,4,9,1,0,1,3,1,5,9,0,0,0.188,0.264,0.271,0.535,53.4,1,alec burleson,Alec Burleson,STL,OF,700000.0,107688.0,700000.0,both,0.311545917131088,0.39485516777291774,53.4,0.0189,0.0943,0.1698,0.188,1.4286,4.2857,0.7643,700000.0,U25
Jordan Diaz,672478,/api/v1/people/672478,2022,21,OAK,AL,2B,15,51,49,3,13,3,0,0,1,0,2,7,0,0,0.265,0.294,0.327,0.621,77.2,1,jordan diaz,Jordan Diaz,OAK,3B,700000.0,65382.0,700000.0,both,0.311545917131088,0.39485516777291774,77.2,0.0,0.0392,0.1373,0.067,0.0,1.4286,0.8871,,U25
Luis Campusano,669134,/api/v1/people/669134,2022,23,SD,NL,C,16,50,48,4,12,1,0,1,5,0,1,11,0,1,0.25,0.26,0.333,0.593,67.8,1,luis campusano,Luis Campusano,SD,C,700000.0,180762.0,700000.0,both,0.311545917131088,0.39485516777291774,67.8,0.02,0.02,0.22,0.312,1.4286,7.1429,0.8471,700000.0,U25
Miguel Vargas,678246,/api/v1/people/678246,2022,22,LAD,NL,1B,18,50,47,4,8,1,0,1,8,1,2,13,0,1,0.17,0.2,0.255,0.455,28.8,1,miguel vargas,Miguel Vargas,LAD,3B,700000.0,153840.0,700000.0,both,0.311545917131088,0.39485516777291774,28.8,0.02,0.04,0.26,0.444,1.4286,11.4286,0.65,700000.0,U25
Joshua Palacios,641943,/api/v1/people/641943,2022,26,WSH,NL,RF,29,49,47,8,10,2,0,0,2,1,1,15,1,0,0.213,0.245,0.255,0.5,43.2,1,joshua palacios,Joshua Palacios,WSH,CF,701700.0,223590.0,701700.0,both,0.311545917131088,0.39485516777291774,43.2,0.0,0.0204,0.3061,0.069,0.0,2.8502,0.7126,,Prime (25-29)
Matt Beaty,607461,/api/v1/people/607461,2022,29,SD,NL,RF,20,47,43,6,4,1,1,0,1,0,2,8,2,0,0.093,0.17,0.163,0.333,-4.2,1,matt beaty,,,,,,,left_only,0.311545917131088,0.39485516777291774,-4.2,0.0,0.0426,0.1702,0.05,,,,,Prime (25-29)
Cam Gallagher,595956,/api/v1/people/595956,2022,29,KC,AL,C,18,47,42,1,9,5,0,0,5,0,3,13,0,0,0.214,0.267,0.333,0.6,70.0,1,cam gallagher,Cam Gallagher,BAL,C,885000.0,,885000.0,both,0.311545917131088,0.39485516777291774,70.0,0.0,0.0638,0.2766,0.278,0.0,5.6497,0.678,,Prime (25-29)
Esteban Quiroz,606019,/api/v1/people/606019,2022,30,CHC,NL,2B,14,47,40,3,11,0,0,0,3,1,4,9,2,0,0.275,0.37,0.275,0.645,88.4,1,esteban quiroz,Esteban Quiroz,CHC,2B,700000.0,69228.0,700000.0,both,0.311545917131088,0.39485516777291774,88.4,0.0,0.0851,0.1915,0.214,0.0,4.2857,0.9214,,Veteran (30-34)
Andrew Knapp,595284,/api/v1/people/595284,2022,30,SF,NL,C,16,46,39,4,5,1,0,0,4,0,5,12,1,1,0.128,0.239,0.154,0.393,15.7,3,andrew knapp,Andrew Knapp,SF,C,700000.0,26922.0,700000.0,both,0.311545917131088,0.39485516777291774,15.7,0.0,0.1087,0.2609,0.25,0.0,5.7143,0.5614,,Veteran (30-34)
Tim Locastro,641796,/api/v1/people/641796,2022,29,NYY,AL,X,38,46,43,13,8,1,0,2,4,8,2,7,1,0,0.186,0.239,0.349,0.588,65.1,1,tim locastro,Tim Locastro,NYY,OF,900000.0,519225.0,900000.0,both,0.311545917131088,0.39485516777291774,65.1,0.0435,0.0435,0.1522,0.105,2.2222,4.4444,0.6533,450000.0,Prime (25-29)
Will Brennan,686823,/api/v1/people/686823,2022,24,CLE,AL,LF,11,45,42,6,15,1,1,1,8,2,2,4,1,0,0.357,0.4,0.5,0.9,155.0,1,will brennan,Will Brennan,CLE,CF,700000.0,56451.0,700000.0,both,0.311545917131088,0.39485516777291774,155.0,0.0222,0.0444,0.0889,0.727,1.4286,11.4286,1.2857,700000.0,U25
Clint Frazier,640449,/api/v1/people/640449,2022,27,CHC,NL,DH,19,45,37,4,8,3,0,0,1,1,7,11,1,0,0.216,0.356,0.297,0.653,89.5,1,clint frazier,Clint Frazier,CHC,OF,1500000.0,1500000.0,1500000.0,both,0.311545917131088,0.39485516777291774,89.5,0.0,0.1556,0.2444,0.053,0.0,0.6667,0.4353,,Prime (25-29)
Niko Goodrum,592348,/api/v1/people/592348,2022,30,HOU,AL,2B,15,45,43,2,5,2,0,0,1,1,2,23,0,0,0.116,0.156,0.163,0.319,-8.6,1,niko goodrum,,,,,,,left_only,0.311545917131088,0.39485516777291774,-8.6,0.0,0.0444,0.5111,0.067,,,,,Veteran (30-34)
Yolmer Sánchez,570560,/api/v1/people/570560,2022,30,NYM,NL,3B,17,44,37,1,4,0,0,0,2,0,5,13,0,0,0.108,0.214,0.108,0.322,-4.0,2,yolmer sanchez,Yolmer Sánchez,NYM,2B,700000.0,34614.0,700000.0,both,0.311545917131088,0.39485516777291774,-4.0,0.0,0.1136,0.2955,0.118,0.0,2.8571,0.46,,Veteran (30-34)
Brett Baty,683146,/api/v1/people/683146,2022,22,NYM,NL,3B,11,42,38,4,7,0,0,2,5,0,2,8,1,0,0.184,0.244,0.342,0.586,64.9,1,brett baty,Brett Baty,NYM,3B,700000.0,188454.0,700000.0,both,0.311545917131088,0.39485516777291774,64.9,0.0476,0.0476,0.1905,0.455,2.8571,7.1429,0.8371,350000.0,U25
Wynton Bernard,592144,/api/v1/people/592144,2022,31,COL,NL,CF,12,42,42,9,12,1,0,0,3,3,0,8,0,0,0.286,0.286,0.31,0.596,70.3,1,wynton bernard,Wynton Bernard,COL,LF,700000.0,69228.0,700000.0,both,0.311545917131088,0.39485516777291774,70.3,0.0,0.0,0.1905,0.25,0.0,4.2857,0.8514,,Veteran (30-34)
Tom Murphy,608596,/api/v1/people/608596,2022,31,SEA,AL,C,14,42,33,9,10,2,0,1,1,0,8,13,0,0,0.303,0.439,0.455,0.894,156.1,1,tom murphy,Tom Murphy,SEA,C,1575000.0,1575000.0,1575000.0,both,0.311545917131088,0.39485516777291774,156.1,0.0238,0.1905,0.3095,0.071,0.6349,0.6349,0.5676,1575000.0,Veteran (30-34)
Jonathan Araúz,660620,/api/v1/people/660620,2022,23,BAL,AL,3B,15,41,38,3,5,0,0,1,5,0,1,12,0,1,0.132,0.15,0.211,0.361,1.6,2,jonathan arauz,Jonathan Araúz,BAL,SS,710000.0,234060.0,710000.0,both,0.311545917131088,0.39485516777291774,1.6,0.0244,0.0244,0.2927,0.333,1.4085,7.0423,0.5085,710000.0,U25
Jeter Downs,669023,/api/v1/people/669023,2022,23,BOS,AL,2B,14,41,39,4,6,1,0,1,4,0,1,21,0,1,0.154,0.171,0.256,0.427,19.7,1,jeter downs,Jeter Downs,BOS,SS,700000.0,92304.0,700000.0,both,0.311545917131088,0.39485516777291774,19.7,0.0244,0.0244,0.5122,0.286,1.4286,5.7143,0.61,700000.0,U25
Erik González,570481,/api/v1/people/570481,2022,30,MIA,NL,SS,16,41,37,4,7,1,0,0,3,1,4,12,0,0,0.189,0.268,0.216,0.484,40.7,1,erik gonzalez,Erik Gonzalez,MIA,SS,700000.0,88458.0,700000.0,both,0.311545917131088,0.39485516777291774,40.7,0.0,0.0976,0.2927,0.188,0.0,4.2857,0.6914,,Veteran (30-34)
Royce Lewis,668904,/api/v1/people/668904,2022,23,MIN,AL,SS,12,41,40,5,12,4,0,2,5,0,1,5,0,0,0.3,0.317,0.55,0.867,141.0,1,royce lewis,Royce Lewis,MIN,SS,700000.0,542286.0,700000.0,both,0.311545917131088,0.39485516777291774,141.0,0.0488,0.0244,0.122,0.417,2.8571,7.1429,1.2386,350000.0,U25
Dom Nuñez,624513,/api/v1/people/624513,2022,27,COL,NL,C,14,41,33,3,4,1,0,0,2,0,6,10,0,2,0.121,0.244,0.152,0.396,16.8,1,dom nunez,Dom Nunez,COL,C,705000.0,209196.0,705000.0,both,0.311545917131088,0.39485516777291774,16.8,0.0,0.1463,0.2439,0.143,0.0,2.8369,0.5617,,Prime (25-29)
Mark Vientos,668901,/api/v1/people/668901,2022,22,NYM,NL,DH,16,41,36,3,6,1,0,1,3,0,5,12,0,0,0.167,0.268,0.278,0.546,56.4,1,mark vientos,Mark Vientos,NYM,3B,700000.0,96150.0,700000.0,both,0.311545917131088,0.39485516777291774,56.4,0.0244,0.122,0.2927,0.188,1.4286,4.2857,0.78,700000.0,U25
Chad Wallach,595453,/api/v1/people/595453,2022,30,LAA,AL,C,12,40,35,3,5,1,0,1,4,0,4,9,0,0,0.143,0.231,0.257,0.488,39.2,1,chad wallach,Chad Wallach,LAA,C,700000.0,88458.0,700000.0,both,0.311545917131088,0.39485516777291774,39.2,0.025,0.1,0.225,0.333,1.4286,5.7143,0.6971,700000.0,Veteran (30-34)
Lewis Brinson,621446,/api/v1/people/621446,2022,28,SF,NL,CF,16,39,36,5,6,2,0,3,4,1,2,14,0,0,0.167,0.211,0.472,0.683,87.3,1,lewis brinson,Lewis Brinson,SF,CF,700000.0,80766.0,700000.0,both,0.311545917131088,0.39485516777291774,87.3,0.0769,0.0513,0.359,0.25,4.2857,5.7143,0.9757,233333.0,Prime (25-29)
Abraham Almonte,501659,/api/v1/people/501659,2022,33,BOS,AL,X,15,37,35,7,9,2,0,1,2,1,1,12,1,0,0.257,0.297,0.4,0.697,96.6,1,abraham almonte,Abraham Almonte,BOS,CF,700000.0,107688.0,700000.0,both,0.311545917131088,0.39485516777291774,96.6,0.027,0.027,0.3243,0.133,1.4286,2.8571,0.9957,700000.0,Veteran (30-34)
Jihwan Bae,678225,/api/v1/people/678225,2022,22,PIT,NL,CF,10,37,33,5,11,3,0,0,6,3,2,6,2,0,0.333,0.405,0.424,0.829,137.4,1,jihwan bae,Ji-Hwan Bae,PIT,SS,700000.0,46152.0,700000.0,both,0.311545917131088,0.39485516777291774,137.4,0.0,0.0541,0.1622,0.6,0.0,8.5714,1.1843,,U25
Matt Davidson,571602,/api/v1/people/571602,2022,31,OAK,AL,3B,13,37,34,3,5,0,0,2,3,0,3,13,0,0,0.147,0.216,0.324,0.54,51.4,2,matt davidson,Matt Davidson,OAK,1B,700000.0,53844.0,700000.0,both,0.311545917131088,0.39485516777291774,51.4,0.0541,0.0811,0.3514,0.231,2.8571,4.2857,0.7714,350000.0,Veteran (30-34)
Alex Dickerson,543105,/api/v1/people/543105,2022,32,ATL,NL,DH,13,36,33,3,4,0,0,1,2,0,3,9,0,0,0.121,0.194,0.212,0.406,16.0,1,alex dickerson,Alex Dickerson,ATL,LF,1000000.0,1000000.0,1000000.0,both,0.311545917131088,0.39485516777291774,16.0,0.0278,0.0833,0.25,0.154,1.0,2.0,0.406,1000000.0,Veteran (30-34)
Brent Rooker,667670,/api/v1/people/667670,2022,27,KC,AL,X,16,36,32,1,4,1,0,0,2,0,3,11,1,0,0.125,0.222,0.156,0.378,10.8,2,brent rooker,Brent Rooker,KC,OF,700000.0,115380.0,700000.0,both,0.311545917131088,0.39485516777291774,10.8,0.0,0.0833,0.3056,0.125,0.0,2.8571,0.54,,Prime (25-29)
Esteury Ruiz,665923,/api/v1/people/665923,2022,23,MIL,NL,LF,17,36,35,3,6,1,1,0,2,1,1,7,0,0,0.171,0.194,0.257,0.451,27.4,2,esteury ruiz,Esteury Ruiz,MIL,LF,700000.0,30768.0,700000.0,both,0.311545917131088,0.39485516777291774,27.4,0.0,0.0278,0.1944,0.118,0.0,2.8571,0.6443,,U25
Lenyn Sosa,672820,/api/v1/people/672820,2022,22,CWS,AL,2B,11,36,35,3,4,1,0,1,1,0,1,12,0,0,0.114,0.139,0.229,0.368,2.6,1,lenyn sosa,Lenyn Sosa,CHW,SS,700000.0,63978.0,700000.0,both,0.311545917131088,0.39485516777291774,2.6,0.0278,0.0278,0.3333,0.091,1.4286,1.4286,0.5257,700000.0,U25
Estevan Florial,664314,/api/v1/people/664314,2022,24,NYY,AL,CF,17,35,31,4,3,0,0,0,1,2,3,13,1,0,0.097,0.2,0.097,0.297,-11.2,1,estevan florial,Estevan Florial,NYY,OF,700000.0,107688.0,700000.0,both,0.311545917131088,0.39485516777291774,-11.2,0.0,0.0857,0.3714,0.059,0.0,1.4286,0.4243,,U25
Payton Henry,668721,/api/v1/people/668721,2022,25,MIA,NL,C,15,35,28,2,4,0,0,0,4,0,5,8,2,0,0.143,0.314,0.143,0.457,37.0,1,payton henry,Payton Henry,MIA,C,702000.0,208286.0,702000.0,both,0.311545917131088,0.39485516777291774,37.0,0.0,0.1429,0.2286,0.267,0.0,5.698,0.651,,Prime (25-29)
Elier Hernandez,609274,/api/v1/people/609274,2022,27,TEX,AL,LF,14,35,33,4,6,2,0,0,3,0,1,15,0,1,0.182,0.2,0.242,0.442,25.5,1,elier hernandez,Elier Hernandez,TEX,RF,700000.0,126918.0,700000.0,both,0.311545917131088,0.39485516777291774,25.5,0.0,0.0286,0.4286,0.214,0.0,4.2857,0.6314,,Prime (25-29)
Ezequiel Tovar,678662,/api/v1/people/678662,2022,20,COL,NL,SS,9,35,33,2,7,1,0,1,2,0,2,9,0,0,0.212,0.257,0.333,0.59,66.8,1,ezequiel tovar,Ezequiel Tovar,COL,SS,700000.0,49998.0,700000.0,both,0.311545917131088,0.39485516777291774,66.8,0.0286,0.0571,0.2571,0.222,1.4286,2.8571,0.8429,700000.0,U25
David Hensley,682073,/api/v1/people/682073,2022,26,HOU,AL,DH,16,34,29,7,10,2,1,1,5,0,5,6,0,0,0.345,0.441,0.586,1.027,190.0,1,david hensley,David Hensley,HOU,SS,700000.0,176916.0,700000.0,both,0.311545917131088,0.39485516777291774,190.0,0.0294,0.1471,0.1765,0.312,1.4286,7.1429,1.4671,700000.0,Prime (25-29)
Kevin Padlo,656821,/api/v1/people/656821,2022,25,PIT,NL,3B,13,34,33,0,4,1,0,0,3,0,1,10,0,0,0.121,0.147,0.152,0.299,-14.3,3,kevin padlo,Kevin Padlo,PIT,3B,700000.0,26922.0,700000.0,both,0.311545917131088,0.39485516777291774,-14.3,0.0,0.0294,0.2941,0.231,0.0,4.2857,0.4271,,Prime (25-29)
Zach Reks,676646,/api/v1/people/676646,2022,28,TEX,AL,LF,16,34,34,3,9,1,0,0,3,0,0,10,0,0,0.265,0.265,0.294,0.559,59.5,1,zach reks,Zach Reks,TEX,OF,700000.0,169224.0,700000.0,both,0.311545917131088,0.39485516777291774,59.5,0.0,0.0,0.2941,0.188,0.0,4.2857,0.7986,,Prime (25-29)
Kelvin Gutiérrez,642721,/api/v1/people/642721,2022,27,BAL,AL,3B,12,33,28,2,4,1,0,0,3,1,4,8,0,0,0.143,0.25,0.179,0.429,25.6,1,kelvin gutierrez,Kelvin Gutierrez,BAL,3B,706500.0,116456.0,706500.0,both,0.311545917131088,0.39485516777291774,25.6,0.0,0.1212,0.2424,0.25,0.0,4.2463,0.6072,,Prime (25-29)
Richie Martin Jr.,621006,/api/v1/people/621006,2022,27,BAL,AL,2B,13,33,30,4,5,0,2,0,3,3,3,10,0,0,0.167,0.242,0.3,0.542,53.7,1,richie martin,Richie Martin,BAL,SS,700000.0,99996.0,700000.0,both,0.311545917131088,0.39485516777291774,53.7,0.0,0.0909,0.303,0.231,0.0,4.2857,0.7743,,Prime (25-29)
Cody Thomas,642137,/api/v1/people/642137,2022,27,OAK,AL,LF,10,32,30,1,8,0,0,0,0,0,2,12,0,0,0.267,0.313,0.267,0.58,68.1,1,cody thomas,Cody Thomas,OAK,OF,700000.0,76920.0,700000.0,both,0.311545917131088,0.39485516777291774,68.1,0.0,0.0625,0.375,0.0,0.0,0.0,0.8286,,Prime (25-29)
Nick Plummer,663911,/api/v1/people/663911,2022,25,NYM,NL,RF,14,31,29,4,4,1,0,2,6,0,1,12,1,0,0.138,0.194,0.379,0.573,58.3,1,nick plummer,Nick Plummer,NYM,OF,700000.0,134610.0,700000.0,both,0.311545917131088,0.39485516777291774,58.3,0.0645,0.0323,0.3871,0.429,2.8571,8.5714,0.8186,350000.0,Prime (25-29)
Sebastián Rivero,665861,/api/v1/people/665861,2022,23,KC,AL,C,17,29,26,2,4,0,0,0,1,0,2,10,0,0,0.154,0.214,0.154,0.368,7.7,1,sebastian rivero,Sebastian Rivero,KC,C,700000.0,265374.0,700000.0,both,0.311545917131088,0.39485516777291774,7.7,0.0,0.069,0.3448,0.059,0.0,1.4286,0.5257,,U25
Lucius Fox,665650,/api/v1/people/665650,2022,24,WSH,NL,SS,10,28,25,2,2,0,0,0,2,1,1,9,0,0,0.08,0.115,0.08,0.195,-42.8,1,lucius fox,Lucius Fox,WSH,SS,700000.0,134610.0,700000.0,both,0.311545917131088,0.39485516777291774,-42.8,0.0,0.0357,0.3214,0.2,0.0,2.8571,0.2786,,U25
Dalton Guthrie,656495,/api/v1/people/656495,2022,26,PHI,NL,RF,14,28,21,3,7,0,0,1,5,1,6,7,1,0,0.333,0.5,0.476,0.976,181.0,1,dalton guthrie,Dalton Guthrie,PHI,SS,700000.0,119226.0,700000.0,both,0.311545917131088,0.39485516777291774,181.0,0.0357,0.2143,0.25,0.357,1.4286,7.1429,1.3943,700000.0,Prime (25-29)
Yonny Hernández,660634,/api/v1/people/660634,2022,24,AZ,NL,3B,12,28,24,2,2,0,0,0,0,2,2,4,0,0,0.083,0.154,0.083,0.237,-29.5,1,yonny hernandez,Yonny Hernandez,ARI,SS,700000.0,146148.0,700000.0,both,0.311545917131088,0.39485516777291774,-29.5,0.0,0.0714,0.1429,0.0,0.0,0.0,0.3386,,U25
Eddy Alvarez,657193,/api/v1/people/657193,2022,32,LAD,NL,3B,14,27,25,1,4,0,0,0,3,1,0,9,0,1,0.16,0.154,0.16,0.314,-10.0,1,eddy alvarez,Eddy Alvarez,LAD,RF,700000.0,115380.0,700000.0,both,0.311545917131088,0.39485516777291774,-10.0,0.0,0.0,0.3333,0.214,0.0,4.2857,0.4486,,Veteran (30-34)
Jaylin Davis,664041,/api/v1/people/664041,2022,27,BOS,AL,CF,12,27,24,4,8,1,0,0,2,0,3,11,0,0,0.333,0.407,0.375,0.782,125.6,1,jaylin davis,Jaylin Davis,BOS,RF,700000.0,99996.0,700000.0,both,0.311545917131088,0.39485516777291774,125.6,0.0,0.1111,0.4074,0.167,0.0,2.8571,1.1171,,Prime (25-29)
Max Schrock,621011,/api/v1/people/621011,2022,27,CIN,NL,X,13,27,26,1,4,0,0,0,1,0,1,6,0,0,0.154,0.185,0.154,0.339,-1.6,1,max schrock,,,,,,,left_only,0.311545917131088,0.39485516777291774,-1.6,0.0,0.037,0.2222,0.077,,,,,Prime (25-29)
Ryan Aguilar,666922,/api/v1/people/666922,2022,27,LAA,AL,RF,7,26,22,2,3,1,0,0,2,0,2,14,1,1,0.136,0.231,0.182,0.413,20.2,1,ryan aguilar,Ryan Aguilar,LAA,OF,700000.0,46152.0,700000.0,both,0.311545917131088,0.39485516777291774,20.2,0.0,0.0769,0.5385,0.286,0.0,2.8571,0.59,,Prime (25-29)
Korey Lee,686676,/api/v1/people/686676,2022,23,HOU,AL,C,12,26,25,1,4,2,0,0,4,0,1,9,0,0,0.16,0.192,0.24,0.432,22.4,1,korey lee,Korey Lee,HOU,C,700000.0,119226.0,700000.0,both,0.311545917131088,0.39485516777291774,22.4,0.0,0.0385,0.3462,0.333,0.0,5.7143,0.6171,,U25
Tim Beckham,542921,/api/v1/people/542921,2022,32,MIN,AL,X,12,25,25,1,2,0,0,0,1,0,0,9,0,0,0.08,0.08,0.08,0.16,-54.1,1,tim beckham,,,,,,,left_only,0.311545917131088,0.39485516777291774,-54.1,0.0,0.0,0.36,0.083,,,,,Veteran (30-34)
Ben DeLuzio,641512,/api/v1/people/641512,2022,27,STL,NL,CF,22,25,20,3,3,1,0,0,0,0,3,5,1,0,0.15,0.292,0.2,0.492,44.4,1,ben deluzio,Ben DeLuzio,STL,CF,700000.0,130764.0,700000.0,both,0.311545917131088,0.39485516777291774,44.4,0.0,0.12,0.2,0.0,0.0,0.0,0.7029,,Prime (25-29)
Adam Haseley,656514,/api/v1/people/656514,2022,26,CWS,AL,X,14,25,21,4,5,0,0,0,2,0,3,7,0,0,0.238,0.333,0.238,0.571,67.2,1,adam haseley,Adam Haseley,CHW,LF,700000.0,99996.0,700000.0,both,0.311545917131088,0.39485516777291774,67.2,0.0,0.12,0.28,0.143,0.0,2.8571,0.8157,,Prime (25-29)
Mark Payton,592622,/api/v1/people/592622,2022,30,CWS,AL,LF,8,25,21,3,3,0,0,0,1,0,4,4,0,0,0.143,0.28,0.143,0.423,26.1,1,mark payton,Mark Payton,CHW,LF,700000.0,53844.0,700000.0,both,0.311545917131088,0.39485516777291774,26.1,0.0,0.16,0.16,0.125,0.0,1.4286,0.6043,,Veteran (30-34)
Michael Siani,672279,/api/v1/people/672279,2022,22,CIN,NL,CF,9,24,24,1,4,0,0,0,0,0,0,7,0,0,0.167,0.167,0.167,0.334,-4.1,1,michael siani,,,,,,,left_only,0.311545917131088,0.39485516777291774,-4.1,0.0,0.0,0.2917,0.0,,,,,U25
Maikel Garcia,672580,/api/v1/people/672580,2022,22,KC,AL,SS,9,23,22,1,7,1,0,0,2,0,1,5,0,0,0.318,0.348,0.364,0.712,103.9,1,maikel garcia,Maikel Garcia,KC,SS,700000.0,53844.0,700000.0,both,0.311545917131088,0.39485516777291774,103.9,0.0,0.0435,0.2174,0.222,0.0,2.8571,1.0171,,U25
Billy Hamilton,571740,/api/v1/people/571740,2022,31,MIN,AL,X,37,23,20,13,1,0,0,0,0,10,2,12,0,0,0.05,0.136,0.05,0.186,-43.7,2,billy hamilton,Billy Hamilton,MIN,CF,700000.0,130764.0,700000.0,both,0.311545917131088,0.39485516777291774,-43.7,0.0,0.087,0.5217,0.0,0.0,0.0,0.2657,,Veteran (30-34)
Caleb Hamilton,643348,/api/v1/people/643348,2022,27,MIN,AL,C,22,23,18,5,1,0,0,1,1,0,4,14,0,0,0.056,0.227,0.222,0.449,29.1,1,caleb hamilton,Caleb Hamilton,BOS,C,700000.0,,700000.0,both,0.311545917131088,0.39485516777291774,29.1,0.0435,0.1739,0.6087,0.045,1.4286,1.4286,0.6414,700000.0,Prime (25-29)
Matthew Batten,676946,/api/v1/people/676946,2022,27,SD,NL,3B,15,22,19,0,2,1,0,0,1,0,2,6,1,0,0.105,0.227,0.158,0.385,12.9,1,matthew batten,Matthew Batten,SD,SS,700000.0,223068.0,700000.0,both,0.311545917131088,0.39485516777291774,12.9,0.0,0.0909,0.2727,0.067,0.0,1.4286,0.55,,Prime (25-29)
José Godoy,608422,/api/v1/people/608422,2022,27,PIT,NL,C,10,22,20,3,1,0,0,0,1,0,2,9,0,0,0.05,0.136,0.05,0.186,-43.7,2,jose godoy,Jose Godoy,PIT,C,700000.0,123072.0,700000.0,both,0.311545917131088,0.39485516777291774,-43.7,0.0,0.0909,0.4091,0.1,0.0,1.4286,0.2657,,Prime (25-29)
Iván Herrera,671056,/api/v1/people/671056,2022,22,STL,NL,C,11,22,18,0,2,0,0,0,1,0,2,8,0,1,0.111,0.19,0.111,0.301,-10.9,1,ivan herrera,Iván Herrera,STL,C,700000.0,96150.0,700000.0,both,0.311545917131088,0.39485516777291774,-10.9,0.0,0.0909,0.3636,0.091,0.0,1.4286,0.43,,U25
Ford Proctor,665154,/api/v1/people/665154,2022,25,SF,NL,2B,7,22,18,3,2,0,0,1,6,0,2,3,0,2,0.111,0.182,0.278,0.46,28.8,1,ford proctor,Ford Proctor,SF,SS,700000.0,42306.0,700000.0,both,0.311545917131088,0.39485516777291774,28.8,0.0455,0.0909,0.1364,0.857,1.4286,8.5714,0.6571,700000.0,Prime (25-29)
Heliot Ramos,671218,/api/v1/people/671218,2022,22,SF,NL,RF,9,22,20,4,2,0,0,0,0,0,2,6,0,0,0.1,0.182,0.1,0.282,-16.3,1,heliot ramos,Heliot Ramos,SF,OF,700000.0,38460.0,700000.0,both,0.311545917131088,0.39485516777291774,-16.3,0.0,0.0909,0.2727,0.0,0.0,0.0,0.4029,,U25
Jared Young,676724,/api/v1/people/676724,2022,26,CHC,NL,DH,6,22,19,2,5,2,0,0,0,1,3,7,0,0,0.263,0.364,0.368,0.732,110.0,1,jared young,Jared Young,CHC,1B,700000.0,49998.0,700000.0,both,0.311545917131088,0.39485516777291774,110.0,0.0,0.1364,0.3182,0.0,0.0,0.0,1.0457,,Prime (25-29)
Mark Kolozsvary,656627,/api/v1/people/656627,2022,26,CIN,NL,C,10,21,20,3,4,2,0,1,3,0,1,9,0,0,0.2,0.238,0.45,0.688,90.4,1,mark kolozsvary,Mark Kolozsvary,BAL,C,700000.0,107688.0,700000.0,both,0.311545917131088,0.39485516777291774,90.4,0.0476,0.0476,0.4286,0.3,1.4286,4.2857,0.9829,700000.0,Prime (25-29)
Pedro Severino,600474,/api/v1/people/600474,2022,28,MIL,NL,X,8,21,18,0,4,2,0,0,1,0,3,7,0,0,0.222,0.333,0.333,0.666,91.2,1,pedro severino,Pedro Severino,MIL,C,1900000.0,950000.0,1900000.0,both,0.311545917131088,0.39485516777291774,91.2,0.0,0.1429,0.3333,0.125,0.0,0.5263,0.3505,,Prime (25-29)
Bryce Johnson,669369,/api/v1/people/669369,2022,26,SF,NL,CF,11,19,18,1,2,0,0,0,2,0,1,7,0,0,0.111,0.158,0.111,0.269,-21.2,1,bryce johnson,Bryce Johnson,SF,CF,700000.0,57690.0,700000.0,both,0.311545917131088,0.39485516777291774,-21.2,0.0,0.0526,0.3684,0.182,0.0,2.8571,0.3843,,Prime (25-29)
Travis Shaw,543768,/api/v1/people/543768,2022,32,BOS,AL,DH,7,19,19,0,0,0,0,0,0,0,0,7,0,0,0.0,0.0,0.0,0.0,-100.0,1,travis shaw,,,,,,,left_only,0.311545917131088,0.39485516777291774,-100.0,0.0,0.0,0.3684,0.0,,,,,Veteran (30-34)
Steven Souza Jr.,519306,/api/v1/people/519306,2022,33,SEA,AL,RF,6,19,19,0,3,0,0,0,1,0,0,8,0,0,0.158,0.158,0.158,0.316,-9.3,1,steven souza,,,,,,,left_only,0.311545917131088,0.39485516777291774,-9.3,0.0,0.0,0.4211,0.167,,,,,Veteran (30-34)
Carlos Pérez,656024,/api/v1/people/656024,2022,25,CWS,AL,C,7,18,18,0,4,2,0,0,2,0,0,2,0,0,0.222,0.222,0.333,0.555,55.6,1,carlos perez,Carlos Pérez,CHW,C,700000.0,69228.0,700000.0,both,0.311545917131088,0.39485516777291774,55.6,0.0,0.0,0.1111,0.286,0.0,2.8571,0.7929,,Prime (25-29)
Bobby Bradley,656252,/api/v1/people/656252,2022,26,CLE,AL,1B,8,17,17,1,2,0,0,0,0,0,0,9,0,0,0.118,0.118,0.118,0.236,-32.2,1,bobby bradley,Bobby Bradley,CLE,1B,702300.0,111905.0,702300.0,both,0.311545917131088,0.39485516777291774,-32.2,0.0,0.0,0.5294,0.0,0.0,0.0,0.336,,Prime (25-29)
Drew Ellis,656403,/api/v1/people/656403,2022,26,SEA,AL,3B,7,17,16,2,3,1,0,0,1,0,1,7,0,0,0.188,0.235,0.25,0.485,38.7,2,drew ellis,Drew Ellis,SEA,3B,702900.0,11586.0,702900.0,both,0.311545917131088,0.39485516777291774,38.7,0.0,0.0588,0.4118,0.143,0.0,1.4227,0.69,,Prime (25-29)
Dixon Machado,553988,/api/v1/people/553988,2022,30,SF,NL,SS,5,17,15,1,3,0,0,0,0,0,1,5,1,0,0.2,0.294,0.2,0.494,45.0,1,dixon machado,Dixon Machado,SF,2B,700000.0,26922.0,700000.0,both,0.311545917131088,0.39485516777291774,45.0,0.0,0.0588,0.2941,0.0,0.0,0.0,0.7057,,Veteran (30-34)
Miles Mastrobuoni,670156,/api/v1/people/670156,2022,26,TB,AL,2B,8,17,16,1,3,0,0,0,0,1,1,6,0,0,0.188,0.235,0.188,0.423,23.0,1,miles mastrobuoni,Miles Mastrobuoni,TB,LF,700000.0,42306.0,700000.0,both,0.311545917131088,0.39485516777291774,23.0,0.0,0.0588,0.3529,0.0,0.0,0.0,0.6043,,Prime (25-29)
Manny Piña,444489,/api/v1/people/444489,2022,35,ATL,NL,C,5,17,14,1,2,0,0,0,2,0,1,1,1,1,0.143,0.235,0.143,0.378,11.6,1,manny pina,,,,,,,left_only,0.311545917131088,0.39485516777291774,11.6,0.0,0.0588,0.0588,0.4,,,,,Late (35+)
Austin Allen,664119,/api/v1/people/664119,2022,28,OAK,AL,C,5,16,14,1,1,0,0,0,0,0,1,9,1,0,0.071,0.188,0.071,0.259,-21.7,1,austin allen,Austin Allen,STL,C,705000.0,,705000.0,both,0.311545917131088,0.39485516777291774,-21.7,0.0,0.0625,0.5625,0.0,0.0,0.0,0.3674,,Prime (25-29)
Logan O'Hoppe,681351,/api/v1/people/681351,2022,22,LAA,AL,C,5,16,14,1,4,0,0,0,2,0,2,3,0,0,0.286,0.375,0.286,0.661,92.8,1,logan ohoppe,Logan O'Hoppe,LAA,C,700000.0,26922.0,700000.0,both,0.311545917131088,0.39485516777291774,92.8,0.0,0.125,0.1875,0.4,0.0,2.8571,0.9443,,U25
James Outman,681546,/api/v1/people/681546,2022,25,LAD,NL,LF,4,16,13,6,6,2,0,1,3,0,2,7,1,0,0.462,0.563,0.846,1.409,295.0,1,james outman,James Outman,LAD,OF,700000.0,130764.0,700000.0,both,0.311545917131088,0.39485516777291774,295.0,0.0625,0.125,0.4375,0.75,1.4286,4.2857,2.0129,700000.0,Prime (25-29)
Pablo Reyes,622569,/api/v1/people/622569,2022,28,MIL,NL,SS,6,16,15,1,4,0,0,0,0,0,1,2,0,0,0.267,0.313,0.267,0.58,68.1,1,pablo reyes,Pablo Reyes,MIL,LF,700000.0,34614.0,700000.0,both,0.311545917131088,0.39485516777291774,68.1,0.0,0.0625,0.125,0.0,0.0,0.0,0.8286,,Prime (25-29)
Steele Walker,667727,/api/v1/people/667727,2022,25,TEX,AL,LF,5,16,14,1,1,0,0,1,1,0,2,4,0,0,0.071,0.188,0.286,0.474,32.8,1,steele walker,Steele Walker,SF,OF,700000.0,,700000.0,both,0.311545917131088,0.39485516777291774,32.8,0.0625,0.125,0.25,0.2,1.4286,1.4286,0.6771,700000.0,Prime (25-29)
Rylan Bannon,676625,/api/v1/people/676625,2022,26,ATL,NL,2B,5,15,14,0,2,0,0,0,0,0,0,5,1,0,0.143,0.2,0.143,0.343,0.4,2,rylan bannon,Rylan Bannon,ATL,3B,700000.0,23076.0,700000.0,both,0.311545917131088,0.39485516777291774,0.4,0.0,0.0,0.3333,0.0,0.0,0.0,0.49,,Prime (25-29)
Bryan Lavastida,681526,/api/v1/people/681526,2022,23,CLE,AL,C,6,15,12,0,1,0,0,0,0,0,3,4,0,0,0.083,0.267,0.083,0.35,6.7,1,bryan lavastida,Bryan Lavastida,CLE,C,700000.0,84615.0,700000.0,both,0.311545917131088,0.39485516777291774,6.7,0.0,0.2,0.2667,0.0,0.0,0.0,0.5,,U25
Francisco Alvarez,682626,/api/v1/people/682626,2022,20,NYM,NL,DH,5,14,12,3,2,1,0,1,1,0,2,4,0,0,0.167,0.286,0.5,0.786,118.4,1,francisco alvarez,Francisco Alvarez,NYM,C,700000.0,19230.0,700000.0,both,0.311545917131088,0.39485516777291774,118.4,0.0714,0.1429,0.2857,0.2,1.4286,1.4286,1.1229,700000.0,U25
Brandon Dixon,641525,/api/v1/people/641525,2022,30,SD,NL,3B,5,14,14,1,3,1,0,0,1,0,0,5,0,0,0.214,0.214,0.286,0.5,41.1,1,brandon dixon,Brandon Dixon,SD,1B,700000.0,30768.0,700000.0,both,0.311545917131088,0.39485516777291774,41.1,0.0,0.0,0.3571,0.2,0.0,1.4286,0.7143,,Veteran (30-34)
Monte Harrison,656509,/api/v1/people/656509,2022,26,LAA,AL,LF,9,14,11,5,2,0,0,1,3,1,2,8,1,0,0.182,0.357,0.455,0.812,129.8,1,monte harrison,Monte Harrison,LAA,CF,700000.0,73074.0,700000.0,both,0.311545917131088,0.39485516777291774,129.8,0.0714,0.1429,0.5714,0.333,1.4286,4.2857,1.16,700000.0,Prime (25-29)
Israel Pineda,672832,/api/v1/people/672832,2022,22,WSH,NL,C,4,14,13,1,1,0,0,0,0,0,1,7,0,0,0.077,0.143,0.077,0.22,-34.6,1,israel pineda,Israel Pineda,WSH,C,700000.0,99996.0,700000.0,both,0.311545917131088,0.39485516777291774,-34.6,0.0,0.0714,0.5,0.0,0.0,0.0,0.3143,,U25
Dillon Thomas,605504,/api/v1/people/605504,2022,29,LAA,AL,LF,8,14,11,1,1,0,0,0,0,0,2,6,1,0,0.091,0.286,0.091,0.377,14.8,1,dillon thomas,Dillon Thomas,LAA,OF,700000.0,57690.0,700000.0,both,0.311545917131088,0.39485516777291774,14.8,0.0,0.1429,0.4286,0.0,0.0,0.0,0.5386,,Prime (25-29)
Chris Okey,608360,/api/v1/people/608360,2022,27,CIN,NL,C,7,13,12,3,2,0,0,0,0,0,0,5,1,0,0.167,0.231,0.167,0.398,16.4,1,chris okey,,,,,,,left_only,0.311545917131088,0.39485516777291774,16.4,0.0,0.0,0.3846,0.0,,,,,Prime (25-29)
Kevin Pillar,607680,/api/v1/people/607680,2022,33,LAD,NL,LF,4,13,12,1,1,1,0,0,0,0,1,4,0,0,0.083,0.154,0.167,0.321,-8.3,1,kevin pillar,Kevin Pillar,LAD,CF,2500000.0,1785680.0,2500000.0,both,0.311545917131088,0.39485516777291774,-8.3,0.0,0.0769,0.3077,0.0,0.0,0.0,0.1284,,Veteran (30-34)
Zack Short,670097,/api/v1/people/670097,2022,27,DET,AL,SS,6,13,9,2,0,0,0,0,2,1,2,5,0,2,0.0,0.154,0.0,0.154,-50.6,1,zack short,Zack Short,DET,2B,700000.0,49998.0,700000.0,both,0.311545917131088,0.39485516777291774,-50.6,0.0,0.1538,0.3846,0.333,0.0,2.8571,0.22,,Prime (25-29)
Alex Jackson,656577,/api/v1/people/656577,2022,26,MIL,NL,C,5,12,12,0,3,0,0,0,0,0,0,7,0,0,0.25,0.25,0.25,0.5,43.6,1,alex jackson,Alex Jackson,MIL,C,700000.0,496134.0,700000.0,both,0.311545917131088,0.39485516777291774,43.6,0.0,0.0,0.5833,0.0,0.0,0.0,0.7143,,Prime (25-29)
Brendon Davis,663478,/api/v1/people/663478,2022,24,DET,AL,RF,3,11,10,2,2,0,0,0,0,1,1,3,0,0,0.2,0.273,0.2,0.473,38.3,1,brendon davis,Brendon Davis,DET,SS,700000.0,19230.0,700000.0,both,0.311545917131088,0.39485516777291774,38.3,0.0,0.0909,0.2727,0.0,0.0,0.0,0.6757,,U25
Joe Dunand,656388,/api/v1/people/656388,2022,26,MIA,NL,2B,3,11,10,2,3,1,0,1,1,0,0,3,1,0,0.3,0.364,0.7,1.064,194.1,1,joe dunand,,,,,,,left_only,0.311545917131088,0.39485516777291774,194.1,0.0909,0.0,0.2727,0.333,,,,,Prime (25-29)
Dustin Garneau,572863,/api/v1/people/572863,2022,34,DET,AL,C,8,11,10,1,3,1,0,0,1,0,1,4,0,0,0.3,0.364,0.4,0.764,118.1,1,dustin garneau,Dustin Garneau,DET,C,1175000.0,1175000.0,1175000.0,both,0.311545917131088,0.39485516777291774,118.1,0.0,0.0909,0.3636,0.125,0.0,0.8511,0.6502,,Veteran (30-34)
Gosuke Katoh,641741,/api/v1/people/641741,2022,27,TOR,AL,X,8,11,7,2,1,1,0,0,0,0,3,1,0,0,0.143,0.4,0.286,0.686,100.8,1,gosuke katoh,Gosuke Katoh,NYM,2B,718000.0,15780.0,718000.0,both,0.311545917131088,0.39485516777291774,100.8,0.0,0.2727,0.0909,0.0,0.0,0.0,0.9554,,Prime (25-29)
Aaron Whitefield,664334,/api/v1/people/664334,2022,25,LAA,AL,RF,5,11,11,0,0,0,0,0,0,0,0,5,0,0,0.0,0.0,0.0,0.0,-100.0,1,aaron whitefield,Aaron Whitefield,LAA,OF,700000.0,23077.0,700000.0,both,0.311545917131088,0.39485516777291774,-100.0,0.0,0.0,0.4545,0.0,0.0,0.0,0.0,,Prime (25-29)
Jason Krizan,607249,/api/v1/people/607249,2022,33,SF,NL,LF,3,10,8,0,1,0,0,0,0,0,2,3,0,0,0.125,0.3,0.125,0.425,28.0,1,jason krizan,Jason Krizan,SF,LF,700000.0,11538.0,700000.0,both,0.311545917131088,0.39485516777291774,28.0,0.0,0.2,0.3,0.0,0.0,0.0,0.6071,,Veteran (30-34)
Christian Lopes,547173,/api/v1/people/547173,2022,29,OAK,AL,X,4,10,9,0,0,0,0,0,0,0,1,5,0,0,0.0,0.1,0.0,0.1,-67.9,1,christian lopes,,,,,,,left_only,0.311545917131088,0.39485516777291774,-67.9,0.0,0.1,0.5,0.0,,,,,Prime (25-29)
Otto Lopez,672640,/api/v1/people/672640,2022,23,TOR,AL,SS,8,10,9,0,6,0,0,0,3,0,1,1,0,0,0.667,0.7,0.667,1.367,293.6,1,otto lopez,Otto Lopez,TOR,SS,700200.0,100022.0,700200.0,both,0.311545917131088,0.39485516777291774,293.6,0.0,0.1,0.1,0.375,0.0,4.2845,1.9523,,U25
Narciso Crook,643271,/api/v1/people/643271,2022,26,CHC,NL,RF,4,9,8,1,2,1,0,0,2,0,0,3,0,1,0.25,0.222,0.375,0.597,66.2,1,narciso crook,Narciso Crook,CHC,RF,700000.0,19230.0,700000.0,both,0.311545917131088,0.39485516777291774,66.2,0.0,0.0,0.3333,0.5,0.0,2.8571,0.8529,,Prime (25-29)
Austin Dean,621573,/api/v1/people/621573,2022,28,SF,NL,LF,3,9,8,1,3,0,0,0,0,0,1,0,0,0,0.375,0.444,0.375,0.819,137.5,1,austin dean,Austin Dean,SF,LF,700000.0,11538.0,700000.0,both,0.311545917131088,0.39485516777291774,137.5,0.0,0.1111,0.0,0.0,0.0,0.0,1.17,,Prime (25-29)
Yainer Diaz,673237,/api/v1/people/673237,2022,23,HOU,AL,DH,6,9,8,0,1,1,0,0,1,0,1,2,0,0,0.125,0.222,0.25,0.472,34.6,1,yainer diaz,Yainer Diaz,HOU,C,700000.0,111534.0,700000.0,both,0.311545917131088,0.39485516777291774,34.6,0.0,0.1111,0.2222,0.167,0.0,1.4286,0.6743,,U25
Símon Muzziotti,665922,/api/v1/people/665922,2022,23,PHI,NL,CF,9,9,7,0,1,0,0,0,0,0,0,2,1,0,0.143,0.25,0.143,0.393,16.5,1,simon muzziotti,Simon Muzziotti,PHI,OF,700000.0,211530.0,700000.0,both,0.311545917131088,0.39485516777291774,16.5,0.0,0.0,0.2222,0.0,0.0,0.0,0.5614,,U25
Travis Swaggerty,680552,/api/v1/people/680552,2022,24,PIT,NL,LF,5,9,9,0,1,0,0,0,0,0,0,4,0,0,0.111,0.111,0.111,0.222,-36.3,1,travis swaggerty,Travis Swaggerty,PIT,OF,700000.0,30768.0,700000.0,both,0.311545917131088,0.39485516777291774,-36.3,0.0,0.0,0.4444,0.0,0.0,0.0,0.3171,,U25
Terrance Gore,605253,/api/v1/people/605253,2022,31,NYM,NL,X,10,8,7,1,1,0,0,0,0,3,0,3,0,0,0.143,0.143,0.143,0.286,-17.9,1,terrance gore,Terrance Gore,NYM,CF,700000.0,134610.0,700000.0,both,0.311545917131088,0.39485516777291774,-17.9,0.0,0.0,0.375,0.0,0.0,0.0,0.4086,,Veteran (30-34)
Grayson Greiner,606988,/api/v1/people/606988,2022,29,AZ,NL,C,2,8,6,0,1,0,0,0,0,0,2,3,0,0,0.167,0.375,0.167,0.542,62.7,1,grayson greiner,Grayson Greiner,ARI,C,700000.0,19230.0,700000.0,both,0.311545917131088,0.39485516777291774,62.7,0.0,0.25,0.375,0.0,0.0,0.0,0.7743,,Prime (25-29)
Ender Inciarte,542255,/api/v1/people/542255,2022,31,NYM,NL,LF,11,8,8,1,1,0,0,0,0,0,0,0,0,0,0.125,0.125,0.125,0.25,-28.2,1,ender inciarte,,,,,,,left_only,0.311545917131088,0.39485516777291774,-28.2,0.0,0.0,0.0,0.0,,,,,Veteran (30-34)
Bo Naylor,666310,/api/v1/people/666310,2022,22,CLE,AL,C,5,8,8,0,0,0,0,0,0,0,0,5,0,0,0.0,0.0,0.0,0.0,-100.0,1,bo naylor,Bo Naylor,CLE,C,700000.0,15384.0,700000.0,both,0.311545917131088,0.39485516777291774,-100.0,0.0,0.0,0.625,0.0,0.0,0.0,0.0,,U25
Dairon Blanco,680118,/api/v1/people/680118,2022,29,KC,AL,X,5,7,7,1,2,0,0,0,2,1,0,4,0,0,0.286,0.286,0.286,0.572,64.2,1,dairon blanco,Dairon Blanco,KC,OF,700000.0,57690.0,700000.0,both,0.311545917131088,0.39485516777291774,64.2,0.0,0.0,0.5714,0.4,0.0,2.8571,0.8171,,Prime (25-29)
Vinny Capra,681962,/api/v1/people/681962,2022,25,TOR,AL,DH,8,7,5,2,1,0,0,0,0,0,2,1,0,0,0.2,0.429,0.2,0.629,88.4,1,vinny capra,Vinny Capra,TOR,SS,700000.0,107692.0,700000.0,both,0.311545917131088,0.39485516777291774,88.4,0.0,0.2857,0.1429,0.0,0.0,0.0,0.8986,,Prime (25-29)
Freddy Fermin,666023,/api/v1/people/666023,2022,27,KC,AL,C,3,7,7,1,0,0,0,0,0,0,0,3,0,0,0.0,0.0,0.0,0.0,-100.0,1,freddy fermin,Freddy Fermin,KC,C,700000.0,11538.0,700000.0,both,0.311545917131088,0.39485516777291774,-100.0,0.0,0.0,0.4286,0.0,0.0,0.0,0.0,,Prime (25-29)
Canaan Smith-Njigba,675986,/api/v1/people/675986,2022,23,PIT,NL,LF,3,7,5,1,1,1,0,0,0,0,1,0,1,0,0.2,0.429,0.4,0.829,139.0,1,canaan smithnjigba,Canaan Smith-Njigba,PIT,LF,700000.0,438444.0,700000.0,both,0.311545917131088,0.39485516777291774,139.0,0.0,0.1429,0.0,0.0,0.0,0.0,1.1843,,U25
Wilmer Difo,594694,/api/v1/people/594694,2022,30,AZ,NL,SS,3,6,6,0,0,0,0,0,0,0,0,1,0,0,0.0,0.0,0.0,0.0,-100.0,1,wilmer difo,Wilmer Difo,ARI,SS,700000.0,46152.0,700000.0,both,0.311545917131088,0.39485516777291774,-100.0,0.0,0.0,0.1667,0.0,0.0,0.0,0.0,,Veteran (30-34)
Ronald Guzmán,608597,/api/v1/people/608597,2022,27,NYY,AL,1B,3,6,6,0,0,0,0,0,0,0,0,5,0,0,0.0,0.0,0.0,0.0,-100.0,1,ronald guzman,Ronald Guzman,NYY,1B,700000.0,11538.0,700000.0,both,0.311545917131088,0.39485516777291774,-100.0,0.0,0.0,0.8333,0.0,0.0,0.0,0.0,,Prime (25-29)
Deven Marrero,571918,/api/v1/people/571918,2022,31,NYM,NL,SS,5,6,6,0,0,0,0,0,0,1,0,3,0,0,0.0,0.0,0.0,0.0,-100.0,1,deven marrero,Deven Marrero,NYM,SS,700000.0,61536.0,700000.0,both,0.311545917131088,0.39485516777291774,-100.0,0.0,0.0,0.5,0.0,0.0,0.0,0.0,,Veteran (30-34)
Mickey McDonald,676782,/api/v1/people/676782,2022,27,OAK,AL,X,4,6,4,0,0,0,0,0,0,0,2,3,0,0,0.0,0.333,0.0,0.333,6.9,1,mickey mcdonald,Mickey McDonald,OAK,CF,700000.0,34615.0,700000.0,both,0.311545917131088,0.39485516777291774,6.9,0.0,0.3333,0.5,0.0,0.0,0.0,0.4757,,Prime (25-29)
Taylor Motter,600301,/api/v1/people/600301,2022,32,CIN,NL,3B,2,6,6,0,1,0,0,0,0,0,0,3,0,0,0.167,0.167,0.167,0.334,-4.1,1,taylor motter,,,,,,,left_only,0.311545917131088,0.39485516777291774,-4.1,0.0,0.0,0.5,0.0,,,,,Veteran (30-34)
Eguy Rosario,666703,/api/v1/people/666703,2022,22,SD,NL,3B,7,6,5,0,1,0,0,0,0,0,1,2,0,0,0.2,0.333,0.2,0.533,57.5,1,eguy rosario,Eguy Rosario,SD,SS,700000.0,76920.0,700000.0,both,0.311545917131088,0.39485516777291774,57.5,0.0,0.1667,0.3333,0.0,0.0,0.0,0.7614,,U25
Marcus Wilson,657129,/api/v1/people/657129,2022,25,SEA,AL,RF,3,6,5,1,1,0,0,0,0,0,1,4,0,0,0.2,0.333,0.2,0.533,57.5,1,marcus wilson,Marcus Wilson,SEA,OF,700000.0,34614.0,700000.0,both,0.311545917131088,0.39485516777291774,57.5,0.0,0.1667,0.6667,0.0,0.0,0.0,0.7614,,Prime (25-29)
Mario Feliciano,666128,/api/v1/people/666128,2022,23,MIL,NL,C,2,5,4,0,1,0,0,0,0,0,1,1,0,0,0.25,0.4,0.25,0.65,91.7,1,mario feliciano,Mario Feliciano,MIL,C,700000.0,61536.0,700000.0,both,0.311545917131088,0.39485516777291774,91.7,0.0,0.2,0.2,0.0,0.0,0.0,0.9286,,U25
Josh Lester,623507,/api/v1/people/623507,2022,27,DET,AL,3B,2,5,5,0,0,0,0,0,0,0,0,3,0,0,0.0,0.0,0.0,0.0,-100.0,1,josh lester,Josh Lester,DET,1B,700000.0,15384.0,700000.0,both,0.311545917131088,0.39485516777291774,-100.0,0.0,0.0,0.6,0.0,0.0,0.0,0.0,,Prime (25-29)
Luis Liberato,642451,/api/v1/people/642451,2022,26,SD,NL,X,7,5,5,0,0,0,0,0,0,0,0,3,0,0,0.0,0.0,0.0,0.0,-100.0,1,luis liberato,Luis Liberato,SD,CF,700000.0,69228.0,700000.0,both,0.311545917131088,0.39485516777291774,-100.0,0.0,0.0,0.6,0.0,0.0,0.0,0.0,,Prime (25-29)
Anthony Alford,546990,/api/v1/people/546990,2022,27,PIT,NL,LF,2,4,4,0,1,0,0,0,0,0,0,2,0,0,0.25,0.25,0.25,0.5,43.6,1,anthony alford,,,,,,,left_only,0.311545917131088,0.39485516777291774,43.6,0.0,0.0,0.5,0.0,,,,,Prime (25-29)
Brewer Hicklen,676551,/api/v1/people/676551,2022,26,KC,AL,X,6,4,4,1,0,0,0,0,0,0,0,4,0,0,0.0,0.0,0.0,0.0,-100.0,1,brewer hicklen,Brewer Hicklen,KC,OF,700000.0,30768.0,700000.0,both,0.311545917131088,0.39485516777291774,-100.0,0.0,0.0,1.0,0.0,0.0,0.0,0.0,,Prime (25-29)
Brian O'Keefe,657247,/api/v1/people/657247,2022,28,SEA,AL,C,2,4,3,0,1,0,0,0,0,0,1,2,0,0,0.333,0.5,0.333,0.833,144.8,1,brian okeefe,Brian O'Keefe,SEA,C,700000.0,15384.0,700000.0,both,0.311545917131088,0.39485516777291774,144.8,0.0,0.25,0.5,0.0,0.0,0.0,1.19,,Prime (25-29)
Liover Peguero,678894,/api/v1/people/678894,2022,21,PIT,NL,SS,1,4,3,0,1,0,0,0,0,0,1,2,0,0,0.333,0.5,0.333,0.833,144.8,1,liover peguero,Liover Peguero,PIT,SS,700000.0,11538.0,700000.0,both,0.311545917131088,0.39485516777291774,144.8,0.0,0.25,0.5,0.0,0.0,0.0,1.19,,U25
JT Riddle,595375,/api/v1/people/595375,2022,30,CIN,NL,3B,2,4,4,0,1,0,0,0,0,0,0,1,0,0,0.25,0.25,0.25,0.5,43.6,1,jt riddle,J.T. Riddle,NYM,SS,700000.0,,700000.0,both,0.311545917131088,0.39485516777291774,43.6,0.0,0.0,0.25,0.0,0.0,0.0,0.7143,,Veteran (30-34)
Donny Sands,664848,/api/v1/people/664848,2022,26,PHI,NL,X,3,4,3,0,0,0,0,0,0,0,1,1,0,0,0.0,0.25,0.0,0.25,-19.8,1,donny sands,Donny Sands,PHI,C,700000.0,103842.0,700000.0,both,0.311545917131088,0.39485516777291774,-19.8,0.0,0.25,0.25,0.0,0.0,0.0,0.3571,,Prime (25-29)
Chadwick Tromp,644433,/api/v1/people/644433,2022,27,ATL,NL,C,1,4,4,0,3,2,0,0,3,0,0,0,0,0,0.75,0.75,1.25,2.0,457.3,1,chadwick tromp,Chadwick Tromp,ATL,C,700000.0,226914.0,700000.0,both,0.311545917131088,0.39485516777291774,457.3,0.0,0.0,0.0,3.0,0.0,4.2857,2.8571,,Prime (25-29)
Tony Wolters,547172,/api/v1/people/547172,2022,30,LAD,NL,X,2,4,4,0,0,0,0,0,0,0,0,3,0,0,0.0,0.0,0.0,0.0,-100.0,1,tony wolters,,,,,,,left_only,0.311545917131088,0.39485516777291774,-100.0,0.0,0.0,0.75,0.0,,,,,Veteran (30-34)
Travis Blankenhorn,663905,/api/v1/people/663905,2022,25,NYM,NL,DH,1,3,3,0,0,0,0,0,0,0,0,1,0,0,0.0,0.0,0.0,0.0,-100.0,1,travis blankenhorn,Travis Blankenhorn,NYM,3B,700000.0,3846.0,700000.0,both,0.311545917131088,0.39485516777291774,-100.0,0.0,0.0,0.3333,0.0,0.0,0.0,0.0,,Prime (25-29)
Rob Brantly,542963,/api/v1/people/542963,2022,32,NYY,AL,C,1,3,3,0,1,1,0,0,0,0,0,0,0,0,0.333,0.333,0.667,1.0,175.8,1,rob brantly,Rob Brantly,NYY,C,700000.0,11538.0,700000.0,both,0.311545917131088,0.39485516777291774,175.8,0.0,0.0,0.0,0.0,0.0,0.0,1.4286,,Veteran (30-34)
Ronnie Dawson,669008,/api/v1/people/669008,2022,27,CIN,NL,DH,1,3,3,0,0,0,0,0,0,0,0,2,0,0,0.0,0.0,0.0,0.0,-100.0,1,ronnie dawson,Ronnie Dawson,CIN,OF,700000.0,11538.0,700000.0,both,0.311545917131088,0.39485516777291774,-100.0,0.0,0.0,0.6667,0.0,0.0,0.0,0.0,,Prime (25-29)
Drew Jackson,623515,/api/v1/people/623515,2022,28,OAK,AL,RF,3,3,3,0,0,0,0,0,0,0,0,1,0,0,0.0,0.0,0.0,0.0,-100.0,1,drew jackson,,,,,,,left_only,0.311545917131088,0.39485516777291774,-100.0,0.0,0.0,0.3333,0.0,,,,,Prime (25-29)
Nate Mondou,670148,/api/v1/people/670148,2022,27,OAK,AL,2B,1,3,2,0,0,0,0,0,0,0,1,1,0,0,0.0,0.333,0.0,0.333,6.9,1,nate mondou,Nate Mondou,OAK,2B,700000.0,7692.0,700000.0,both,0.311545917131088,0.39485516777291774,6.9,0.0,0.3333,0.3333,0.0,0.0,0.0,0.4757,,Prime (25-29)
DJ Stewart,621466,/api/v1/people/621466,2022,28,BAL,AL,X,3,3,3,0,0,0,0,0,0,0,0,2,0,0,0.0,0.0,0.0,0.0,-100.0,1,dj stewart,D.J. Stewart,BAL,LF,711500.0,27365.0,711500.0,both,0.311545917131088,0.39485516777291774,-100.0,0.0,0.0,0.6667,0.0,0.0,0.0,0.0,,Prime (25-29)
Khalil Lee,666137,/api/v1/people/666137,2022,24,NYM,NL,CF,2,2,2,1,1,0,0,1,3,0,0,0,0,0,0.5,0.5,2.0,2.5,567.0,1,khalil lee,Khalil Lee,NYM,CF,700000.0,26922.0,700000.0,both,0.311545917131088,0.39485516777291774,567.0,0.5,0.0,0.0,1.5,1.4286,4.2857,3.5714,700000.0,U25
Reiver Sanmartin,665665,/api/v1/people/665665,2022,26,CIN,NL,P,45,2,2,0,0,0,0,0,0,0,0,1,0,0,0.0,0.0,0.0,0.0,-100.0,1,reiver sanmartin,Reiver Sanmartin,CIN,RP,700000.0,549978.0,700000.0,both,0.311545917131088,0.39485516777291774,-100.0,0.0,0.0,0.5,0.0,0.0,0.0,0.0,,Prime (25-29)
José Alvarado,621237,/api/v1/people/621237,2022,27,PHI,NL,P,59,1,1,0,0,0,0,0,0,0,0,1,0,0,0.0,0.0,0.0,0.0,-100.0,1,jose alvarado,Jose Alvarado,PHI,RP,1900000.0,1900000.0,1900000.0,both,0.311545917131088,0.39485516777291774,-100.0,0.0,0.0,1.0,0.0,0.0,0.0,0.0,,Prime (25-29)
Tyler Anderson,542881,/api/v1/people/542881,2022,32,LAD,NL,P,31,1,1,0,0,0,0,0,0,0,0,1,0,0,0.0,0.0,0.0,0.0,-100.0,1,tyler anderson,Tyler Anderson,LAD,SP,8000000.0,8500000.0,8500000.0,both,0.311545917131088,0.39485516777291774,-100.0,0.0,0.0,1.0,0.0,0.0,0.0,0.0,,Veteran (30-34)
Yusniel Díaz,666783,/api/v1/people/666783,2022,25,BAL,AL,RF,1,1,1,0,0,0,0,0,0,0,0,1,0,0,0.0,0.0,0.0,0.0,-100.0,1,yusniel diaz,Yusniel Diaz,BAL,OF,700000.0,11538.0,700000.0,both,0.311545917131088,0.39485516777291774,-100.0,0.0,0.0,1.0,0.0,0.0,0.0,0.0,,Prime (25-29)
Taylor Jones,622100,/api/v1/people/622100,2022,28,HOU,AL,X,1,1,1,0,0,0,0,0,0,0,0,0,0,0,0.0,0.0,0.0,0.0,-100.0,1,taylor jones,Taylor Jones,SF,1B,706200.0,,706200.0,both,0.311545917131088,0.39485516777291774,-100.0,0.0,0.0,0.0,0.0,0.0,0.0,0.0,,Prime (25-29)
Jack Larsen,677223,/api/v1/people/677223,2022,27,SEA,AL,RF,1,1,1,0,0,0,0,0,0,0,0,1,0,0,0.0,0.0,0.0,0.0,-100.0,1,jack larsen,Jack Larsen,SEA,CF,700000.0,11538.0,700000.0,both,0.311545917131088,0.39485516777291774,-100.0,0.0,0.0,1.0,0.0,0.0,0.0,0.0,,Prime (25-29)
Joe Perez,669309,/api/v1/people/669309,2022,22,HOU,AL,3B,1,1,1,0,0,0,0,0,0,0,0,1,0,0,0.0,0.0,0.0,0.0,-100.0,1,joe perez,Joe Perez,HOU,3B,700000.0,23077.0,700000.0,both,0.311545917131088,0.39485516777291774,-100.0,0.0,0.0,1.0,0.0,0.0,0.0,0.0,,U25
Evan Phillips,623465,/api/v1/people/623465,2022,27,LAD,NL,P,64,1,0,0,0,0,0,0,0,0,1,0,0,0,0.0,1.0,0.0,1.0,221.0,1,evan phillips,Evan Phillips,LAD,RP,720000.0,720000.0,720000.0,both,0.311545917131088,0.39485516777291774,221.0,0.0,1.0,0.0,0.0,0.0,0.0,1.3889,,Prime (25-29)
David Robertson,502085,/api/v1/people/502085,2022,37,CHC,NL,P,36,1,1,0,0,0,0,0,0,0,0,1,0,0,0.0,0.0,0.0,0.0,-100.0,1,david robertson,David Robertson,PHI,RP,3500000.0,2830769.0,5100000.0,both,0.311545917131088,0.39485516777291774,-100.0,0.0,0.0,1.0,0.0,0.0,0.0,0.0,,Late (35+)
Kramer Robertson,670298,/api/v1/people/670298,2022,27,STL,NL,SS,2,1,1,0,0,0,0,0,1,0,0,0,0,0,0.0,0.0,0.0,0.0,-100.0,1,kramer robertson,Kramer Robertson,STL,SS,700000.0,,700000.0,both,0.311545917131088,0.39485516777291774,-100.0,0.0,0.0,0.0,0.5,0.0,1.4286,0.0,,Prime (25-29)
Ka'ai Tom,664789,/api/v1/people/664789,2022,28,SF,NL,RF,1,1,1,0,0,0,0,0,0,0,0,0,0,0,0.0,0.0,0.0,0.0,-100.0,1,kaai tom,,,,,,,left_only,0.311545917131088,0.39485516777291774,-100.0,0.0,0.0,0.0,0.0,,,,,Prime (25-29)
Marcus Semien,543760,/api/v1/people/543760,2023,32,TEX,AL,2B,162,753,670,122,185,40,4,29,100,14,72,110,5,5,0.276,0.348,0.478,0.826,124.1,1,marcus semien,Marcus Semien,TEX,2B,26000000.0,26000000.0,26000000.0,both,0.32013465592469725,0.4141578172706151,124.1,0.0385,0.0956,0.1461,0.617,1.1154,3.8462,0.0318,896552.0,Veteran (30-34)
Ronald Acuña Jr.,660670,/api/v1/people/660670,2023,25,ATL,NL,RF,159,735,643,149,217,35,4,41,106,73,80,84,9,3,0.337,0.416,0.596,1.012,173.9,1,ronald acuna,Ronald Acuña Jr.,ATL,RF,17000000.0,17000000.0,17000000.0,both,0.32013465592469725,0.4141578172706151,173.9,0.0558,0.1088,0.1143,0.667,2.4118,6.2353,0.0595,414634.0,Prime (25-29)
Freddie Freeman,518692,/api/v1/people/518692,2023,33,LAD,NL,1B,161,730,637,131,211,59,2,29,102,23,72,121,16,5,0.331,0.41,0.567,0.977,165.0,1,freddie freeman,Freddie Freeman,LAD,1B,27000000.0,20000000.0,25291366.0,both,0.32013465592469725,0.4141578172706151,165.0,0.0397,0.0986,0.1658,0.634,1.0741,3.7778,0.0362,931034.0,Veteran (30-34)
Alex Bregman,608324,/api/v1/people/608324,2023,29,HOU,AL,3B,161,724,622,103,163,28,4,25,98,3,92,87,8,2,0.262,0.363,0.441,0.804,119.9,1,alex bregman,Alex Bregman,HOU,3B,28500000.0,28500000.0,30500000.0,both,0.32013465592469725,0.4141578172706151,119.9,0.0345,0.1271,0.1202,0.609,0.8772,3.4386,0.0282,1140000.0,Prime (25-29)
Nathaniel Lowe,663993,/api/v1/people/663993,2023,27,TEX,AL,1B,161,724,623,89,163,38,3,17,82,1,93,165,5,3,0.262,0.36,0.414,0.774,112.4,1,nathaniel lowe,Nathaniel Lowe,TEX,1B,4050000.0,4050000.0,4050000.0,both,0.32013465592469725,0.4141578172706151,112.4,0.0235,0.1285,0.2279,0.509,4.1975,20.2469,0.1911,238235.0,Prime (25-29)
Matt Olson,621566,/api/v1/people/621566,2023,29,ATL,NL,1B,162,720,608,127,172,27,3,54,139,1,104,167,4,4,0.283,0.389,0.604,0.993,167.3,1,matt olson,Matt Olson,ATL,1B,21000000.0,21000000.0,21000000.0,both,0.32013465592469725,0.4141578172706151,167.3,0.075,0.1444,0.2319,0.858,2.5714,6.619,0.0473,388889.0,Prime (25-29)
Kyle Schwarber,656941,/api/v1/people/656941,2023,30,PHI,NL,LF,160,720,585,108,115,19,1,47,104,0,126,215,6,3,0.197,0.343,0.474,0.817,121.6,1,kyle schwarber,Kyle Schwarber,PHI,LF,20000000.0,20000000.0,20000000.0,both,0.32013465592469725,0.4141578172706151,121.6,0.0653,0.175,0.2986,0.65,2.35,5.2,0.0408,425532.0,Veteran (30-34)
Steven Kwan,680757,/api/v1/people/680757,2023,25,CLE,AL,LF,158,718,638,93,171,36,7,5,54,21,70,75,3,6,0.268,0.34,0.37,0.71,95.5,1,steven kwan,Steven Kwan,CLE,LF,727300.0,727300.0,727300.0,both,0.32013465592469725,0.4141578172706151,95.5,0.007,0.0975,0.1045,0.342,6.8747,74.2472,0.9762,145460.0,Prime (25-29)
Austin Riley,663586,/api/v1/people/663586,2023,26,ATL,NL,3B,159,715,636,117,179,32,3,37,97,3,59,172,9,11,0.281,0.345,0.516,0.861,132.4,1,austin riley,Austin Riley,ATL,3B,15000000.0,15000000.0,15000000.0,both,0.32013465592469725,0.4141578172706151,132.4,0.0517,0.0825,0.2406,0.61,2.4667,6.4667,0.0574,405405.0,Prime (25-29)
Julio Rodríguez,677594,/api/v1/people/677594,2023,22,SEA,AL,CF,155,714,654,102,180,37,2,32,103,37,47,175,11,2,0.275,0.333,0.485,0.818,121.1,1,julio rodriguez,Julio Rodriguez,SEA,CF,4000000.0,19325000.0,6210714.0,both,0.32013465592469725,0.4141578172706151,121.1,0.0448,0.0658,0.2451,0.665,8.0,25.75,0.2045,125000.0,U25
Juan Soto,665742,/api/v1/people/665742,2023,24,SD,NL,LF,162,708,568,97,156,32,1,35,109,12,132,129,2,5,0.275,0.41,0.519,0.929,153.4,1,juan soto,Juan Soto,SD,LF,23000000.0,23000000.0,23000000.0,both,0.32013465592469725,0.4141578172706151,153.4,0.0494,0.1864,0.1822,0.673,1.5217,4.7391,0.0404,657143.0,U25
Eugenio Suárez,553993,/api/v1/people/553993,2023,31,SEA,AL,3B,162,694,598,68,139,29,0,22,96,2,70,214,15,11,0.232,0.323,0.391,0.714,95.3,1,eugenio suarez,Eugenio Suarez,SEA,3B,11000000.0,11000000.0,11285714.0,both,0.32013465592469725,0.4141578172706151,95.3,0.0317,0.1009,0.3084,0.593,2.0,8.7273,0.0649,500000.0,Veteran (30-34)
Bobby Witt Jr.,677951,/api/v1/people/677951,2023,23,KC,AL,SS,158,694,641,97,177,28,11,30,96,49,40,121,4,8,0.276,0.319,0.495,0.814,119.2,1,bobby witt,Bobby Witt Jr.,KC,SS,745750.0,745750.0,745750.0,both,0.32013465592469725,0.4141578172706151,119.2,0.0432,0.0576,0.1744,0.608,40.228,128.7295,1.0915,24858.0,U25
Mookie Betts,605141,/api/v1/people/605141,2023,30,LAD,NL,RF,152,693,584,126,179,40,1,39,107,14,96,107,8,5,0.307,0.408,0.579,0.987,167.2,1,mookie betts,Mookie Betts,LAD,RF/2B/SS,20000000.0,17000000.0,25000000.0,both,0.32013465592469725,0.4141578172706151,167.2,0.0563,0.1385,0.1544,0.704,1.95,5.35,0.0494,512821.0,Veteran (30-34)
Ian Happ,664023,/api/v1/people/664023,2023,28,CHC,NL,LF,158,691,580,86,144,35,4,21,84,14,99,153,6,6,0.248,0.36,0.431,0.791,116.5,1,ian happ,Ian Happ,CHC,LF,10850000.0,13850000.0,10850000.0,both,0.32013465592469725,0.4141578172706151,116.5,0.0304,0.1433,0.2214,0.532,1.9355,7.7419,0.0729,516667.0,Prime (25-29)
José Ramírez,608070,/api/v1/people/608070,2023,30,CLE,AL,3B,156,691,611,87,172,36,5,24,80,28,73,73,1,6,0.282,0.356,0.475,0.831,125.9,1,jose ramirez,José Ramírez,CLE,3B,14000000.0,13949462.0,14100000.0,both,0.32013465592469725,0.4141578172706151,125.9,0.0347,0.1056,0.1056,0.513,1.7143,5.7143,0.0594,583333.0,Veteran (30-34)
Trea Turner,607208,/api/v1/people/607208,2023,30,PHI,NL,SS,155,691,639,102,170,35,5,26,76,30,45,150,6,1,0.266,0.32,0.459,0.779,110.8,1,trea turner,Trea Turner,PHI,SS,27272727.0,27272727.0,27272727.0,both,0.32013465592469725,0.4141578172706151,110.8,0.0376,0.0651,0.2171,0.49,0.9533,2.7867,0.0286,1048951.0,Veteran (30-34)
Nico Hoerner,663538,/api/v1/people/663538,2023,26,CHC,NL,2B,150,688,619,98,175,27,4,9,68,43,49,83,14,5,0.283,0.346,0.383,0.729,100.6,1,nico hoerner,Nico Hoerner,CHC,2B,2525000.0,2525000.0,2525000.0,both,0.32013465592469725,0.4141578172706151,100.6,0.0131,0.0712,0.1206,0.453,3.5644,26.9307,0.2887,280556.0,Prime (25-29)
Paul Goldschmidt,502671,/api/v1/people/502671,2023,35,STL,NL,1B,154,687,593,89,159,31,0,25,80,11,87,161,3,3,0.268,0.363,0.447,0.81,121.3,1,paul goldschmidt,Paul Goldschmidt,STL,1B,22000000.0,26000000.0,26000000.0,both,0.32013465592469725,0.4141578172706151,121.3,0.0364,0.1266,0.2344,0.519,1.1364,3.6364,0.0368,880000.0,Late (35+)
Francisco Lindor,596019,/api/v1/people/596019,2023,29,NYM,NL,SS,160,687,602,108,153,33,2,31,98,31,66,137,12,7,0.254,0.336,0.47,0.806,118.4,1,francisco lindor,Francisco Lindor,NYM,SS,32000000.0,27050000.0,34150000.0,both,0.32013465592469725,0.4141578172706151,118.4,0.0451,0.0961,0.1994,0.612,0.9688,3.0625,0.0252,1032258.0,Prime (25-29)
Adley Rutschman,668939,/api/v1/people/668939,2023,25,BAL,AL,C,154,687,588,84,163,31,1,20,80,1,92,101,2,5,0.277,0.374,0.435,0.809,121.9,1,adley rutschman,Adley Rutschman,BAL,C,733900.0,733900.0,733900.0,both,0.32013465592469725,0.4141578172706151,121.9,0.0291,0.1339,0.147,0.519,27.2517,109.0067,1.1023,36695.0,Prime (25-29)
Spencer Torkelson,679529,/api/v1/people/679529,2023,23,DET,AL,1B,159,684,606,88,141,34,1,31,94,3,67,171,6,5,0.233,0.313,0.446,0.759,105.5,1,spencer torkelson,Spencer Torkelson,DET,1B,723100.0,723100.0,723100.0,both,0.32013465592469725,0.4141578172706151,105.5,0.0453,0.098,0.25,0.591,42.871,129.9959,1.0496,23326.0,U25
George Springer,543807,/api/v1/people/543807,2023,33,TOR,AL,RF,154,683,613,87,158,25,1,21,72,20,60,125,5,3,0.258,0.327,0.405,0.732,99.9,1,george springer,George Springer,TOR,RF,22500000.0,22500000.0,24166667.0,both,0.32013465592469725,0.4141578172706151,99.9,0.0307,0.0878,0.183,0.468,0.9333,3.2,0.0325,1071429.0,Veteran (30-34)
Vladimir Guerrero Jr.,665489,/api/v1/people/665489,2023,24,TOR,AL,1B,156,682,602,78,159,30,0,26,94,5,67,100,9,4,0.264,0.345,0.444,0.789,115.0,1,vladimir guerrero,Vladimir Guerrero Jr.,TOR,1B,14500000.0,14500000.0,14500000.0,both,0.32013465592469725,0.4141578172706151,115.0,0.0381,0.0982,0.1466,0.603,1.7931,6.4828,0.0544,557692.0,U25
Brandon Nimmo,607043,/api/v1/people/607043,2023,30,NYM,NL,CF,152,682,592,89,162,30,6,24,68,3,74,146,11,4,0.274,0.363,0.466,0.829,125.9,1,brandon nimmo,Brandon Nimmo,NYM,CF,18250000.0,20250000.0,18500000.0,both,0.32013465592469725,0.4141578172706151,125.9,0.0352,0.1085,0.2141,0.447,1.3151,3.726,0.0454,760417.0,Veteran (30-34)
Lane Thomas,657041,/api/v1/people/657041,2023,27,WSH,NL,RF,157,682,628,101,168,36,3,28,86,20,36,176,11,7,0.268,0.315,0.468,0.783,111.4,1,lane thomas,Lane Thomas,WSH,RF,2200000.0,2200000.0,2200000.0,both,0.32013465592469725,0.4141578172706151,111.4,0.0411,0.0528,0.2581,0.548,12.7273,39.0909,0.3559,78571.0,Prime (25-29)
Teoscar Hernández,606192,/api/v1/people/606192,2023,30,SEA,AL,RF,160,678,625,70,161,29,2,26,93,7,38,211,8,7,0.258,0.305,0.435,0.74,100.3,1,teoscar hernandez,Teoscar Hernandez,SEA,RF,14000000.0,14000000.0,14000000.0,both,0.32013465592469725,0.4141578172706151,100.3,0.0383,0.056,0.3112,0.581,1.8571,6.6429,0.0529,538462.0,Veteran (30-34)
Kyle Tucker,663656,/api/v1/people/663656,2023,26,HOU,AL,RF,157,674,574,97,163,37,5,29,112,30,80,92,3,10,0.284,0.369,0.517,0.886,140.1,1,kyle tucker,Kyle Tucker,HOU,RF,5000000.0,5000000.0,5000000.0,both,0.32013465592469725,0.4141578172706151,140.1,0.043,0.1187,0.1365,0.713,5.8,22.4,0.1772,172414.0,Prime (25-29)
Gleyber Torres,650402,/api/v1/people/650402,2023,26,NYY,AL,2B,158,672,596,90,163,28,2,25,68,13,67,98,3,6,0.273,0.347,0.453,0.8,117.8,1,gleyber torres,Gleyber Torres,NYY,2B,9950000.0,9950000.0,9950000.0,both,0.32013465592469725,0.4141578172706151,117.8,0.0372,0.0997,0.1458,0.43,2.5126,6.8342,0.0804,398000.0,Prime (25-29)
Nick Castellanos,592206,/api/v1/people/592206,2023,31,PHI,NL,RF,157,671,626,79,170,37,2,29,106,11,36,185,3,6,0.272,0.311,0.476,0.787,112.1,1,nick castellanos,Nick Castellanos,PHI,RF,20000000.0,20000000.0,20000000.0,both,0.32013465592469725,0.4141578172706151,112.1,0.0432,0.0537,0.2757,0.675,1.45,5.3,0.0394,689655.0,Veteran (30-34)
Xander Bogaerts,593428,/api/v1/people/593428,2023,30,SD,NL,SS,155,665,596,83,170,31,2,19,58,19,56,110,7,6,0.285,0.35,0.44,0.79,115.6,1,xander bogaerts,Xander Bogaerts,SD,SS,25000000.0,30000000.0,25454545.0,both,0.32013465592469725,0.4141578172706151,115.6,0.0286,0.0842,0.1654,0.374,0.76,2.32,0.0316,1315789.0,Veteran (30-34)
Ty France,664034,/api/v1/people/664034,2023,28,SEA,AL,1B,158,665,587,79,147,32,0,12,58,1,43,117,34,1,0.25,0.337,0.366,0.703,93.6,1,ty france,Ty France,SEA,1B,4100000.0,4100000.0,4100000.0,both,0.32013465592469725,0.4141578172706151,93.6,0.018,0.0647,0.1759,0.367,2.9268,14.1463,0.1715,341667.0,Prime (25-29)
Spencer Steer,668715,/api/v1/people/668715,2023,25,CIN,NL,1B,156,665,582,74,158,37,3,23,86,15,68,139,11,4,0.271,0.356,0.464,0.82,123.2,1,spencer steer,Spencer Steer,CIN,3B,720000.0,720000.0,720000.0,both,0.32013465592469725,0.4141578172706151,123.2,0.0346,0.1023,0.209,0.551,31.9444,119.4444,1.1389,31304.0,Prime (25-29)
Christian Walker,572233,/api/v1/people/572233,2023,32,AZ,NL,1B,157,661,582,86,150,36,2,33,103,11,62,127,8,8,0.258,0.333,0.497,0.83,124.0,1,christian walker,Christian Walker,ARI,1B,6500000.0,6500000.0,6500000.0,both,0.32013465592469725,0.4141578172706151,124.0,0.0499,0.0938,0.1921,0.656,5.0769,15.8462,0.1277,196970.0,Veteran (30-34)
Ozzie Albies,645277,/api/v1/people/645277,2023,26,ATL,NL,2B,148,660,596,96,167,30,5,33,109,13,46,107,8,8,0.28,0.336,0.513,0.849,128.8,1,ozzie albies,Ozzie Albies,ATL,2B,7000000.0,7000000.0,7000000.0,both,0.32013465592469725,0.4141578172706151,128.8,0.05,0.0697,0.1621,0.736,4.7143,15.5714,0.1213,212121.0,Prime (25-29)
Pete Alonso,624413,/api/v1/people/624413,2023,28,NYM,NL,1B,154,658,568,92,123,21,2,46,118,4,65,151,21,4,0.217,0.318,0.504,0.822,121.0,1,pete alonso,Pete Alonso,NYM,1B,14500000.0,14500000.0,14500000.0,both,0.32013465592469725,0.4141578172706151,121.0,0.0699,0.0988,0.2295,0.766,3.1724,8.1379,0.0567,315217.0,Prime (25-29)
Joey Meneses,608841,/api/v1/people/608841,2023,31,WSH,NL,DH,154,657,611,71,168,36,1,13,89,0,38,130,5,3,0.275,0.321,0.401,0.722,97.1,1,joey meneses,Joey Meneses,WSH,DH,723300.0,723300.0,723300.0,both,0.32013465592469725,0.4141578172706151,97.1,0.0198,0.0578,0.1979,0.578,17.9732,123.0471,0.9982,55638.0,Veteran (30-34)
Rafael Devers,646240,/api/v1/people/646240,2023,26,BOS,AL,3B,153,656,580,90,157,34,0,33,100,5,62,126,11,3,0.271,0.351,0.5,0.851,130.4,1,rafael devers,Rafael Devers,BOS,3B,17500000.0,22500000.0,19318182.0,both,0.32013465592469725,0.4141578172706151,130.4,0.0503,0.0945,0.1921,0.654,1.8857,5.7143,0.0486,530303.0,Prime (25-29)
Anthony Santander,623993,/api/v1/people/623993,2023,28,BAL,AL,RF,153,656,591,81,152,41,1,28,95,5,55,152,6,4,0.257,0.325,0.472,0.797,115.5,1,anthony santander,Anthony Santander,BAL,RF,7400000.0,7400000.0,7400000.0,both,0.32013465592469725,0.4141578172706151,115.5,0.0427,0.0838,0.2317,0.621,3.7838,12.8378,0.1077,264286.0,Prime (25-29)
Randy Arozarena,668227,/api/v1/people/668227,2023,28,TB,AL,LF,151,654,551,95,140,19,3,23,83,22,80,156,18,5,0.254,0.364,0.425,0.789,116.3,1,randy arozarena,Randy Arozarena,TB,LF,4150000.0,4150000.0,4150000.0,both,0.32013465592469725,0.4141578172706151,116.3,0.0352,0.1223,0.2385,0.55,5.5422,20.0,0.1901,180435.0,Prime (25-29)
Ketel Marte,606466,/api/v1/people/606466,2023,29,AZ,NL,2B,150,650,569,94,157,26,9,25,82,8,71,109,5,5,0.276,0.358,0.485,0.843,128.9,1,ketel marte,Ketel Marte,ARI,2B,11000000.0,14000000.0,11600000.0,both,0.32013465592469725,0.4141578172706151,128.9,0.0385,0.1092,0.1677,0.547,2.2727,7.4545,0.0766,440000.0,Prime (25-29)
Jeff McNeil,643446,/api/v1/people/643446,2023,31,NYM,NL,2B,156,648,585,75,158,25,4,10,55,10,39,65,18,3,0.27,0.333,0.378,0.711,95.3,1,jeff mcneil,Jeff McNeil,NYM,2B,6250000.0,6250000.0,6250000.0,both,0.32013465592469725,0.4141578172706151,95.3,0.0154,0.0602,0.1003,0.353,1.6,8.8,0.1138,625000.0,Veteran (30-34)
Corbin Carroll,682998,/api/v1/people/682998,2023,22,AZ,NL,LF,155,645,565,116,161,30,10,25,76,54,57,125,13,4,0.285,0.362,0.506,0.868,135.3,1,corbin carroll,Corbin Carroll,ARI,RF,1000000.0,6000000.0,1625000.0,both,0.32013465592469725,0.4141578172706151,135.3,0.0388,0.0884,0.1938,0.49,25.0,76.0,0.868,40000.0,U25
Bryan Reynolds,668804,/api/v1/people/668804,2023,28,PIT,NL,LF,145,640,574,85,151,31,5,24,84,12,53,138,7,6,0.263,0.33,0.46,0.79,114.2,1,bryan reynolds,Bryan Reynolds,PIT,CF,6750000.0,8750000.0,7000000.0,both,0.32013465592469725,0.4141578172706151,114.2,0.0375,0.0828,0.2156,0.579,3.5556,12.4444,0.117,281250.0,Prime (25-29)
Bryson Stott,681082,/api/v1/people/681082,2023,25,PHI,NL,2B,151,640,585,78,164,32,2,15,62,31,39,100,7,8,0.28,0.329,0.419,0.748,103.9,1,bryson stott,Bryson Stott,PHI,2B,734500.0,734500.0,734500.0,both,0.32013465592469725,0.4141578172706151,103.9,0.0234,0.0609,0.1562,0.411,20.4221,84.4112,1.0184,48967.0,Prime (25-29)
Willy Adames,642715,/api/v1/people/642715,2023,27,MIL,NL,SS,149,638,553,73,120,29,2,24,80,5,71,165,6,6,0.217,0.31,0.407,0.717,95.1,1,willy adames,Willy Adames,MIL,SS,8700000.0,8700000.0,8700000.0,both,0.32013465592469725,0.4141578172706151,95.1,0.0376,0.1113,0.2586,0.537,2.7586,9.1954,0.0824,362500.0,Prime (25-29)
J.P. Crawford,641487,/api/v1/people/641487,2023,28,SEA,AL,SS,145,638,534,94,142,35,0,19,65,2,94,125,5,2,0.266,0.38,0.438,0.818,124.5,1,jp crawford,J.P. Crawford,SEA,SS,10000000.0,10000000.0,11000000.0,both,0.32013465592469725,0.4141578172706151,124.5,0.0298,0.1473,0.1959,0.448,1.9,6.5,0.0818,526316.0,Prime (25-29)
Dansby Swanson,621020,/api/v1/people/621020,2023,29,CHC,NL,SS,147,638,565,81,138,25,3,22,80,9,66,154,5,2,0.244,0.328,0.416,0.744,102.9,1,dansby swanson,Dansby Swanson,CHC,SS,13000000.0,20000000.0,14000000.0,both,0.32013465592469725,0.4141578172706151,102.9,0.0345,0.1034,0.2414,0.544,1.6923,6.1538,0.0572,590909.0,Prime (25-29)
Fernando Tatis Jr.,665487,/api/v1/people/665487,2023,24,SD,NL,RF,141,635,575,91,148,33,1,25,78,29,53,141,3,3,0.257,0.322,0.449,0.771,109.0,1,fernando tatis,Fernando Tatis Jr.,SD,RF,7000000.0,5617284.0,7714286.0,both,0.32013465592469725,0.4141578172706151,109.0,0.0394,0.0835,0.222,0.553,3.5714,11.1429,0.1101,280000.0,U25
Jeremy Peña,665161,/api/v1/people/665161,2023,25,HOU,AL,SS,150,634,577,81,152,32,3,10,52,13,43,129,9,1,0.263,0.324,0.381,0.705,93.2,1,jeremy pena,Jeremy Pena,HOU,SS,754900.0,754900.0,754900.0,both,0.32013465592469725,0.4141578172706151,93.2,0.0158,0.0678,0.2035,0.347,13.2468,68.8833,0.9339,75490.0,Prime (25-29)
Adolis García,666969,/api/v1/people/666969,2023,30,TEX,AL,RF,148,632,555,108,136,29,0,39,107,9,65,175,6,6,0.245,0.328,0.508,0.836,125.1,1,adolis garcia,Adolis García,TEX,RF,747760.0,747760.0,747760.0,both,0.32013465592469725,0.4141578172706151,125.1,0.0617,0.1028,0.2769,0.723,52.1558,143.094,1.118,19173.0,Veteran (30-34)
Christian Yelich,592885,/api/v1/people/592885,2023,31,MIL,NL,LF,144,632,550,106,153,34,1,19,76,28,78,140,3,1,0.278,0.37,0.447,0.817,123.5,1,christian yelich,Christian Yelich,MIL,LF,26000000.0,22000000.0,26000000.0,both,0.32013465592469725,0.4141578172706151,123.5,0.0301,0.1234,0.2215,0.528,0.7308,2.9231,0.0314,1368421.0,Veteran (30-34)
Ryan McMahon,641857,/api/v1/people/641857,2023,28,COL,NL,3B,152,627,555,80,133,31,3,23,70,5,68,198,1,3,0.24,0.322,0.431,0.753,104.6,1,ryan mcmahon,Ryan McMahon,COL,3B,9000000.0,9000000.0,9000000.0,both,0.32013465592469725,0.4141578172706151,104.6,0.0367,0.1085,0.3158,0.461,2.5556,7.7778,0.0837,391304.0,Prime (25-29)
Bryan De La Cruz,650559,/api/v1/people/650559,2023,26,MIA,NL,LF,153,626,579,60,149,32,0,19,78,4,40,142,1,5,0.257,0.304,0.411,0.715,94.2,1,bryan de la cruz,Bryan De La Cruz,MIA,LF,736000.0,736000.0,736000.0,both,0.32013465592469725,0.4141578172706151,94.2,0.0304,0.0639,0.2268,0.51,25.8152,105.9783,0.9715,38737.0,Prime (25-29)
Ha-Seong Kim,673490,/api/v1/people/673490,2023,27,SD,NL,2B,152,626,538,84,140,23,0,17,60,38,75,124,3,5,0.26,0.351,0.398,0.749,105.7,1,haseong kim,Ha-seong Kim,SD,2B,7000000.0,7000000.0,7000000.0,both,0.32013465592469725,0.4141578172706151,105.7,0.0272,0.1198,0.1981,0.395,2.4286,8.5714,0.107,411765.0,Prime (25-29)
Justin Turner,457759,/api/v1/people/457759,2023,38,BOS,AL,DH,146,626,558,86,154,31,0,23,96,4,51,110,11,6,0.276,0.345,0.455,0.8,117.6,1,justin turner,Justin Turner,BOS,DH/1B,8300000.0,9300000.0,9300000.0,both,0.32013465592469725,0.4141578172706151,117.6,0.0367,0.0815,0.1757,0.658,2.7711,11.5663,0.0964,360870.0,Late (35+)
Gunnar Henderson,683002,/api/v1/people/683002,2023,22,BAL,AL,3B,150,622,560,100,143,29,9,28,82,10,56,159,3,3,0.255,0.325,0.489,0.814,119.6,1,gunnar henderson,Gunnar Henderson,BAL,SS,723200.0,723200.0,723200.0,both,0.32013465592469725,0.4141578172706151,119.6,0.045,0.09,0.2556,0.547,38.7168,113.385,1.1256,25829.0,U25
Andrew Benintendi,643217,/api/v1/people/643217,2023,28,CWS,AL,LF,151,621,562,72,147,34,2,5,45,13,52,89,3,3,0.262,0.326,0.356,0.682,87.8,1,andrew benintendi,Andrew Benintendi,CHW,LF,8000000.0,11000000.0,8600000.0,both,0.32013465592469725,0.4141578172706151,87.8,0.0081,0.0837,0.1433,0.298,0.625,5.625,0.0853,1600000.0,Prime (25-29)
Carlos Santana,467793,/api/v1/people/467793,2023,37,MIL,NL,1B,146,619,550,78,132,33,1,23,86,6,65,104,0,4,0.24,0.318,0.429,0.747,102.9,2,carlos santana,Carlos Santana,MIL,1B,6725000.0,2386296.0,6725000.0,both,0.32013465592469725,0.4141578172706151,102.9,0.0372,0.105,0.168,0.589,3.4201,12.7881,0.1111,292391.0,Late (35+)
Luis Arraez,650333,/api/v1/people/650333,2023,26,MIA,NL,2B,147,617,574,71,203,30,3,10,69,3,35,34,4,3,0.354,0.393,0.469,0.862,136.0,1,luis arraez,Luis Arraez,MIA,2B,6100000.0,6100000.0,6100000.0,both,0.32013465592469725,0.4141578172706151,136.0,0.0162,0.0567,0.0551,0.469,1.6393,11.3115,0.1413,610000.0,Prime (25-29)
Josh Bell,605137,/api/v1/people/605137,2023,30,MIA,NL,1B,150,617,547,52,135,28,0,22,74,0,63,134,2,3,0.247,0.325,0.419,0.744,102.7,2,josh bell,Josh Bell,MIA,1B,16500000.0,5411310.0,16500000.0,both,0.32013465592469725,0.4141578172706151,102.7,0.0357,0.1021,0.2172,0.493,1.3333,4.4848,0.0451,750000.0,Veteran (30-34)
Andrés Giménez,665926,/api/v1/people/665926,2023,24,CLE,AL,2B,153,616,557,76,140,27,5,15,62,30,32,112,20,3,0.251,0.314,0.399,0.713,94.4,1,andres gimenez,Andres Gimenez,CLE,2B,1000000.0,5000000.0,1571429.0,both,0.32013465592469725,0.4141578172706151,94.4,0.0244,0.0519,0.1818,0.405,15.0,62.0,0.713,66667.0,U25
Ezequiel Tovar,678662,/api/v1/people/678662,2023,21,COL,NL,SS,153,615,581,79,147,37,4,15,73,11,25,166,4,3,0.253,0.287,0.408,0.695,88.2,1,ezequiel tovar,Ezequiel Tovar,COL,SS,722000.0,722000.0,722000.0,both,0.32013465592469725,0.4141578172706151,88.2,0.0244,0.0407,0.2699,0.477,20.7756,101.108,0.9626,48133.0,U25
Andrew Vaughn,683734,/api/v1/people/683734,2023,25,CWS,AL,1B,152,615,566,67,146,30,2,21,80,0,36,129,11,2,0.258,0.314,0.429,0.743,101.7,1,andrew vaughn,Andrew Vaughn,CHW,1B,760000.0,760000.0,760000.0,both,0.32013465592469725,0.4141578172706151,101.7,0.0341,0.0585,0.2098,0.526,27.6316,105.2632,0.9776,36190.0,Prime (25-29)
CJ Abrams,682928,/api/v1/people/682928,2023,22,WSH,NL,SS,151,614,563,83,138,28,6,18,64,47,32,118,13,3,0.245,0.3,0.412,0.712,93.2,1,cj abrams,CJ Abrams,WSH,SS,724200.0,724200.0,724200.0,both,0.32013465592469725,0.4141578172706151,93.2,0.0293,0.0521,0.1922,0.424,24.855,88.3734,0.9832,40233.0,U25
Nolan Arenado,571448,/api/v1/people/571448,2023,32,STL,NL,3B,144,612,560,71,149,26,2,26,93,3,41,101,3,8,0.266,0.315,0.459,0.774,109.2,1,nolan arenado,Nolan Arenado,STL,3B,35000000.0,8025000.0,35025000.0,both,0.32013465592469725,0.4141578172706151,109.2,0.0425,0.067,0.165,0.646,0.7429,2.6571,0.0221,1346154.0,Veteran (30-34)
Alec Bohm,664761,/api/v1/people/664761,2023,26,PHI,NL,3B,145,611,558,74,153,31,0,20,97,4,42,94,5,6,0.274,0.327,0.437,0.764,107.7,1,alec bohm,Alec Bohm,PHI,1B,748000.0,748000.0,748000.0,both,0.32013465592469725,0.4141578172706151,107.7,0.0327,0.0687,0.1538,0.669,26.738,129.6791,1.0214,37400.0,Prime (25-29)
William Contreras,661388,/api/v1/people/661388,2023,25,MIL,NL,C,141,611,540,86,156,38,1,17,78,6,63,126,5,2,0.289,0.367,0.457,0.824,125.0,1,william contreras,William Contreras,MIL,C,739000.0,739000.0,739000.0,both,0.32013465592469725,0.4141578172706151,125.0,0.0278,0.1031,0.2062,0.553,23.0041,105.548,1.115,43471.0,Prime (25-29)
MJ Melendez,669004,/api/v1/people/669004,2023,24,KC,AL,RF,148,602,533,65,125,29,5,16,56,6,62,170,3,4,0.235,0.316,0.398,0.714,94.8,1,mj melendez,MJ Melendez,KC,RF,726500.0,726500.0,726500.0,both,0.32013465592469725,0.4141578172706151,94.8,0.0266,0.103,0.2824,0.378,22.0234,77.0819,0.9828,45406.0,U25
Alex Verdugo,657077,/api/v1/people/657077,2023,27,BOS,AL,RF,142,602,546,81,144,37,5,13,54,5,45,93,6,5,0.264,0.324,0.421,0.745,102.9,1,alex verdugo,Alex Verdugo,BOS,RF,6300000.0,6300000.0,6300000.0,both,0.32013465592469725,0.4141578172706151,102.9,0.0216,0.0748,0.1545,0.38,2.0635,8.5714,0.1183,484615.0,Prime (25-29)
Bo Bichette,666182,/api/v1/people/666182,2023,25,TOR,AL,SS,135,601,571,69,175,30,3,20,73,5,27,115,2,1,0.306,0.339,0.475,0.814,120.6,1,bo bichette,Bo Bichette,TOR,SS,2850000.0,6100000.0,3933333.0,both,0.32013465592469725,0.4141578172706151,120.6,0.0333,0.0449,0.1913,0.541,7.0175,25.614,0.2856,142500.0,Prime (25-29)
Manny Machado,592518,/api/v1/people/592518,2023,30,SD,NL,3B,138,601,543,75,140,21,0,30,91,3,50,109,2,6,0.258,0.319,0.462,0.781,111.2,1,manny machado,Manny Machado,SD,3B,13000000.0,23000000.0,17090909.0,both,0.32013465592469725,0.4141578172706151,111.2,0.0499,0.0832,0.1814,0.659,2.3077,7.0,0.0601,433333.0,Veteran (30-34)
Anthony Volpe,683011,/api/v1/people/683011,2023,22,NYY,AL,SS,159,601,541,62,113,23,4,21,60,24,52,167,5,2,0.209,0.283,0.383,0.666,80.9,1,anthony volpe,Anthony Volpe,NYY,SS,720000.0,720000.0,720000.0,both,0.32013465592469725,0.4141578172706151,80.9,0.0349,0.0865,0.2779,0.377,29.1667,83.3333,0.925,34286.0,U25
Yandy Díaz,650490,/api/v1/people/650490,2023,31,TB,AL,1B,137,600,525,95,173,35,0,22,78,0,65,94,8,2,0.33,0.41,0.522,0.932,154.1,1,yandy diaz,Yandy Diaz,TB,1B,6000000.0,6000000.0,6000000.0,both,0.32013465592469725,0.4141578172706151,154.1,0.0367,0.1083,0.1567,0.569,3.6667,13.0,0.1553,272727.0,Veteran (30-34)
Shohei Ohtani,660271,/api/v1/people/660271,2023,28,LAA,AL,DH,135,599,497,102,151,26,8,44,95,20,91,143,3,3,0.304,0.412,0.654,1.066,186.6,1,shohei ohtani,Shohei Ohtani,LAA,SP/DH,30000000.0,30000000.0,30000000.0,both,0.32013465592469725,0.4141578172706151,186.6,0.0735,0.1519,0.2387,0.704,1.4667,3.1667,0.0355,681818.0,Prime (25-29)
Luis Robert Jr.,673357,/api/v1/people/673357,2023,25,CWS,AL,CF,145,595,546,90,144,36,1,38,80,20,30,172,12,2,0.264,0.315,0.542,0.857,129.3,1,luis robert,Luis Robert Jr.,CHW,CF,9500000.0,9500000.0,9500000.0,both,0.32013465592469725,0.4141578172706151,129.3,0.0639,0.0504,0.2891,0.552,4.0,8.4211,0.0902,250000.0,Prime (25-29)
José Abreu,547989,/api/v1/people/547989,2023,36,HOU,AL,1B,141,594,540,62,128,23,1,18,90,0,42,130,6,6,0.237,0.296,0.383,0.679,84.9,1,jose abreu,Jose Abreu,HOU,1B,19500000.0,19500000.0,19500000.0,both,0.32013465592469725,0.4141578172706151,84.9,0.0303,0.0707,0.2189,0.638,0.9231,4.6154,0.0348,1083333.0,Late (35+)
Lourdes Gurriel Jr.,666971,/api/v1/people/666971,2023,29,AZ,NL,LF,145,592,551,65,144,35,2,24,82,5,33,103,6,2,0.261,0.309,0.463,0.772,108.3,1,lourdes gurriel,Lourdes Gurriel Jr.,ARI,LF,5400000.0,5400000.0,5828571.0,both,0.32013465592469725,0.4141578172706151,108.3,0.0405,0.0557,0.174,0.566,4.4444,15.1852,0.143,225000.0,Prime (25-29)
Whit Merrifield,593160,/api/v1/people/593160,2023,34,TOR,AL,2B,145,592,547,66,149,27,0,11,67,26,36,101,3,6,0.272,0.318,0.382,0.7,91.6,1,whit merrifield,Whit Merrifield,TOR,2B,6750000.0,6750000.0,6750000.0,both,0.32013465592469725,0.4141578172706151,91.6,0.0186,0.0608,0.1706,0.462,1.6296,9.9259,0.1037,613636.0,Veteran (30-34)
Marcell Ozuna,542303,/api/v1/people/542303,2023,32,ATL,NL,DH,144,592,530,84,145,29,1,40,100,0,57,134,3,2,0.274,0.346,0.558,0.904,142.8,1,marcell ozuna,Marcell Ozuna,ATL,LF,16000000.0,16000000.0,16000000.0,both,0.32013465592469725,0.4141578172706151,142.8,0.0676,0.0963,0.2264,0.694,2.5,6.25,0.0565,400000.0,Veteran (30-34)
Dominic Smith,642086,/api/v1/people/642086,2023,28,WSH,NL,1B,153,586,527,57,134,21,1,12,46,1,47,91,10,2,0.254,0.326,0.366,0.692,90.2,1,dominic smith,Dominic Smith,WSH,1B,2000000.0,2000000.0,2000000.0,both,0.32013465592469725,0.4141578172706151,90.2,0.0205,0.0802,0.1553,0.301,6.0,23.0,0.346,166667.0,Prime (25-29)
Seiya Suzuki,673548,/api/v1/people/673548,2023,28,CHC,NL,RF,138,583,515,75,147,31,6,20,74,6,59,130,2,7,0.285,0.357,0.485,0.842,128.6,1,seiya suzuki,Seiya Suzuki,CHC,RF,17000000.0,17000000.0,18000000.0,both,0.32013465592469725,0.4141578172706151,128.6,0.0343,0.1012,0.223,0.536,1.1765,4.3529,0.0495,850000.0,Prime (25-29)
Matt Chapman,656305,/api/v1/people/656305,2023,30,TOR,AL,3B,140,581,509,66,122,39,2,17,54,4,62,165,8,2,0.24,0.33,0.424,0.754,105.5,1,matt chapman,Matt Chapman,TOR,3B,12000000.0,12000000.0,12500000.0,both,0.32013465592469725,0.4141578172706151,105.5,0.0293,0.1067,0.284,0.386,1.4167,4.5,0.0628,705882.0,Veteran (30-34)
Daulton Varsho,662139,/api/v1/people/662139,2023,26,TOR,AL,LF,158,581,527,65,116,23,3,20,61,16,45,135,4,3,0.22,0.285,0.389,0.674,83.0,1,daulton varsho,Daulton Varsho,TOR,LF,3050000.0,3050000.0,3050000.0,both,0.32013465592469725,0.4141578172706151,83.0,0.0344,0.0775,0.2324,0.386,6.5574,20.0,0.221,152500.0,Prime (25-29)
Carlos Correa,621043,/api/v1/people/621043,2023,28,MIN,AL,SS,135,580,514,60,118,29,2,18,65,0,59,131,4,3,0.23,0.312,0.399,0.711,93.8,1,carlos correa,Carlos Correa,MIN,SS,32000000.0,36000000.0,33333333.0,both,0.32013465592469725,0.4141578172706151,93.8,0.031,0.1017,0.2259,0.481,0.5625,2.0312,0.0222,1777778.0,Prime (25-29)
Salvador Perez,521692,/api/v1/people/521692,2023,33,KC,AL,C,140,580,538,59,137,21,0,23,80,0,19,135,13,8,0.255,0.292,0.422,0.714,93.1,1,salvador perez,Salvador Perez,KC,C/DH/1B,20000000.0,20000000.0,20000000.0,both,0.32013465592469725,0.4141578172706151,93.1,0.0397,0.0328,0.2328,0.571,1.15,4.0,0.0357,869565.0,Veteran (30-34)
Jorge Soler,624585,/api/v1/people/624585,2023,31,MIA,NL,DH,137,580,504,77,126,24,0,36,75,1,66,141,6,4,0.25,0.341,0.512,0.853,130.1,1,jorge soler,Jorge Soler,MIA,DH,15000000.0,19000000.0,19000000.0,both,0.32013465592469725,0.4141578172706151,130.1,0.0621,0.1138,0.2431,0.547,2.4,5.0,0.0569,416667.0,Veteran (30-34)
Masataka Yoshida,807799,/api/v1/people/807799,2023,29,BOS,AL,LF,140,580,537,71,155,33,3,15,72,8,34,81,7,2,0.289,0.338,0.445,0.783,113.0,1,masataka yoshida,Masataka Yoshida,BOS,LF,15000000.0,18000000.0,15600000.0,both,0.32013465592469725,0.4141578172706151,113.0,0.0259,0.0586,0.1397,0.514,1.0,4.8,0.0522,1000000.0,Prime (25-29)
Max Muncy,571970,/api/v1/people/571970,2023,32,LAD,NL,3B,135,579,482,95,102,17,1,36,105,1,85,153,6,6,0.212,0.333,0.475,0.808,118.7,1,max muncy,Max Muncy,LAD,1B,13500000.0,13500000.0,13500000.0,both,0.32013465592469725,0.4141578172706151,118.7,0.0622,0.1468,0.2642,0.778,2.6667,7.7778,0.0599,375000.0,Veteran (30-34)
Jeimer Candelario,600869,/api/v1/people/600869,2023,29,CHC,NL,1B,140,576,505,77,127,39,3,22,70,8,53,127,13,4,0.251,0.336,0.471,0.807,118.7,2,jeimer candelario,Jeimer Candelario,CHC,3B,5000000.0,2466684.0,5800000.0,both,0.32013465592469725,0.4141578172706151,118.7,0.0382,0.092,0.2205,0.5,4.4,14.0,0.1614,227273.0,Prime (25-29)
Isaac Paredes,670623,/api/v1/people/670623,2023,24,TB,AL,3B,143,571,492,71,123,24,0,31,98,1,58,104,20,1,0.25,0.352,0.488,0.84,127.8,1,isaac paredes,Isaac Paredes,TB,3B,735000.0,735000.0,735000.0,both,0.32013465592469725,0.4141578172706151,127.8,0.0543,0.1016,0.1821,0.685,42.1769,133.3333,1.1429,23710.0,U25
Cal Raleigh,663728,/api/v1/people/663728,2023,26,SEA,AL,C,145,569,513,78,119,23,1,30,75,0,54,158,1,1,0.232,0.306,0.456,0.762,105.7,1,cal raleigh,Cal Raleigh,SEA,C,758300.0,758300.0,758300.0,both,0.32013465592469725,0.4141578172706151,105.7,0.0527,0.0949,0.2777,0.517,39.5622,98.9054,1.0049,25277.0,Prime (25-29)
James Outman,681546,/api/v1/people/681546,2023,26,LAD,NL,CF,151,567,483,86,120,16,3,23,70,16,68,181,12,4,0.248,0.353,0.437,0.79,115.8,1,james outman,James Outman,LAD,CF,722500.0,722500.0,722500.0,both,0.32013465592469725,0.4141578172706151,115.8,0.0406,0.1199,0.3192,0.464,31.8339,96.8858,1.0934,31413.0,Prime (25-29)
Austin Hays,669720,/api/v1/people/669720,2023,27,BAL,AL,LF,144,566,520,76,143,36,2,16,67,5,38,141,3,5,0.275,0.325,0.444,0.769,108.7,1,austin hays,Austin Hays,BAL,LF,3200000.0,3200000.0,3200000.0,both,0.32013465592469725,0.4141578172706151,108.7,0.0283,0.0671,0.2491,0.465,5.0,20.9375,0.2403,200000.0,Prime (25-29)
DJ LeMahieu,518934,/api/v1/people/518934,2023,34,NYY,AL,3B,136,562,497,55,121,22,3,15,44,2,60,125,3,2,0.243,0.327,0.39,0.717,96.3,1,dj lemahieu,D.J. LeMahieu,NYY,3B,15000000.0,15000000.0,15000000.0,both,0.32013465592469725,0.4141578172706151,96.3,0.0267,0.1068,0.2224,0.324,1.0,2.9333,0.0478,1000000.0,Veteran (30-34)
Keibert Ruiz,660688,/api/v1/people/660688,2023,24,WSH,NL,C,136,562,523,55,136,24,0,18,67,1,31,58,6,2,0.26,0.308,0.409,0.717,95.0,1,keibert ruiz,Keibert Ruiz,WSH,C,1000000.0,4000000.0,1375000.0,both,0.32013465592469725,0.4141578172706151,95.0,0.032,0.0552,0.1032,0.493,18.0,67.0,0.717,55556.0,U25
Cody Bellinger,641355,/api/v1/people/641355,2023,27,CHC,NL,CF,130,556,499,95,153,29,1,26,97,20,40,87,5,12,0.307,0.356,0.525,0.881,138.0,1,cody bellinger,Cody Bellinger,CHC,CF/1B,12500000.0,12500000.0,12500000.0,both,0.32013465592469725,0.4141578172706151,138.0,0.0468,0.0719,0.1565,0.746,2.08,7.76,0.0705,480769.0,Prime (25-29)
TJ Friedl,670770,/api/v1/people/670770,2023,27,CIN,NL,CF,138,556,488,73,136,22,8,18,66,27,47,90,10,3,0.279,0.352,0.467,0.819,122.7,1,tj friedl,T.J. Friedl,CIN,LF,722500.0,722500.0,722500.0,both,0.32013465592469725,0.4141578172706151,122.7,0.0324,0.0845,0.1619,0.478,24.9135,91.3495,1.1336,40139.0,Prime (25-29)
Trent Grisham,663757,/api/v1/people/663757,2023,26,SD,NL,CF,153,555,469,67,93,31,1,13,50,15,75,154,5,1,0.198,0.315,0.352,0.667,83.4,1,trent grisham,Trent Grisham,SD,CF,3175000.0,3175000.0,3175000.0,both,0.32013465592469725,0.4141578172706151,83.4,0.0234,0.1351,0.2775,0.327,4.0945,15.748,0.2101,244231.0,Prime (25-29)
Will Smith,669257,/api/v1/people/669257,2023,28,LAD,NL,C,126,554,464,80,121,21,2,19,76,3,63,89,15,12,0.261,0.359,0.438,0.797,117.9,1,will smith,Will Smith,LAD,C,5250000.0,5250000.0,5250000.0,both,0.32013465592469725,0.4141578172706151,117.9,0.0343,0.1137,0.1606,0.603,3.619,14.4762,0.1518,276316.0,Prime (25-29)
Leody Taveras,665750,/api/v1/people/665750,2023,24,TEX,AL,CF,143,554,511,67,136,31,3,14,67,14,35,117,1,4,0.266,0.312,0.421,0.733,99.1,1,leody taveras,Leody Taveras,TEX,CF,733445.0,733445.0,733445.0,both,0.32013465592469725,0.4141578172706151,99.1,0.0253,0.0632,0.2112,0.469,19.088,91.3497,0.9994,52389.0,U25
Hunter Renfroe,592669,/api/v1/people/592669,2023,31,CIN,NL,DH,140,548,498,60,116,31,0,20,60,0,44,125,3,3,0.233,0.297,0.416,0.713,93.2,2,hunter renfroe,,,,,,,left_only,0.32013465592469725,0.4141578172706151,93.2,0.0365,0.0803,0.2281,0.429,,,,,Veteran (30-34)
Javier Báez,595879,/api/v1/people/595879,2023,30,DET,AL,SS,136,547,510,58,113,18,4,9,59,12,24,125,9,3,0.222,0.267,0.325,0.592,61.9,1,javier baez,Javier Báez,DET,SS,22000000.0,22000000.0,22000000.0,both,0.32013465592469725,0.4141578172706151,61.9,0.0165,0.0439,0.2285,0.434,0.4091,2.6818,0.0269,2444444.0,Veteran (30-34)
J.D. Davis,605204,/api/v1/people/605204,2023,30,SF,NL,3B,144,546,480,61,119,23,1,18,69,1,52,152,6,6,0.248,0.325,0.413,0.738,101.2,1,jd davis,J.D. Davis,SF,3B,4210000.0,4210000.0,4210000.0,both,0.32013465592469725,0.4141578172706151,101.2,0.033,0.0952,0.2784,0.479,4.2755,16.3895,0.1753,233889.0,Veteran (30-34)
Bryce Harper,547180,/api/v1/people/547180,2023,30,PHI,NL,DH,126,546,457,84,134,29,1,21,72,11,80,119,5,4,0.293,0.401,0.499,0.9,145.7,1,bryce harper,Bryce Harper,PHI,1B,26000000.0,26050000.0,27588462.0,both,0.32013465592469725,0.4141578172706151,145.7,0.0385,0.1465,0.2179,0.571,0.8077,2.7692,0.0346,1238095.0,Veteran (30-34)
Amed Rosario,642708,/api/v1/people/642708,2023,27,LAD,NL,2B,142,545,510,70,134,25,8,6,58,15,29,99,3,3,0.263,0.305,0.378,0.683,86.5,2,amed rosario,Amed Rosario,LAD,SS,7800000.0,2767710.0,7800000.0,both,0.32013465592469725,0.4141578172706151,86.5,0.011,0.0532,0.1817,0.408,0.7692,7.4359,0.0876,1300000.0,Prime (25-29)
Jake Burger,669394,/api/v1/people/669394,2023,27,MIA,NL,3B,141,540,492,71,123,28,1,34,80,1,32,149,12,4,0.25,0.309,0.518,0.827,121.6,2,jake burger,Jake Burger,MIA,3B/DH,720000.0,236131.0,720000.0,both,0.32013465592469725,0.4141578172706151,121.6,0.063,0.0593,0.2759,0.567,47.2222,111.1111,1.1486,21176.0,Prime (25-29)
J.T. Realmuto,592663,/api/v1/people/592663,2023,32,PHI,NL,C,135,540,489,70,123,28,5,20,63,16,35,138,9,5,0.252,0.31,0.452,0.762,106.0,1,jt realmuto,J.T. Realmuto,PHI,C,23875000.0,23875000.0,23875000.0,both,0.32013465592469725,0.4141578172706151,106.0,0.037,0.0648,0.2556,0.467,0.8377,2.6387,0.0319,1193750.0,Veteran (30-34)
Michael Harris II,671739,/api/v1/people/671739,2023,22,ATL,NL,CF,138,539,505,76,148,33,3,18,57,20,25,101,5,3,0.293,0.331,0.477,0.808,118.6,1,michael harris,Michael Harris II,ATL,CF,5000000.0,5000000.0,5000000.0,both,0.32013465592469725,0.4141578172706151,118.6,0.0334,0.0464,0.1874,0.413,3.6,11.4,0.1616,277778.0,U25
Corey Seager,608369,/api/v1/people/608369,2023,29,TEX,AL,SS,119,536,477,88,156,42,0,33,96,2,49,88,4,6,0.327,0.39,0.623,1.013,172.2,1,corey seager,Corey Seager,TEX,SS,35000000.0,35000000.0,35500000.0,both,0.32013465592469725,0.4141578172706151,172.2,0.0616,0.0914,0.1642,0.807,0.9429,2.7429,0.0289,1060606.0,Prime (25-29)
Jack Suwinski,669261,/api/v1/people/669261,2023,24,PIT,NL,CF,144,534,447,63,100,21,2,26,74,13,75,172,6,6,0.224,0.339,0.454,0.793,115.5,1,jack suwinski,Jack Suwinski,PIT,CF,725000.0,725000.0,725000.0,both,0.32013465592469725,0.4141578172706151,115.5,0.0487,0.1404,0.3221,0.514,35.8621,102.069,1.0938,27885.0,U25
Orlando Arcia,606115,/api/v1/people/606115,2023,28,ATL,NL,SS,139,533,488,66,129,25,0,17,65,1,39,102,3,3,0.264,0.321,0.42,0.741,101.7,1,orlando arcia,Orlando Arcia,ATL,2B,2300000.0,2300000.0,2300000.0,both,0.32013465592469725,0.4141578172706151,101.7,0.0319,0.0732,0.1914,0.468,7.3913,28.2609,0.3222,135294.0,Prime (25-29)
Thairo Estrada,642731,/api/v1/people/642731,2023,27,SF,NL,2B,120,530,495,63,134,26,2,14,49,23,22,120,11,2,0.271,0.315,0.416,0.731,98.8,1,thairo estrada,Thairo Estrada,SF,2B,2250000.0,2250000.0,2250000.0,both,0.32013465592469725,0.4141578172706151,98.8,0.0264,0.0415,0.2264,0.408,6.2222,21.7778,0.3249,160714.0,Prime (25-29)
Matt Vierling,663837,/api/v1/people/663837,2023,26,DET,AL,RF,134,530,479,63,125,21,5,10,44,6,44,112,5,1,0.261,0.329,0.388,0.717,96.5,1,matt vierling,Matt Vierling,DET,RF,727100.0,727100.0,727100.0,both,0.32013465592469725,0.4141578172706151,96.5,0.0189,0.083,0.2113,0.328,13.7533,60.5144,0.9861,72710.0,Prime (25-29)
Jonathan India,663697,/api/v1/people/663697,2023,26,CIN,NL,2B,119,529,454,78,111,23,0,17,61,14,52,109,16,7,0.244,0.338,0.407,0.745,103.9,1,jonathan india,Jonathan India,CIN,2B,760000.0,760000.0,760000.0,both,0.32013465592469725,0.4141578172706151,103.9,0.0321,0.0983,0.206,0.513,22.3684,80.2632,0.9803,44706.0,Prime (25-29)
Tommy Edman,669242,/api/v1/people/669242,2023,28,STL,NL,2B,137,528,479,69,119,25,4,13,47,27,35,84,7,4,0.248,0.307,0.399,0.706,92.2,1,tommy edman,Tommy Edman,STL,SS,4200000.0,4200000.0,4200000.0,both,0.32013465592469725,0.4141578172706151,92.2,0.0246,0.0663,0.1591,0.343,3.0952,11.1905,0.1681,323077.0,Prime (25-29)
Elias Díaz,553869,/api/v1/people/553869,2023,32,COL,NL,C,141,526,486,48,130,25,1,14,72,1,34,118,2,4,0.267,0.316,0.409,0.725,97.5,1,elias diaz,Elias Diaz,COL,C,5500000.0,5500000.0,5500000.0,both,0.32013465592469725,0.4141578172706151,97.5,0.0266,0.0646,0.2243,0.511,2.5455,13.0909,0.1318,392857.0,Veteran (30-34)
Brent Rooker,667670,/api/v1/people/667670,2023,28,OAK,AL,DH,137,526,463,61,114,20,1,30,69,4,49,172,10,4,0.246,0.329,0.488,0.817,120.6,1,brent rooker,Brent Rooker,OAK,DH/RF/LF,725000.0,725000.0,725000.0,both,0.32013465592469725,0.4141578172706151,120.6,0.057,0.0932,0.327,0.504,41.3793,95.1724,1.1269,24167.0,Prime (25-29)
Ke'Bryan Hayes,663647,/api/v1/people/663647,2023,26,PIT,NL,3B,124,525,494,65,134,31,7,15,61,10,28,104,0,3,0.271,0.309,0.453,0.762,105.9,1,kebryan hayes,Ke'Bryan Hayes,PIT,3B,10000000.0,10000000.0,10000000.0,both,0.32013465592469725,0.4141578172706151,105.9,0.0286,0.0533,0.1981,0.492,1.5,6.1,0.0762,666667.0,Prime (25-29)
Tim Anderson,641313,/api/v1/people/641313,2023,30,CWS,AL,SS,123,524,493,52,121,18,2,1,25,13,26,122,3,2,0.245,0.286,0.296,0.582,60.8,1,tim anderson,Tim Anderson,CHW,SS,12500000.0,12096776.0,12500000.0,both,0.32013465592469725,0.4141578172706151,60.8,0.0019,0.0496,0.2328,0.203,0.08,2.0,0.0466,12500000.0,Veteran (30-34)
Brandon Drury,592273,/api/v1/people/592273,2023,30,LAA,AL,2B,125,523,485,61,127,30,3,26,83,0,25,136,8,5,0.262,0.306,0.497,0.803,115.6,1,brandon drury,Brandon Drury,LAA,3B,8500000.0,8500000.0,8500000.0,both,0.32013465592469725,0.4141578172706151,115.6,0.0497,0.0478,0.26,0.664,3.0588,9.7647,0.0945,326923.0,Veteran (30-34)
Jake Cronenworth,630105,/api/v1/people/630105,2023,29,SD,NL,1B,127,522,458,54,105,24,7,10,48,6,46,97,11,5,0.229,0.312,0.378,0.69,88.7,1,jake cronenworth,Jake Cronenworth,SD,1B,4225000.0,4225000.0,4225000.0,both,0.32013465592469725,0.4141578172706151,88.7,0.0192,0.0881,0.1858,0.378,2.3669,11.3609,0.1633,422500.0,Prime (25-29)
Jurickson Profar,595777,/api/v1/people/595777,2023,30,SD,NL,LF,125,521,459,55,111,27,2,9,46,1,50,90,6,5,0.242,0.321,0.368,0.689,89.1,2,jurickson profar,Jurickson Profar,SD,LF,720000.0,89033.0,720000.0,both,0.32013465592469725,0.4141578172706151,89.1,0.0173,0.096,0.1727,0.368,12.5,63.8889,0.9569,80000.0,Veteran (30-34)
LaMonte Wade Jr.,664774,/api/v1/people/664774,2023,29,SF,NL,1B,135,519,429,64,110,14,2,17,45,2,76,95,6,4,0.256,0.373,0.417,0.79,117.2,1,lamonte wade,LaMonte Wade Jr.,SF,1B/OF,1375000.0,1375000.0,1375000.0,both,0.32013465592469725,0.4141578172706151,117.2,0.0328,0.1464,0.183,0.333,12.3636,32.7273,0.5745,80882.0,Prime (25-29)
Zach McKinstry,656716,/api/v1/people/656716,2023,28,DET,AL,3B,148,518,464,60,107,21,4,9,35,16,44,113,5,3,0.231,0.302,0.351,0.653,79.1,1,zach mckinstry,Zach McKinstry,DET,2B,734500.0,734500.0,734500.0,both,0.32013465592469725,0.4141578172706151,79.1,0.0174,0.0849,0.2181,0.236,12.2532,47.6515,0.889,81611.0,Prime (25-29)
Myles Straw,664702,/api/v1/people/664702,2023,28,CLE,AL,CF,147,518,462,52,110,18,3,1,29,20,42,97,2,6,0.238,0.301,0.297,0.598,65.7,1,myles straw,Myles Straw,CLE,CF,2500000.0,2500000.0,2900000.0,both,0.32013465592469725,0.4141578172706151,65.7,0.0019,0.0811,0.1873,0.197,0.4,11.6,0.2392,2500000.0,Prime (25-29)
Tyler Stephenson,663886,/api/v1/people/663886,2023,26,CIN,NL,C,142,517,465,59,113,20,2,13,56,0,47,135,4,1,0.243,0.317,0.378,0.695,90.3,1,tyler stephenson,Tyler Stephenson,CIN,C,740000.0,740000.0,740000.0,both,0.32013465592469725,0.4141578172706151,90.3,0.0251,0.0909,0.2611,0.394,17.5676,75.6757,0.9392,56923.0,Prime (25-29)
Eddie Rosario,592696,/api/v1/people/592696,2023,31,ATL,NL,LF,142,516,478,64,122,24,3,21,74,3,34,122,1,2,0.255,0.305,0.45,0.755,103.9,1,eddie rosario,Eddie Rosario,ATL,LF,9000000.0,9000000.0,9000000.0,both,0.32013465592469725,0.4141578172706151,103.9,0.0407,0.0659,0.2364,0.521,2.3333,8.2222,0.0839,428571.0,Veteran (30-34)
Maikel Garcia,672580,/api/v1/people/672580,2023,23,KC,AL,3B,123,515,464,59,126,20,4,4,50,23,38,115,2,10,0.272,0.323,0.358,0.681,87.3,1,maikel garcia,Maikel Garcia,KC,SS,720000.0,588392.0,720000.0,both,0.32013465592469725,0.4141578172706151,87.3,0.0078,0.0738,0.2233,0.407,5.5556,69.4444,0.9458,180000.0,U25
Josh Jung,673962,/api/v1/people/673962,2023,25,TEX,AL,3B,122,515,478,75,127,25,1,23,70,1,30,151,5,2,0.266,0.315,0.467,0.782,111.2,1,josh jung,Josh Jung,TEX,3B,721485.0,721485.0,721485.0,both,0.32013465592469725,0.4141578172706151,111.2,0.0447,0.0583,0.2932,0.574,31.8787,97.0221,1.0839,31369.0,Prime (25-29)
Enrique Hernández,571771,/api/v1/people/571771,2023,31,LAD,NL,2B,140,508,465,57,110,23,0,11,61,4,34,97,3,6,0.237,0.289,0.357,0.646,76.5,2,enrique hernandez,Enrique Hernandez,LAD,SS,10000000.0,1102121.0,10000000.0,both,0.32013465592469725,0.4141578172706151,76.5,0.0217,0.0669,0.1909,0.436,1.1,6.1,0.0646,909091.0,Veteran (30-34)
Mark Canha,592192,/api/v1/people/592192,2023,34,MIL,NL,DH,139,507,435,51,114,25,1,11,62,11,49,79,17,6,0.262,0.355,0.4,0.755,107.5,2,mark canha,Mark Canha,MIL,LF/RF/DH,10500000.0,240002.0,10500000.0,both,0.32013465592469725,0.4141578172706151,107.5,0.0217,0.0966,0.1558,0.446,1.0476,5.9048,0.0719,954545.0,Veteran (30-34)
Lars Nootbaar,663457,/api/v1/people/663457,2023,25,STL,NL,CF,117,503,426,74,111,23,1,14,46,11,72,99,1,3,0.261,0.367,0.418,0.785,115.6,1,lars nootbaar,Lars Nootbaar,STL,CF,732400.0,732400.0,732400.0,both,0.32013465592469725,0.4141578172706151,115.6,0.0278,0.1431,0.1968,0.393,19.1152,62.8072,1.0718,52314.0,Prime (25-29)
Triston Casas,671213,/api/v1/people/671213,2023,23,BOS,AL,1B,132,502,429,66,113,21,2,24,65,0,70,126,1,2,0.263,0.367,0.49,0.857,133.0,1,triston casas,Triston Casas,BOS,1B,732500.0,732500.0,732500.0,both,0.32013465592469725,0.4141578172706151,133.0,0.0478,0.1394,0.251,0.492,32.7645,88.7372,1.17,30521.0,U25
Jonah Heim,641680,/api/v1/people/641680,2023,28,TEX,AL,C,131,501,457,61,118,28,0,18,95,2,40,96,1,3,0.258,0.317,0.438,0.755,104.8,1,jonah heim,Jonah Heim,TEX,C,745660.0,745660.0,745660.0,both,0.32013465592469725,0.4141578172706151,104.8,0.0359,0.0798,0.1916,0.725,24.1397,127.4039,1.0125,41426.0,Prime (25-29)
Josh Lowe,666139,/api/v1/people/666139,2023,25,TB,AL,RF,135,501,466,71,136,33,2,20,83,32,31,124,1,3,0.292,0.335,0.5,0.835,125.4,1,josh lowe,Josh Lowe,TB,RF,723200.0,723200.0,723200.0,both,0.32013465592469725,0.4141578172706151,125.4,0.0399,0.0619,0.2475,0.615,27.6549,114.7677,1.1546,36160.0,Prime (25-29)
Esteury Ruiz,665923,/api/v1/people/665923,2023,24,OAK,AL,CF,132,497,449,47,114,24,1,5,47,67,20,99,16,1,0.254,0.309,0.345,0.654,79.8,1,esteury ruiz,Esteury Ruiz,OAK,CF,720000.0,720000.0,720000.0,both,0.32013465592469725,0.4141578172706151,79.8,0.0101,0.0402,0.1992,0.356,6.9444,65.2778,0.9083,144000.0,U25
Yordan Alvarez,670541,/api/v1/people/670541,2023,26,HOU,AL,DH,114,496,410,77,120,24,1,31,97,0,69,92,13,4,0.293,0.407,0.583,0.99,167.9,1,yordan alvarez,Yordan Alvarez,HOU,DH/LF,7000000.0,12000000.0,7833333.0,both,0.32013465592469725,0.4141578172706151,167.9,0.0625,0.1391,0.1855,0.851,4.4286,13.8571,0.1414,225806.0,Prime (25-29)
Willson Contreras,575929,/api/v1/people/575929,2023,31,STL,NL,C,125,495,428,55,113,27,0,20,67,6,51,111,13,2,0.264,0.358,0.467,0.825,124.6,1,willson contreras,Willson Contreras,STL,C,10000000.0,10000000.0,10000000.0,both,0.32013465592469725,0.4141578172706151,124.6,0.0404,0.103,0.2242,0.536,2.0,6.7,0.0825,500000.0,Veteran (30-34)
Josh Naylor,647304,/api/v1/people/647304,2023,26,CLE,AL,1B,121,495,452,52,139,31,0,17,97,10,33,68,3,7,0.308,0.354,0.489,0.843,128.6,1,josh naylor,Josh Naylor,CLE,1B,3350000.0,3350000.0,3350000.0,both,0.32013465592469725,0.4141578172706151,128.6,0.0343,0.0667,0.1374,0.802,5.0746,28.9552,0.2516,197059.0,Prime (25-29)
Ryan Noda,676116,/api/v1/people/676116,2023,27,OAK,AL,1B,128,495,406,63,93,22,1,16,54,3,77,170,10,2,0.229,0.364,0.406,0.77,111.7,1,ryan noda,Ryan Noda,OAK,1B,720000.0,720000.0,720000.0,both,0.32013465592469725,0.4141578172706151,111.7,0.0323,0.1556,0.3434,0.422,22.2222,75.0,1.0694,45000.0,Prime (25-29)
Geraldo Perdomo,672695,/api/v1/people/672695,2023,23,AZ,NL,SS,144,495,407,71,100,20,4,6,47,16,64,86,6,4,0.246,0.353,0.359,0.712,96.9,1,geraldo perdomo,Geraldo Perdomo,ARI,SS,738600.0,738600.0,738600.0,both,0.32013465592469725,0.4141578172706151,96.9,0.0121,0.1293,0.1737,0.326,8.1235,63.6339,0.964,123100.0,U25
Mauricio Dubón,643289,/api/v1/people/643289,2023,28,HOU,AL,2B,132,492,467,76,130,26,3,10,46,7,19,70,3,3,0.278,0.309,0.411,0.72,95.8,1,mauricio dubon,Mauricio Dubon,HOU,2B,1400000.0,1400000.0,1400000.0,both,0.32013465592469725,0.4141578172706151,95.8,0.0203,0.0386,0.1423,0.348,7.1429,32.8571,0.5143,140000.0,Prime (25-29)
Wander Franco,677551,/api/v1/people/677551,2023,22,TB,AL,SS,112,491,442,65,124,23,6,17,58,30,42,69,3,4,0.281,0.344,0.475,0.819,122.1,1,wander franco,Wander Franco,TB,SS,2000000.0,1483856.0,2454545.0,both,0.32013465592469725,0.4141578172706151,122.1,0.0346,0.0855,0.1405,0.518,8.5,29.0,0.4095,117647.0,U25
Max Kepler,596146,/api/v1/people/596146,2023,30,MIN,AL,RF,130,491,438,72,114,22,2,24,66,1,45,106,4,4,0.26,0.332,0.484,0.816,120.6,1,max kepler,Max Kepler,MIN,RF,8500000.0,8500000.0,8500000.0,both,0.32013465592469725,0.4141578172706151,120.6,0.0489,0.0916,0.2159,0.508,2.8235,7.7647,0.096,354167.0,Veteran (30-34)
Shea Langeliers,669127,/api/v1/people/669127,2023,25,OAK,AL,C,135,490,448,52,92,19,4,22,63,3,34,143,5,2,0.205,0.268,0.413,0.681,83.4,1,shea langeliers,Shea Langeliers,OAK,C,720000.0,720000.0,720000.0,both,0.32013465592469725,0.4141578172706151,83.4,0.0449,0.0694,0.2918,0.467,30.5556,87.5,0.9458,32727.0,Prime (25-29)
Eloy Jiménez,650391,/api/v1/people/650391,2023,26,CWS,AL,DH,120,489,456,50,124,23,0,18,64,0,30,93,1,2,0.272,0.317,0.441,0.758,105.5,1,eloy jimenez,Eloy Jimenez,CHW,DH/RF,9500000.0,9500000.0,10333333.0,both,0.32013465592469725,0.4141578172706151,105.5,0.0368,0.0613,0.1902,0.533,1.8947,6.7368,0.0798,527778.0,Prime (25-29)
Luis García Jr.,671277,/api/v1/people/671277,2023,23,WSH,NL,2B,122,482,447,61,119,18,4,9,50,9,27,60,0,7,0.266,0.304,0.385,0.689,87.9,1,luis garcia,Luis Garcia,SD,RP,3500000.0,3500000.0,3750000.0,both,0.32013465592469725,0.4141578172706151,87.9,0.0187,0.056,0.1245,0.41,2.5714,14.2857,0.1969,388889.0,U25
Tommy Pham,502054,/api/v1/people/502054,2023,35,AZ,NL,LF,129,481,426,55,109,27,3,16,68,22,47,106,2,6,0.256,0.328,0.446,0.774,110.1,2,tommy pham,Tommy Pham,ARI,LF,5000000.0,3639802.0,8000000.0,both,0.32013465592469725,0.4141578172706151,110.1,0.0333,0.0977,0.2204,0.527,3.2,13.6,0.1548,312500.0,Late (35+)
J.D. Martinez,502110,/api/v1/people/502110,2023,35,LAD,NL,DH,113,479,432,61,117,27,2,33,103,1,34,149,2,9,0.271,0.321,0.572,0.893,138.4,1,jd martinez,J.D. Martinez,LAD,DH,10000000.0,10000000.0,10000000.0,both,0.32013465592469725,0.4141578172706151,138.4,0.0689,0.071,0.3111,0.912,3.3,10.3,0.0893,303030.0,Late (35+)
Andrew McCutchen,457705,/api/v1/people/457705,2023,36,PIT,NL,DH,112,473,390,55,100,19,0,12,43,11,75,100,4,4,0.256,0.378,0.397,0.775,113.9,1,andrew mccutchen,Andrew McCutchen,PIT,RF,5000000.0,5000000.0,5000000.0,both,0.32013465592469725,0.4141578172706151,113.9,0.0254,0.1586,0.2114,0.384,2.4,8.6,0.155,416667.0,Late (35+)
Connor Joe,656582,/api/v1/people/656582,2023,30,PIT,NL,RF,133,472,413,63,102,31,4,11,42,3,50,110,8,1,0.247,0.339,0.421,0.76,107.5,1,connor joe,Connor Joe,PIT,LF,735000.0,735000.0,735000.0,both,0.32013465592469725,0.4141578172706151,107.5,0.0233,0.1059,0.2331,0.316,14.966,57.1429,1.034,66818.0,Veteran (30-34)
Brandon Marsh,669016,/api/v1/people/669016,2023,25,PHI,NL,CF,133,472,404,58,112,25,6,12,60,10,59,144,4,4,0.277,0.372,0.458,0.83,126.8,1,brandon marsh,Brandon Marsh,PHI,CF,734500.0,734500.0,734500.0,both,0.32013465592469725,0.4141578172706151,126.8,0.0254,0.125,0.3051,0.451,16.3376,81.6882,1.13,61208.0,Prime (25-29)
Randal Grichuk,545341,/api/v1/people/545341,2023,31,LAA,AL,LF,118,471,434,65,116,31,2,16,44,2,29,96,6,2,0.267,0.321,0.459,0.78,111.1,2,randal grichuk,Randal Grichuk,LAA,RF,9333334.0,1111098.0,10333334.0,both,0.32013465592469725,0.4141578172706151,111.1,0.034,0.0616,0.2038,0.373,1.7143,4.7143,0.0836,583333.0,Veteran (30-34)
Michael Conforto,624424,/api/v1/people/624424,2023,30,SF,NL,RF,125,470,406,58,97,14,0,15,58,4,53,106,7,4,0.239,0.334,0.384,0.718,97.0,1,michael conforto,Michael Conforto,SF,RF,18000000.0,18000000.0,18000000.0,both,0.32013465592469725,0.4141578172706151,97.0,0.0319,0.1128,0.2255,0.464,0.8333,3.2222,0.0399,1200000.0,Veteran (30-34)
Ryan Mountcastle,663624,/api/v1/people/663624,2023,26,BAL,AL,1B,115,470,423,64,114,21,1,18,68,3,37,107,3,7,0.27,0.328,0.452,0.78,111.6,1,ryan mountcastle,Ryan Mountcastle,BAL,1B/DH,738400.0,738400.0,738400.0,both,0.32013465592469725,0.4141578172706151,111.6,0.0383,0.0787,0.2277,0.591,24.377,92.091,1.0563,41022.0,Prime (25-29)
Jordan Walker,691023,/api/v1/people/691023,2023,21,STL,NL,RF,117,465,420,51,116,19,2,16,51,7,37,104,6,2,0.276,0.342,0.445,0.787,114.3,1,jordan walker,Jordan Walker,STL,3B,720000.0,576779.0,720000.0,both,0.32013465592469725,0.4141578172706151,114.3,0.0344,0.0796,0.2237,0.436,22.2222,70.8333,1.0931,45000.0,U25
Nolan Gorman,669357,/api/v1/people/669357,2023,23,STL,NL,2B,119,464,406,59,96,17,0,27,76,7,53,148,3,2,0.236,0.328,0.478,0.806,117.9,1,nolan gorman,Nolan Gorman,STL,3B,726950.0,726950.0,726950.0,both,0.32013465592469725,0.4141578172706151,117.9,0.0582,0.1142,0.319,0.639,37.1415,104.5464,1.1087,26924.0,U25
Michael Massey,686681,/api/v1/people/686681,2023,25,KC,AL,2B,129,461,428,42,98,18,1,15,55,6,24,99,4,4,0.229,0.274,0.381,0.655,77.6,1,michael massey,Michael Massey,KC,2B,722850.0,722850.0,722850.0,both,0.32013465592469725,0.4141578172706151,77.6,0.0325,0.0521,0.2148,0.426,20.7512,76.0877,0.9061,48190.0,Prime (25-29)
Kerry Carpenter,681481,/api/v1/people/681481,2023,25,DET,AL,RF,118,459,418,57,116,17,2,20,64,6,32,115,8,1,0.278,0.34,0.471,0.811,119.9,1,kerry carpenter,Kerry Carpenter,DET,LF,723700.0,723700.0,723700.0,both,0.32013465592469725,0.4141578172706151,119.9,0.0436,0.0697,0.2505,0.542,27.6358,88.4344,1.1206,36185.0,Prime (25-29)
Aaron Judge,592450,/api/v1/people/592450,2023,31,NYY,AL,RF,106,458,367,79,98,16,0,37,75,3,88,130,0,3,0.267,0.406,0.613,1.019,174.8,1,aaron judge,Aaron Judge,NYY,CF,40000000.0,40000000.0,40000000.0,both,0.32013465592469725,0.4141578172706151,174.8,0.0808,0.1921,0.2838,0.708,0.925,1.875,0.0255,1081081.0,Veteran (30-34)
Garrett Cooper,643265,/api/v1/people/643265,2023,32,SD,NL,1B,123,457,422,42,106,18,1,17,61,0,31,132,2,2,0.251,0.304,0.419,0.723,96.1,2,garrett cooper,Garrett Cooper,SD,1B,4200000.0,1377441.0,4200000.0,both,0.32013465592469725,0.4141578172706151,96.1,0.0372,0.0678,0.2888,0.496,4.0476,14.5238,0.1721,247059.0,Veteran (30-34)
Chas McCormick,676801,/api/v1/people/676801,2023,28,HOU,AL,LF,115,457,403,59,110,17,2,22,70,19,40,117,11,2,0.273,0.353,0.489,0.842,128.3,1,chas mccormick,Chas McCormick,HOU,CF,752500.0,752500.0,752500.0,both,0.32013465592469725,0.4141578172706151,128.3,0.0481,0.0875,0.256,0.609,29.2359,93.0233,1.1189,34205.0,Prime (25-29)
Will Brennan,686823,/api/v1/people/686823,2023,25,CLE,AL,RF,138,455,432,41,115,24,0,5,41,13,16,57,5,2,0.266,0.299,0.356,0.655,79.4,1,will brennan,Will Brennan,CLE,RF,720100.0,720100.0,720100.0,both,0.32013465592469725,0.4141578172706151,79.4,0.011,0.0352,0.1253,0.297,6.9435,56.9365,0.9096,144020.0,Prime (25-29)
Adam Frazier,624428,/api/v1/people/624428,2023,31,BAL,AL,2B,141,455,412,59,99,21,2,13,60,11,32,68,4,2,0.24,0.3,0.396,0.696,89.3,1,adam frazier,Adam Frazier,BAL,2B,8000000.0,8000000.0,8000000.0,both,0.32013465592469725,0.4141578172706151,89.3,0.0286,0.0703,0.1495,0.426,1.625,7.5,0.087,615385.0,Veteran (30-34)
Cedric Mullins,656775,/api/v1/people/656775,2023,28,BAL,AL,CF,116,455,404,51,94,23,3,15,74,19,43,101,1,4,0.233,0.305,0.416,0.721,95.7,1,cedric mullins,Cedric Mullins,BAL,CF,4100000.0,4100000.0,4100000.0,both,0.32013465592469725,0.4141578172706151,95.7,0.033,0.0945,0.222,0.638,3.6585,18.0488,0.1759,273333.0,Prime (25-29)
Wilmer Flores,527038,/api/v1/people/527038,2023,31,SF,NL,1B,126,454,405,51,115,22,0,23,60,0,41,63,5,3,0.284,0.355,0.509,0.864,133.8,1,wilmer flores,Wilmer Flores,SF,1B,6500000.0,6500000.0,6500000.0,both,0.32013465592469725,0.4141578172706151,133.8,0.0507,0.0903,0.1388,0.476,3.5385,9.2308,0.1329,282609.0,Veteran (30-34)
Donovan Solano,456781,/api/v1/people/456781,2023,35,MIN,AL,1B,134,450,394,43,111,26,1,5,38,0,40,100,15,1,0.282,0.369,0.391,0.76,109.7,1,donovan solano,Donovan Solano,MIN,2B,2000000.0,2100000.0,2100000.0,both,0.32013465592469725,0.4141578172706151,109.7,0.0111,0.0889,0.2222,0.284,2.5,19.0,0.38,400000.0,Late (35+)
Brice Turang,668930,/api/v1/people/668930,2023,23,MIL,NL,2B,137,448,404,46,88,9,3,6,34,26,38,94,1,2,0.218,0.285,0.3,0.585,61.5,1,brice turang,Brice Turang,MIL,SS,720000.0,634844.0,720000.0,both,0.32013465592469725,0.4141578172706151,61.5,0.0134,0.0848,0.2098,0.248,8.3333,47.2222,0.8125,120000.0,U25
Luis Rengifo,650859,/api/v1/people/650859,2023,26,LAA,AL,2B,126,445,394,55,104,15,4,16,51,6,41,82,6,4,0.264,0.339,0.444,0.783,113.1,1,luis rengifo,Luis Rengifo,LAA,SS,2300000.0,2300000.0,2300000.0,both,0.32013465592469725,0.4141578172706151,113.1,0.036,0.0921,0.1843,0.405,6.9565,22.1739,0.3404,143750.0,Prime (25-29)
Alex Call,669743,/api/v1/people/669743,2023,28,WSH,NL,CF,128,439,375,43,75,14,1,8,38,9,53,78,6,2,0.2,0.307,0.307,0.614,70.0,1,alex call,Alex Call,WSH,LF,721800.0,648127.0,721800.0,both,0.32013465592469725,0.4141578172706151,70.0,0.0182,0.1207,0.1777,0.297,11.0834,52.6462,0.8507,90225.0,Prime (25-29)
Ezequiel Duran,677649,/api/v1/people/677649,2023,24,TEX,AL,SS,122,439,406,55,112,22,2,14,46,8,23,120,7,2,0.276,0.324,0.443,0.767,108.2,1,ezequiel duran,Ezequiel Duran,TEX,2B,724170.0,724170.0,724170.0,both,0.32013465592469725,0.4141578172706151,108.2,0.0319,0.0524,0.2733,0.377,19.3325,63.521,1.0591,51726.0,U25
Sean Murphy,669221,/api/v1/people/669221,2023,28,ATL,NL,C,108,438,370,65,93,21,0,21,68,0,49,98,18,1,0.251,0.365,0.478,0.843,129.4,1,sean murphy,Sean Murphy,ATL,C,4000000.0,4000000.0,4000000.0,both,0.32013465592469725,0.4141578172706151,129.4,0.0479,0.1119,0.2237,0.63,5.25,17.0,0.2108,190476.0,Prime (25-29)
Brandon Lowe,664040,/api/v1/people/664040,2023,28,TB,AL,2B,109,436,377,58,87,15,1,21,68,7,50,119,6,3,0.231,0.328,0.443,0.771,109.4,1,brandon lowe,Brandon Lowe,TB,2B,5250000.0,5250000.0,5250000.0,both,0.32013465592469725,0.4141578172706151,109.4,0.0482,0.1147,0.2729,0.624,4.0,12.9524,0.1469,250000.0,Prime (25-29)
Harold Ramírez,623912,/api/v1/people/623912,2023,28,TB,AL,DH,122,434,400,58,125,19,2,12,68,5,22,79,6,6,0.313,0.353,0.46,0.813,121.3,1,harold ramirez,Harold Ramirez,TB,RF,2200000.0,2200000.0,2200000.0,both,0.32013465592469725,0.4141578172706151,121.3,0.0276,0.0507,0.182,0.557,5.4545,30.9091,0.3695,183333.0,Prime (25-29)
Brenton Doyle,686668,/api/v1/people/686668,2023,25,COL,NL,CF,126,431,399,48,81,16,5,10,48,22,22,151,4,3,0.203,0.25,0.343,0.593,60.9,1,brenton doyle,Brenton Doyle,COL,CF,720000.0,623225.0,720000.0,both,0.32013465592469725,0.4141578172706151,60.9,0.0232,0.051,0.3503,0.381,13.8889,66.6667,0.8236,72000.0,Prime (25-29)
Jace Peterson,607054,/api/v1/people/607054,2023,33,AZ,NL,3B,134,430,374,35,79,10,4,6,37,15,47,101,4,3,0.211,0.304,0.307,0.611,69.1,2,jace peterson,Jace Peterson,ARI,3B,4500000.0,1650028.0,4650000.0,both,0.32013465592469725,0.4141578172706151,69.1,0.014,0.1093,0.2349,0.276,1.3333,8.2222,0.1358,750000.0,Veteran (30-34)
Christopher Morel,666624,/api/v1/people/666624,2023,24,CHC,NL,DH,107,429,388,62,96,17,3,26,70,6,36,133,2,2,0.247,0.313,0.508,0.821,120.4,1,christopher morel,Christopher Morel,CHC,OF,720000.0,561295.0,720000.0,both,0.32013465592469725,0.4141578172706151,120.4,0.0606,0.0839,0.31,0.654,36.1111,97.2222,1.1403,27692.0,U25
Elly De La Cruz,682829,/api/v1/people/682829,2023,21,CIN,NL,SS,98,427,388,67,91,15,7,13,44,35,35,144,2,1,0.235,0.3,0.41,0.71,92.7,1,elly de la cruz,Elly De La Cruz,CIN,SS,720000.0,456774.0,720000.0,both,0.32013465592469725,0.4141578172706151,92.7,0.0304,0.082,0.3372,0.449,18.0556,61.1111,0.9861,55385.0,U25
Joc Pederson,592626,/api/v1/people/592626,2023,31,SF,NL,DH,121,425,358,59,84,14,3,15,51,0,57,89,7,3,0.235,0.348,0.416,0.764,109.1,1,joc pederson,Joc Pederson,SF,LF,19650000.0,19650000.0,19650000.0,both,0.32013465592469725,0.4141578172706151,109.1,0.0353,0.1341,0.2094,0.421,0.7634,2.5954,0.0389,1310000.0,Veteran (30-34)
Jon Berti,542932,/api/v1/people/542932,2023,33,MIA,NL,SS,133,424,388,53,114,16,3,7,33,16,29,77,2,3,0.294,0.344,0.405,0.749,105.2,1,jon berti,Jon Berti,MIA,SS,2100000.0,2100000.0,2100000.0,both,0.32013465592469725,0.4141578172706151,105.2,0.0165,0.0684,0.1816,0.248,3.3333,15.7143,0.3567,300000.0,Veteran (30-34)
Nolan Jones,666134,/api/v1/people/666134,2023,25,COL,NL,LF,106,424,367,60,109,22,4,20,62,20,53,126,3,1,0.297,0.389,0.542,0.931,152.4,1,nolan jones,Nolan Jones,COL,3B,720000.0,510972.0,720000.0,both,0.32013465592469725,0.4141578172706151,152.4,0.0472,0.125,0.2972,0.585,27.7778,86.1111,1.2931,36000.0,Prime (25-29)
Francisco Alvarez,682626,/api/v1/people/682626,2023,21,NYM,NL,C,123,423,382,51,80,12,0,25,63,2,34,110,6,1,0.209,0.284,0.437,0.721,94.2,1,francisco alvarez,Francisco Alvarez,NYM,C,720000.0,720000.0,720000.0,both,0.32013465592469725,0.4141578172706151,94.2,0.0591,0.0804,0.26,0.512,34.7222,87.5,1.0014,28800.0,U25
Miguel Rojas,500743,/api/v1/people/500743,2023,34,LAD,NL,SS,125,423,385,49,91,16,1,5,31,8,26,48,5,5,0.236,0.29,0.322,0.612,68.3,1,miguel rojas,Miguel Rojas,LAD,SS,3500000.0,5000000.0,4250000.0,both,0.32013465592469725,0.4141578172706151,68.3,0.0118,0.0615,0.1135,0.248,1.4286,8.8571,0.1749,700000.0,Veteran (30-34)
Alejandro Kirk,672386,/api/v1/people/672386,2023,24,TOR,AL,C,123,422,372,34,93,16,0,8,43,0,42,45,6,2,0.25,0.334,0.358,0.692,90.8,1,alejandro kirk,Alejandro Kirk,TOR,C,767300.0,767300.0,767300.0,both,0.32013465592469725,0.4141578172706151,90.8,0.019,0.0995,0.1066,0.35,10.4262,56.0407,0.9019,95912.0,U25
David Peralta,444482,/api/v1/people/444482,2023,35,LAD,NL,LF,133,422,394,47,102,25,1,7,55,4,20,72,2,6,0.259,0.294,0.381,0.675,83.8,1,david peralta,David Peralta,LAD,LF,6500000.0,8000000.0,8000000.0,both,0.32013465592469725,0.4141578172706151,83.8,0.0166,0.0474,0.1706,0.414,1.0769,8.4615,0.1038,928571.0,Late (35+)
Anthony Rizzo,519203,/api/v1/people/519203,2023,33,NYY,AL,1B,99,421,373,45,91,14,0,12,41,0,35,97,12,1,0.244,0.328,0.378,0.706,93.7,1,anthony rizzo,Anthony Rizzo,NYY,1B,17000000.0,17000000.0,17000000.0,both,0.32013465592469725,0.4141578172706151,93.7,0.0285,0.0831,0.2304,0.414,0.7059,2.4118,0.0415,1416667.0,Veteran (30-34)
Robbie Grossman,543257,/api/v1/people/543257,2023,33,TEX,AL,LF,115,420,353,56,84,23,1,10,49,1,57,98,2,8,0.238,0.34,0.394,0.734,101.3,1,robbie grossman,Robbie Grossman,TEX,RF,2000000.0,2000000.0,2000000.0,both,0.32013465592469725,0.4141578172706151,101.3,0.0238,0.1357,0.2333,0.426,5.0,24.5,0.367,200000.0,Veteran (30-34)
Yan Gomes,543228,/api/v1/people/543228,2023,35,CHC,NL,C,116,419,382,44,102,20,2,10,63,1,21,81,9,7,0.267,0.315,0.408,0.723,96.9,1,yan gomes,Yan Gomes,CHC,C,6000000.0,6500000.0,6500000.0,both,0.32013465592469725,0.4141578172706151,96.9,0.0239,0.0501,0.1933,0.543,1.6667,10.5,0.1205,600000.0,Late (35+)
Tony Kemp,643393,/api/v1/people/643393,2023,31,OAK,AL,LF,124,419,359,42,75,13,3,5,27,15,44,40,6,3,0.209,0.303,0.304,0.607,68.0,1,tony kemp,Tony Kemp,OAK,2B,3725000.0,3725000.0,3725000.0,both,0.32013465592469725,0.4141578172706151,68.0,0.0119,0.105,0.0955,0.218,1.3423,7.2483,0.163,745000.0,Veteran (30-34)
Riley Greene,682985,/api/v1/people/682985,2023,22,DET,AL,CF,99,416,378,51,109,19,4,11,37,7,35,114,1,2,0.288,0.349,0.447,0.796,116.9,1,riley greene,Riley Greene,DET,CF,727800.0,727800.0,727800.0,both,0.32013465592469725,0.4141578172706151,116.9,0.0264,0.0841,0.274,0.374,15.114,50.8381,1.0937,66164.0,U25
Jarred Kelenic,672284,/api/v1/people/672284,2023,23,SEA,AL,LF,105,416,372,44,94,25,2,11,49,13,41,132,1,2,0.253,0.327,0.419,0.746,103.3,1,jarred kelenic,Jarred Kelenic,SEA,LF,729400.0,729400.0,729400.0,both,0.32013465592469725,0.4141578172706151,103.3,0.0264,0.0986,0.3173,0.467,15.0809,67.1785,1.0228,66309.0,U25
Giancarlo Stanton,519317,/api/v1/people/519317,2023,33,NYY,AL,DH,101,415,371,43,71,13,0,24,60,0,41,124,2,1,0.191,0.275,0.42,0.695,87.3,1,giancarlo stanton,Giancarlo Stanton,NYY,DH/RF,32000000.0,22000000.0,32000000.0,both,0.32013465592469725,0.4141578172706151,87.3,0.0578,0.0988,0.2988,0.594,0.75,1.875,0.0217,1333333.0,Veteran (30-34)
Charlie Blackmon,453568,/api/v1/people/453568,2023,36,COL,NL,DH,96,413,359,57,100,24,5,8,40,4,39,55,11,4,0.279,0.363,0.44,0.803,119.6,1,charlie blackmon,Charlie Blackmon,COL,DH/RF,15000000.0,15000000.0,15333334.0,both,0.32013465592469725,0.4141578172706151,119.6,0.0194,0.0944,0.1332,0.417,0.5333,2.6667,0.0535,1875000.0,Late (35+)
Jose Altuve,514888,/api/v1/people/514888,2023,33,HOU,AL,2B,90,410,360,76,112,21,2,17,51,14,44,71,5,1,0.311,0.393,0.522,0.915,148.8,1,jose altuve,Jose Altuve,HOU,2B,26000000.0,26000000.0,29000000.0,both,0.32013465592469725,0.4141578172706151,148.8,0.0415,0.1073,0.1732,0.567,0.6538,1.9615,0.0352,1529412.0,Veteran (30-34)
Joey Wiemer,686894,/api/v1/people/686894,2023,24,MIL,NL,CF,132,410,367,48,75,19,0,13,42,11,36,116,5,2,0.204,0.283,0.362,0.645,75.8,1,joey wiemer,Joey Wiemer,MIL,CF,720000.0,665812.0,720000.0,both,0.32013465592469725,0.4141578172706151,75.8,0.0317,0.0878,0.2829,0.318,18.0556,58.3333,0.8958,55385.0,U25
Willi Castro,650489,/api/v1/people/650489,2023,26,MIN,AL,LF,124,409,358,60,92,18,5,9,34,33,34,99,12,3,0.257,0.339,0.411,0.75,105.1,1,willi castro,Willi Castro,MIN,SS,1800000.0,1800000.0,1800000.0,both,0.32013465592469725,0.4141578172706151,105.1,0.022,0.0831,0.2421,0.274,5.0,18.8889,0.4167,200000.0,Prime (25-29)
Taylor Ward,621493,/api/v1/people/621493,2023,29,LAA,AL,LF,97,409,356,60,90,18,0,14,47,4,39,80,8,6,0.253,0.335,0.421,0.756,106.3,1,taylor ward,Taylor Ward,LAA,LF,2750000.0,2750000.0,2750000.0,both,0.32013465592469725,0.4141578172706151,106.3,0.0342,0.0954,0.1956,0.485,5.0909,17.0909,0.2749,196429.0,Prime (25-29)
Edouard Julien,666397,/api/v1/people/666397,2023,24,MIN,AL,2B,109,408,338,60,89,16,1,16,37,3,64,128,2,3,0.263,0.381,0.459,0.84,129.8,1,edouard julien,Edouard Julien,MIN,2B,720000.0,522585.0,720000.0,both,0.32013465592469725,0.4141578172706151,129.8,0.0392,0.1569,0.3137,0.339,22.2222,51.3889,1.1667,45000.0,U25
Kevin Kiermaier,595281,/api/v1/people/595281,2023,33,TOR,AL,CF,129,408,370,58,98,21,6,8,36,14,29,86,4,4,0.265,0.322,0.419,0.741,101.8,1,kevin kiermaier,Kevin Kiermaier,TOR,CF,9000000.0,9000000.0,9000000.0,both,0.32013465592469725,0.4141578172706151,101.8,0.0196,0.0711,0.2108,0.279,0.8889,4.0,0.0823,1125000.0,Veteran (30-34)
Martín Maldonado,455117,/api/v1/people/455117,2023,36,HOU,AL,C,117,407,362,33,69,12,0,15,36,0,30,139,3,0,0.191,0.258,0.348,0.606,64.6,1,martin maldonado,Martin Maldonado,HOU,C,4000000.0,4000000.0,4000000.0,both,0.32013465592469725,0.4141578172706151,64.6,0.0369,0.0737,0.3415,0.308,3.75,9.0,0.1515,266667.0,Late (35+)
Elvis Andrus,462101,/api/v1/people/462101,2023,34,CWS,AL,2B,112,406,374,39,94,20,1,6,44,12,25,71,4,2,0.251,0.304,0.358,0.662,81.4,1,elvis andrus,Elvis Andrus,CHW,SS,3000000.0,3000000.0,3000000.0,both,0.32013465592469725,0.4141578172706151,81.4,0.0148,0.0616,0.1749,0.393,2.0,14.6667,0.2207,500000.0,Veteran (30-34)
Luke Raley,670042,/api/v1/people/670042,2023,28,TB,AL,1B,118,406,357,56,89,23,3,19,49,14,28,128,18,2,0.249,0.333,0.49,0.823,122.3,1,luke raley,Luke Raley,TB,CF,722300.0,722300.0,722300.0,both,0.32013465592469725,0.4141578172706151,122.3,0.0468,0.069,0.3153,0.415,26.3049,67.8388,1.1394,38016.0,Prime (25-29)
Yasmani Grandal,518735,/api/v1/people/518735,2023,34,CWS,AL,C,118,405,363,33,85,14,0,8,33,0,36,86,4,2,0.234,0.309,0.339,0.648,78.4,1,yasmani grandal,Yasmani Grandal,CHW,C,18250000.0,18250000.0,18250000.0,both,0.32013465592469725,0.4141578172706151,78.4,0.0198,0.0889,0.2123,0.28,0.4384,1.8082,0.0355,2281250.0,Veteran (30-34)
Brandon Belt,474832,/api/v1/people/474832,2023,35,TOR,AL,DH,103,404,339,53,86,23,0,19,43,0,61,141,2,2,0.254,0.369,0.49,0.859,133.6,1,brandon belt,Brandon Belt,TOR,1B,9300000.0,9300000.0,9300000.0,both,0.32013465592469725,0.4141578172706151,133.6,0.047,0.151,0.349,0.417,2.043,4.6237,0.0924,489474.0,Late (35+)
Ramón Laureano,657656,/api/v1/people/657656,2023,28,CLE,AL,RF,105,404,361,46,81,18,4,9,35,12,33,114,9,1,0.224,0.304,0.371,0.675,84.5,2,ramon laureano,Ramon Laureano,CLE,OF,3550000.0,1049730.0,3550000.0,both,0.32013465592469725,0.4141578172706151,84.5,0.0223,0.0817,0.2822,0.333,2.5352,9.8592,0.1901,394444.0,Prime (25-29)
Matt McLain,680574,/api/v1/people/680574,2023,23,CIN,NL,SS,89,403,365,65,106,23,4,16,50,14,31,115,7,0,0.29,0.357,0.507,0.864,133.9,1,matt mclain,Matt McLain,CIN,SS,720000.0,538069.0,720000.0,both,0.32013465592469725,0.4141578172706151,133.9,0.0397,0.0769,0.2854,0.562,22.2222,69.4444,1.2,45000.0,U25
Connor Wong,657136,/api/v1/people/657136,2023,27,BOS,AL,C,126,403,371,55,87,25,2,9,36,8,22,134,6,1,0.235,0.288,0.385,0.673,82.9,1,connor wong,Connor Wong,BOS,C,722000.0,722000.0,722000.0,both,0.32013465592469725,0.4141578172706151,82.9,0.0223,0.0546,0.3325,0.286,12.4654,49.8615,0.9321,80222.0,Prime (25-29)
Jesús Sánchez,660821,/api/v1/people/660821,2023,25,MIA,NL,RF,125,402,360,43,91,23,3,14,52,3,38,107,2,1,0.253,0.327,0.45,0.777,110.8,1,jesus sanchez,Jesús Sánchez,MIA,CF,738000.0,738000.0,738000.0,both,0.32013465592469725,0.4141578172706151,110.8,0.0348,0.0945,0.2662,0.416,18.9702,70.4607,1.0528,52714.0,Prime (25-29)
Alek Thomas,677950,/api/v1/people/677950,2023,23,AZ,NL,CF,125,402,374,51,86,17,5,9,39,9,19,86,4,3,0.23,0.273,0.374,0.647,75.6,1,alek thomas,Alek Thomas,ARI,CF,735200.0,604809.0,735200.0,both,0.32013465592469725,0.4141578172706151,75.6,0.0224,0.0473,0.2139,0.312,12.2416,53.0468,0.88,81689.0,U25
Mike Tauchman,643565,/api/v1/people/643565,2023,32,CHC,NL,CF,108,401,337,64,85,18,0,8,48,7,56,86,4,3,0.252,0.363,0.377,0.74,104.4,1,mike tauchman,Mike Tauchman,CHC,CF,720000.0,522585.0,720000.0,both,0.32013465592469725,0.4141578172706151,104.4,0.02,0.1397,0.2145,0.444,11.1111,66.6667,1.0278,90000.0,Veteran (30-34)
Paul DeJong,657557,/api/v1/people/657557,2023,29,SF,NL,SS,112,400,372,41,77,13,0,14,38,4,21,121,5,2,0.207,0.258,0.355,0.613,66.3,3,paul dejong,,,,,,,left_only,0.32013465592469725,0.4141578172706151,66.3,0.035,0.0525,0.3025,0.339,,,,,Prime (25-29)
Ramón Urías,602104,/api/v1/people/602104,2023,29,BAL,AL,3B,116,396,360,45,95,22,3,4,42,3,27,101,8,1,0.264,0.328,0.375,0.703,93.0,1,ramon urias,Ramon Urias,BAL,3B,734700.0,734700.0,734700.0,both,0.32013465592469725,0.4141578172706151,93.0,0.0101,0.0682,0.2551,0.362,5.4444,57.1662,0.9569,183675.0,Prime (25-29)
Brett Baty,683146,/api/v1/people/683146,2023,23,NYM,NL,3B,108,389,353,41,75,12,0,9,34,2,29,109,2,1,0.212,0.275,0.323,0.598,63.9,1,brett baty,Brett Baty,NYM,3B,720000.0,549682.0,720000.0,both,0.32013465592469725,0.4141578172706151,63.9,0.0231,0.0746,0.2802,0.315,12.5,47.2222,0.8306,80000.0,U25
Michael A. Taylor,572191,/api/v1/people/572191,2023,32,MIN,AL,CF,129,388,355,48,78,14,1,21,51,13,26,130,3,1,0.22,0.278,0.442,0.72,93.6,1,michael taylor,Michael A. Taylor,MIN,CF,4500000.0,4600000.0,4600000.0,both,0.32013465592469725,0.4141578172706151,93.6,0.0541,0.067,0.3351,0.395,4.6667,11.3333,0.16,214286.0,Veteran (30-34)
Mike Moustakas,519058,/api/v1/people/519058,2023,34,LAA,AL,3B,112,386,352,43,87,15,0,12,48,0,23,95,3,8,0.247,0.293,0.392,0.685,86.2,2,mike moustakas,Mike Moustakas,LAA,3B,720000.0,379358.0,720000.0,both,0.32013465592469725,0.4141578172706151,86.2,0.0311,0.0596,0.2461,0.429,16.6667,66.6667,0.9514,60000.0,Veteran (30-34)
Edward Olivares,658668,/api/v1/people/658668,2023,27,KC,AL,LF,107,385,354,47,93,23,4,12,36,11,22,64,7,2,0.263,0.317,0.452,0.769,108.2,1,edward olivares,Edward Olivares,KC,LF,740750.0,665161.0,740750.0,both,0.32013465592469725,0.4141578172706151,108.2,0.0312,0.0571,0.1662,0.336,16.1998,48.5994,1.0381,61729.0,Prime (25-29)
Chris Taylor,621035,/api/v1/people/621035,2023,32,LAD,NL,LF,117,384,338,51,80,15,1,15,56,16,41,125,4,1,0.237,0.326,0.42,0.746,103.2,1,chris taylor,Chris Taylor,LAD,3B,15000000.0,15000000.0,15000000.0,both,0.32013465592469725,0.4141578172706151,103.2,0.0391,0.1068,0.3255,0.479,1.0,3.7333,0.0497,1000000.0,Veteran (30-34)
Jazz Chisholm Jr.,665862,/api/v1/people/665862,2023,25,MIA,NL,CF,97,383,352,50,88,12,2,19,51,22,26,118,2,2,0.25,0.304,0.457,0.761,105.3,1,jazz chisholm,Jazz Chisholm,MIA,CF,749500.0,749500.0,749500.0,both,0.32013465592469725,0.4141578172706151,105.3,0.0496,0.0679,0.3081,0.526,25.3502,68.0454,1.0153,39447.0,Prime (25-29)
Andy Ibáñez,628451,/api/v1/people/628451,2023,30,DET,AL,2B,114,383,356,42,94,23,2,11,41,1,24,69,1,1,0.264,0.312,0.433,0.745,102.0,1,andy ibanez,Andy Ibanez,DET,2B,720000.0,603871.0,720000.0,both,0.32013465592469725,0.4141578172706151,102.0,0.0287,0.0627,0.1802,0.36,15.2778,56.9444,1.0347,65455.0,Veteran (30-34)
Mike Yastrzemski,573262,/api/v1/people/573262,2023,32,SF,NL,RF,106,381,330,54,77,23,1,15,43,2,45,99,3,1,0.233,0.33,0.445,0.775,110.5,1,mike yastrzemski,Mike Yastrzemski,SF,CF,6100000.0,6100000.0,6100000.0,both,0.32013465592469725,0.4141578172706151,110.5,0.0394,0.1181,0.2598,0.406,2.459,7.0492,0.127,406667.0,Veteran (30-34)
Jake Fraley,641584,/api/v1/people/641584,2023,28,CIN,NL,RF,111,380,336,41,86,18,0,15,65,21,37,71,6,1,0.256,0.339,0.443,0.782,112.9,1,jake fraley,Jake Fraley,CIN,RF,740000.0,740000.0,740000.0,both,0.32013465592469725,0.4141578172706151,112.9,0.0395,0.0974,0.1868,0.586,20.2703,87.8378,1.0568,49333.0,Prime (25-29)
Gabriel Moreno,672515,/api/v1/people/672515,2023,23,AZ,NL,C,111,380,341,33,97,19,1,7,50,6,29,75,3,7,0.284,0.339,0.408,0.747,104.4,1,gabriel moreno,Gabriel Moreno,ARI,C,722500.0,722500.0,722500.0,both,0.32013465592469725,0.4141578172706151,104.4,0.0184,0.0763,0.1974,0.45,9.6886,69.2042,1.0339,103214.0,U25
Seth Brown,664913,/api/v1/people/664913,2023,30,OAK,AL,RF,112,378,343,33,76,19,1,14,52,3,30,101,2,2,0.222,0.286,0.405,0.691,87.1,1,seth brown,Seth Brown,OAK,RF/LF,730000.0,730000.0,730000.0,both,0.32013465592469725,0.4141578172706151,87.1,0.037,0.0794,0.2672,0.464,19.1781,71.2329,0.9466,52143.0,Veteran (30-34)
Yainer Diaz,673237,/api/v1/people/673237,2023,24,HOU,AL,C,104,377,355,51,100,22,0,23,60,0,11,74,5,6,0.282,0.308,0.538,0.846,126.1,1,yainer diaz,Yainer Diaz,HOU,C,720300.0,720300.0,720300.0,both,0.32013465592469725,0.4141578172706151,126.1,0.061,0.0292,0.1963,0.577,31.9311,83.2986,1.1745,31317.0,U25
Jason Heyward,518792,/api/v1/people/518792,2023,33,LAD,NL,RF,124,377,334,56,90,23,0,15,40,2,34,64,3,3,0.269,0.34,0.473,0.813,120.4,1,jason heyward,Jason Heyward,LAD,RF,720000.0,720000.0,720000.0,both,0.32013465592469725,0.4141578172706151,120.4,0.0398,0.0902,0.1698,0.323,20.8333,55.5556,1.1292,48000.0,Veteran (30-34)
Jihwan Bae,678225,/api/v1/people/678225,2023,23,PIT,NL,2B,111,371,334,54,77,17,2,2,32,24,30,92,2,2,0.231,0.296,0.311,0.607,67.6,1,jihwan bae,Ji-Hwan Bae,PIT,2B,725000.0,725000.0,725000.0,both,0.32013465592469725,0.4141578172706151,67.6,0.0054,0.0809,0.248,0.288,2.7586,44.1379,0.8372,362500.0,U25
Brendan Donovan,680977,/api/v1/people/680977,2023,26,STL,NL,2B,95,371,327,48,93,10,1,11,34,5,33,53,9,1,0.284,0.365,0.422,0.787,115.9,1,brendan donovan,Brendan Donovan,STL,2B,728600.0,728600.0,728600.0,both,0.32013465592469725,0.4141578172706151,115.9,0.0296,0.0889,0.1429,0.358,15.0974,46.6648,1.0802,66236.0,Prime (25-29)
Miguel Cabrera,408234,/api/v1/people/408234,2023,40,DET,AL,DH,98,370,334,21,86,20,0,4,34,0,31,74,2,3,0.257,0.322,0.353,0.675,85.8,1,miguel cabrera,Miguel Cabrera,DET,DH,32000000.0,32000000.0,32000000.0,both,0.32013465592469725,0.4141578172706151,85.8,0.0108,0.0838,0.2,0.347,0.125,1.0625,0.0211,8000000.0,Late (35+)
Kyle Farmer,571657,/api/v1/people/571657,2023,32,MIN,AL,2B,120,369,336,49,86,14,2,11,46,2,23,86,8,2,0.256,0.317,0.408,0.725,97.5,1,kyle farmer,Kyle Farmer,MIN,SS,5585000.0,5585000.0,5585000.0,both,0.32013465592469725,0.4141578172706151,97.5,0.0298,0.0623,0.2331,0.383,1.9696,8.2363,0.1298,507727.0,Veteran (30-34)
Ryan O'Hearn,656811,/api/v1/people/656811,2023,29,BAL,AL,1B,112,368,346,48,100,22,1,14,60,5,15,82,3,3,0.289,0.322,0.48,0.802,116.5,1,ryan ohearn,Ryan O'Hearn,BAL,1B,1400000.0,1400000.0,1400000.0,both,0.32013465592469725,0.4141578172706151,116.5,0.038,0.0408,0.2228,0.536,10.0,42.8571,0.5729,100000.0,Prime (25-29)
Jake Rogers,668670,/api/v1/people/668670,2023,28,DET,AL,C,107,365,331,47,73,11,0,21,49,1,28,118,3,2,0.221,0.286,0.444,0.73,96.5,1,jake rogers,Jake Rogers,DET,C,726000.0,726000.0,726000.0,both,0.32013465592469725,0.4141578172706151,96.5,0.0575,0.0767,0.3233,0.458,28.9256,67.4931,1.0055,34571.0,Prime (25-29)
Jose Siri,642350,/api/v1/people/642350,2023,27,TB,AL,CF,101,364,338,58,75,13,2,25,56,12,20,130,2,3,0.222,0.267,0.494,0.761,102.7,1,jose siri,Jose Siri,TB,CF,731600.0,731600.0,731600.0,both,0.32013465592469725,0.4141578172706151,102.7,0.0687,0.0549,0.3571,0.554,34.1717,76.5446,1.0402,29264.0,Prime (25-29)
Jarren Duran,680776,/api/v1/people/680776,2023,26,BOS,AL,CF,102,362,332,46,98,34,2,8,40,24,24,90,3,2,0.295,0.346,0.482,0.828,124.5,1,jarren duran,Jarren Duran,BOS,CF,720000.0,646452.0,720000.0,both,0.32013465592469725,0.4141578172706151,124.5,0.0221,0.0663,0.2486,0.392,11.1111,55.5556,1.15,90000.0,Prime (25-29)
Mike Trout,545361,/api/v1/people/545361,2023,31,LAA,AL,CF,82,362,308,54,81,14,1,18,44,2,45,104,7,2,0.263,0.367,0.49,0.857,133.0,1,mike trout,Mike Trout,LAA,CF,35450000.0,35450000.0,37116667.0,both,0.32013465592469725,0.4141578172706151,133.0,0.0497,0.1243,0.2873,0.537,0.5078,1.2412,0.0242,1969444.0,Veteran (30-34)
Brian Anderson,605119,/api/v1/people/605119,2023,30,MIL,NL,3B,96,361,318,38,72,12,3,9,40,1,36,108,4,3,0.226,0.31,0.368,0.678,85.7,1,brian anderson,,,,,,,left_only,0.32013465592469725,0.4141578172706151,85.7,0.0249,0.0997,0.2992,0.417,,,,,Veteran (30-34)
Isiah Kiner-Falefa,643396,/api/v1/people/643396,2023,28,NYY,AL,CF,115,361,326,39,79,12,1,6,37,14,28,70,3,3,0.242,0.306,0.34,0.646,77.7,1,isiah kinerfalefa,Isiah Kiner-Falefa,NYY,SS,6000000.0,6000000.0,6000000.0,both,0.32013465592469725,0.4141578172706151,77.7,0.0166,0.0776,0.1939,0.322,1.0,6.1667,0.1077,1000000.0,Prime (25-29)
Akil Baddoo,668731,/api/v1/people/668731,2023,24,DET,AL,LF,112,357,312,40,68,13,1,11,34,14,42,89,0,1,0.218,0.31,0.372,0.682,86.7,1,akil baddoo,Akil Baddoo,DET,LF,721300.0,682520.0,721300.0,both,0.32013465592469725,0.4141578172706151,86.7,0.0308,0.1176,0.2493,0.304,15.2502,47.1371,0.9455,65573.0,U25
Yoán Moncada,660162,/api/v1/people/660162,2023,28,CWS,AL,3B,92,357,334,39,87,20,1,11,40,1,20,107,2,1,0.26,0.305,0.425,0.73,97.9,1,yoan moncada,Yoan Moncada,CHW,3B,17000000.0,18000000.0,17800000.0,both,0.32013465592469725,0.4141578172706151,97.9,0.0308,0.056,0.2997,0.435,0.6471,2.3529,0.0429,1545455.0,Prime (25-29)
Christian Vázquez,543877,/api/v1/people/543877,2023,32,MIN,AL,C,102,355,327,34,73,13,0,6,32,1,25,82,1,1,0.223,0.28,0.318,0.598,64.2,1,christian vazquez,Christian Vazquez,MIN,C,10000000.0,10000000.0,10000000.0,both,0.32013465592469725,0.4141578172706151,64.2,0.0169,0.0704,0.231,0.314,0.6,3.2,0.0598,1666667.0,Veteran (30-34)
Patrick Bailey,672275,/api/v1/people/672275,2023,24,SF,NL,C,97,353,326,29,76,18,1,7,48,1,21,100,3,1,0.233,0.285,0.359,0.644,75.7,1,patrick bailey,Patrick Bailey,SF,C,720000.0,522585.0,720000.0,both,0.32013465592469725,0.4141578172706151,75.7,0.0198,0.0595,0.2833,0.495,9.7222,66.6667,0.8944,102857.0,U25
Adam Duvall,594807,/api/v1/people/594807,2023,34,BOS,AL,CF,92,353,320,45,79,24,2,21,58,4,22,110,6,5,0.247,0.303,0.531,0.834,122.9,1,adam duvall,Adam Duvall,BOS,RF,7000000.0,7500000.0,7500000.0,both,0.32013465592469725,0.4141578172706151,122.9,0.0595,0.0623,0.3116,0.63,3.0,8.2857,0.1191,333333.0,Veteran (30-34)
Rowdy Tellez,642133,/api/v1/people/642133,2023,28,MIL,NL,1B,106,351,311,26,67,9,1,13,47,0,35,86,0,5,0.215,0.291,0.376,0.667,81.7,1,rowdy tellez,Rowdy Tellez,MIL,1B,4950000.0,4950000.0,4950000.0,both,0.32013465592469725,0.4141578172706151,81.7,0.037,0.0997,0.245,0.443,2.6263,9.4949,0.1347,380769.0,Prime (25-29)
Jorge Mateo,622761,/api/v1/people/622761,2023,28,BAL,AL,SS,116,350,318,58,69,14,2,7,34,32,22,82,1,3,0.217,0.267,0.34,0.607,65.5,1,jorge mateo,Jorge Mateo,BAL,SS,2000000.0,2000000.0,2000000.0,both,0.32013465592469725,0.4141578172706151,65.5,0.02,0.0629,0.2343,0.293,3.5,17.0,0.3035,285714.0,Prime (25-29)
Josh Rojas,668942,/api/v1/people/668942,2023,29,SEA,AL,2B,105,350,314,47,77,17,0,4,40,12,27,81,1,4,0.245,0.303,0.338,0.641,76.3,2,josh rojas,Josh Rojas,SEA,3B,2575000.0,858328.0,2575000.0,both,0.32013465592469725,0.4141578172706151,76.3,0.0114,0.0771,0.2314,0.381,1.5534,15.534,0.2489,643750.0,Prime (25-29)
Taylor Walls,670764,/api/v1/people/670764,2023,26,TB,AL,3B,99,349,303,50,61,12,2,8,36,22,44,92,1,0,0.201,0.305,0.333,0.638,75.7,1,taylor walls,Taylor Walls,TB,SS,727600.0,727600.0,727600.0,both,0.32013465592469725,0.4141578172706151,75.7,0.0229,0.1261,0.2636,0.364,10.9951,49.4777,0.8769,90950.0,Prime (25-29)
Alec Burleson,676475,/api/v1/people/676475,2023,24,STL,NL,LF,107,347,315,34,77,20,1,8,36,3,23,45,3,2,0.244,0.3,0.39,0.69,87.9,1,alec burleson,Alec Burleson,STL,RF,721450.0,721450.0,721450.0,both,0.32013465592469725,0.4141578172706151,87.9,0.0231,0.0663,0.1297,0.336,11.0888,49.8995,0.9564,90181.0,U25
Byron Buxton,621439,/api/v1/people/621439,2023,29,MIN,AL,DH,85,347,304,49,63,17,1,17,42,9,35,109,4,4,0.207,0.294,0.438,0.732,97.6,1,byron buxton,Byron Buxton,MIN,CF,15000000.0,15000000.0,15142857.0,both,0.32013465592469725,0.4141578172706151,97.6,0.049,0.1009,0.3141,0.494,1.1333,2.8,0.0488,882353.0,Prime (25-29)
Gabriel Arias,672356,/api/v1/people/672356,2023,23,CLE,AL,SS,122,345,315,36,66,15,0,10,26,3,28,113,1,1,0.21,0.275,0.352,0.627,70.9,1,gabriel arias,Gabriel Arias,CLE,SS,720100.0,720100.0,720100.0,both,0.32013465592469725,0.4141578172706151,70.9,0.029,0.0812,0.3275,0.213,13.887,36.1061,0.8707,72010.0,U25
Nick Pratto,668472,/api/v1/people/668472,2023,24,KC,AL,1B,95,345,306,33,71,16,0,7,35,1,29,138,6,4,0.232,0.307,0.353,0.66,81.1,1,nick pratto,Nick Pratto,KC,1B,727500.0,649226.0,727500.0,both,0.32013465592469725,0.4141578172706151,81.1,0.0203,0.0841,0.4,0.368,9.622,48.11,0.9072,103929.0,U25
Harrison Bader,664056,/api/v1/people/664056,2023,29,CIN,NL,CF,98,344,319,44,74,12,2,7,40,20,17,59,3,4,0.232,0.274,0.348,0.622,69.6,2,harrison bader,Harrison Bader,CIN,CF,4700000.0,1033339.0,5450000.0,both,0.32013465592469725,0.4141578172706151,69.6,0.0203,0.0494,0.1715,0.408,1.4894,8.5106,0.1323,671429.0,Prime (25-29)
Aledmys Díaz,649557,/api/v1/people/649557,2023,32,OAK,AL,3B,109,344,315,25,72,20,1,4,24,1,17,66,7,4,0.229,0.28,0.337,0.617,68.8,1,aledmys diaz,Aledmys Diaz,OAK,SS,6500000.0,6750000.0,6750000.0,both,0.32013465592469725,0.4141578172706151,68.8,0.0116,0.0494,0.1919,0.22,0.6154,3.6923,0.0949,1625000.0,Veteran (30-34)
Mitch Garver,641598,/api/v1/people/641598,2023,32,TEX,AL,DH,87,344,296,45,80,11,0,19,50,0,44,82,3,0,0.27,0.37,0.5,0.87,136.3,1,mitch garver,Mitch Garver,TEX,C,3900000.0,3900000.0,3900000.0,both,0.32013465592469725,0.4141578172706151,136.3,0.0552,0.1279,0.2384,0.575,4.8718,12.8205,0.2231,205263.0,Veteran (30-34)
Blake Sabol,666165,/api/v1/people/666165,2023,25,SF,NL,C,110,344,310,36,73,10,0,13,44,4,24,117,6,2,0.235,0.301,0.394,0.695,89.2,1,blake sabol,Blake Sabol,SF,C,720000.0,720000.0,720000.0,both,0.32013465592469725,0.4141578172706151,89.2,0.0378,0.0698,0.3401,0.4,18.0556,61.1111,0.9653,55385.0,Prime (25-29)
Gavin Sheets,657757,/api/v1/people/657757,2023,27,CWS,AL,RF,118,344,311,24,63,10,0,10,43,1,28,66,1,4,0.203,0.267,0.331,0.598,63.3,1,gavin sheets,Gavin Sheets,CHW,RF/1B,735000.0,735000.0,735000.0,both,0.32013465592469725,0.4141578172706151,63.3,0.0291,0.0814,0.1919,0.364,13.6054,58.5034,0.8136,73500.0,Prime (25-29)
Jorge Polanco,593871,/api/v1/people/593871,2023,29,MIN,AL,2B,80,343,302,38,77,18,0,14,48,4,36,88,2,3,0.255,0.335,0.454,0.789,114.3,1,jorge polanco,Jorge Polanco,MIN,2B,7500000.0,7500000.0,7500000.0,both,0.32013465592469725,0.4141578172706151,114.3,0.0408,0.105,0.2566,0.6,1.8667,6.4,0.1052,535714.0,Prime (25-29)
Starling Marte,516782,/api/v1/people/516782,2023,34,NYM,NL,RF,86,341,315,38,78,7,1,5,28,24,16,69,8,0,0.248,0.301,0.324,0.625,72.3,1,starling marte,Starling Marte,NYM,RF,19500000.0,22000000.0,20750000.0,both,0.32013465592469725,0.4141578172706151,72.3,0.0147,0.0469,0.2023,0.326,0.2564,1.4359,0.0321,3900000.0,Veteran (30-34)
Jake Meyers,676694,/api/v1/people/676694,2023,27,HOU,AL,CF,112,341,309,42,70,16,1,10,33,5,26,88,5,1,0.227,0.296,0.382,0.678,84.7,1,jake meyers,Jake Meyers,HOU,CF,732000.0,732000.0,732000.0,both,0.32013465592469725,0.4141578172706151,84.7,0.0293,0.0762,0.2581,0.295,13.6612,45.082,0.9262,73200.0,Prime (25-29)
Cavan Biggio,624415,/api/v1/people/624415,2023,28,TOR,AL,2B,111,338,289,54,68,12,0,9,40,5,40,88,7,2,0.235,0.34,0.37,0.71,95.5,1,cavan biggio,Cavan Biggio,TOR,2B,2800000.0,2800000.0,2800000.0,both,0.32013465592469725,0.4141578172706151,95.5,0.0266,0.1183,0.2604,0.36,3.2143,14.2857,0.2536,311111.0,Prime (25-29)
Drew Waters,671221,/api/v1/people/671221,2023,24,KC,AL,CF,98,337,302,40,69,11,5,8,32,16,27,107,5,3,0.228,0.3,0.377,0.677,84.7,1,drew waters,Drew Waters,KC,OF,722400.0,722400.0,722400.0,both,0.32013465592469725,0.4141578172706151,84.7,0.0237,0.0801,0.3175,0.327,11.0742,44.2968,0.9372,90300.0,U25
Manuel Margot,622534,/api/v1/people/622534,2023,28,TB,AL,CF,99,336,311,39,82,21,1,4,38,9,18,55,4,3,0.264,0.31,0.376,0.686,87.6,1,manuel margot,Manuel Margot,TB,RF,7000000.0,7000000.0,7000000.0,both,0.32013465592469725,0.4141578172706151,87.6,0.0119,0.0536,0.1637,0.384,0.5714,5.4286,0.098,1750000.0,Prime (25-29)
Kris Bryant,592178,/api/v1/people/592178,2023,31,COL,NL,RF,80,335,300,36,70,10,0,10,31,0,29,68,6,0,0.233,0.313,0.367,0.68,86.4,1,kris bryant,Kris Bryant,COL,RF,27000000.0,27000000.0,28000000.0,both,0.32013465592469725,0.4141578172706151,86.4,0.0299,0.0866,0.203,0.388,0.3704,1.1481,0.0252,2700000.0,Veteran (30-34)
Ryan Jeffers,680777,/api/v1/people/680777,2023,26,MIN,AL,C,96,335,286,46,79,15,2,14,43,3,33,93,10,2,0.276,0.369,0.49,0.859,133.6,1,ryan jeffers,Ryan Jeffers,MIN,C,741650.0,741650.0,741650.0,both,0.32013465592469725,0.4141578172706151,133.6,0.0418,0.0985,0.2776,0.448,18.8768,57.9788,1.1582,52975.0,Prime (25-29)
Christian Bethancourt,542194,/api/v1/people/542194,2023,31,TB,AL,C,104,332,315,49,71,16,0,11,33,1,13,91,0,3,0.225,0.254,0.381,0.635,71.3,1,christian bethancourt,Christian Bethancourt,TB,C,1350000.0,1350000.0,1350000.0,both,0.32013465592469725,0.4141578172706151,71.3,0.0331,0.0392,0.2741,0.317,8.1481,24.4444,0.4704,122727.0,Veteran (30-34)
Joey Gallo,608336,/api/v1/people/608336,2023,29,MIN,AL,1B,111,332,282,39,50,9,1,21,40,1,48,142,2,0,0.177,0.301,0.44,0.741,100.3,1,joey gallo,Joey Gallo,MIN,1B,11000000.0,11000000.0,11000000.0,both,0.32013465592469725,0.4141578172706151,100.3,0.0633,0.1446,0.4277,0.36,1.9091,3.6364,0.0674,523810.0,Prime (25-29)
Oswaldo Cabrera,665828,/api/v1/people/665828,2023,24,NYY,AL,LF,115,330,298,35,63,11,0,5,29,8,25,72,2,2,0.211,0.275,0.299,0.574,58.1,1,oswaldo cabrera,Oswaldo Cabrera,NYY,LF,742750.0,678810.0,742750.0,both,0.32013465592469725,0.4141578172706151,58.1,0.0152,0.0758,0.2182,0.252,6.7317,39.0441,0.7728,148550.0,U25
Nick Senzel,669222,/api/v1/people/669222,2023,28,CIN,NL,3B,104,330,301,49,71,10,0,13,42,6,26,74,1,2,0.236,0.297,0.399,0.696,89.1,1,nick senzel,Nick Senzel,CIN,CF,1950000.0,1950000.0,1950000.0,both,0.32013465592469725,0.4141578172706151,89.1,0.0394,0.0788,0.2242,0.404,6.6667,21.5385,0.3569,150000.0,Prime (25-29)
Nick Allen,669397,/api/v1/people/669397,2023,24,OAK,AL,SS,106,329,303,29,67,4,2,4,20,5,17,52,1,2,0.221,0.263,0.287,0.55,51.5,1,nick allen,Nick Allen,OAK,SS,720000.0,541940.0,720000.0,both,0.32013465592469725,0.4141578172706151,51.5,0.0122,0.0517,0.1581,0.189,5.5556,27.7778,0.7639,180000.0,U25
Will Benson,666181,/api/v1/people/666181,2023,25,CIN,NL,RF,108,329,287,51,79,15,8,11,31,19,40,103,1,1,0.275,0.365,0.498,0.863,134.3,1,will benson,Will Benson,CIN,OF,720000.0,572903.0,720000.0,both,0.32013465592469725,0.4141578172706151,134.3,0.0334,0.1216,0.3131,0.287,15.2778,43.0556,1.1986,65455.0,Prime (25-29)
Yuli Gurriel,493329,/api/v1/people/493329,2023,39,MIA,NL,1B,108,329,298,32,73,16,3,4,27,4,26,44,1,4,0.245,0.304,0.359,0.663,81.6,1,yulieski gurriel,Yulieski Gurriel,MIA,1B,1250000.0,1250000.0,1250000.0,both,0.32013465592469725,0.4141578172706151,81.6,0.0122,0.079,0.1337,0.25,3.2,21.6,0.5304,312500.0,Late (35+)
Zach Neto,687263,/api/v1/people/687263,2023,22,LAA,AL,SS,84,329,289,38,65,17,0,9,34,5,20,77,16,3,0.225,0.308,0.377,0.685,87.2,1,zach neto,Zach Neto,LAA,SS,720000.0,654193.0,720000.0,both,0.32013465592469725,0.4141578172706151,87.2,0.0274,0.0608,0.234,0.405,12.5,47.2222,0.9514,80000.0,U25
Jean Segura,516416,/api/v1/people/516416,2023,33,MIA,NL,3B,85,326,301,25,66,5,2,3,21,6,22,47,2,0,0.219,0.277,0.279,0.556,53.9,1,jean segura,,,,,,,left_only,0.32013465592469725,0.4141578172706151,53.9,0.0092,0.0675,0.1442,0.247,,,,,Veteran (30-34)
Nick Fortes,663743,/api/v1/people/663743,2023,26,MIA,NL,C,108,323,294,33,60,10,0,6,26,4,17,59,7,2,0.204,0.263,0.299,0.562,54.3,1,nick fortes,Nick Fortes,MIA,C,730000.0,730000.0,730000.0,both,0.32013465592469725,0.4141578172706151,54.3,0.0186,0.0526,0.1827,0.241,8.2192,35.6164,0.7699,121667.0,Prime (25-29)
Corey Julks,667452,/api/v1/people/667452,2023,27,HOU,AL,LF,93,323,298,35,73,14,0,6,33,15,22,75,1,2,0.245,0.297,0.352,0.649,77.8,1,corey julks,Corey Julks,HOU,CF,720000.0,545811.0,720000.0,both,0.32013465592469725,0.4141578172706151,77.8,0.0186,0.0681,0.2322,0.355,8.3333,45.8333,0.9014,120000.0,Prime (25-29)
Mickey Moniak,666160,/api/v1/people/666160,2023,25,LAA,AL,CF,85,323,311,35,87,21,2,14,45,6,9,113,3,0,0.28,0.307,0.495,0.802,115.4,1,mickey moniak,Mickey Moniak,LAA,CF,720000.0,549682.0,720000.0,both,0.32013465592469725,0.4141578172706151,115.4,0.0433,0.0279,0.3498,0.529,19.4444,62.5,1.1139,51429.0,Prime (25-29)
Brandon Crawford,543063,/api/v1/people/543063,2023,36,SF,NL,SS,94,320,283,31,55,11,1,7,38,3,28,81,4,4,0.194,0.273,0.314,0.587,61.1,1,brandon crawford,Brandon Crawford,SF,SS,16000000.0,16000000.0,16000000.0,both,0.32013465592469725,0.4141578172706151,61.1,0.0219,0.0875,0.2531,0.404,0.4375,2.375,0.0367,2285714.0,Late (35+)
Alex Kirilloff,666135,/api/v1/people/666135,2023,25,MIN,AL,1B,88,319,281,35,76,14,1,11,41,1,28,80,7,3,0.27,0.348,0.445,0.793,116.2,1,alex kirilloff,Alex Kirilloff,MIN,1B,735650.0,715855.0,735650.0,both,0.32013465592469725,0.4141578172706151,116.2,0.0345,0.0878,0.2508,0.466,14.9528,55.733,1.078,66877.0,Prime (25-29)
Daniel Vogelbach,596129,/api/v1/people/596129,2023,30,NYM,NL,DH,104,319,275,33,64,8,0,13,48,0,42,81,2,0,0.233,0.339,0.404,0.743,103.4,1,dan vogelbach,Dan Vogelbach,NYM,DH,1500000.0,1500000.0,1500000.0,both,0.32013465592469725,0.4141578172706151,103.4,0.0408,0.1317,0.2539,0.462,8.6667,32.0,0.4953,115385.0,Veteran (30-34)
Joey Wendle,621563,/api/v1/people/621563,2023,33,MIA,NL,SS,112,318,297,33,63,16,3,2,20,7,13,67,2,3,0.212,0.248,0.306,0.554,51.4,1,joey wendle,Joey Wendle,MIA,3B,6000000.0,6000000.0,6000000.0,both,0.32013465592469725,0.4141578172706151,51.4,0.0063,0.0409,0.2107,0.179,0.3333,3.3333,0.0923,3000000.0,Veteran (30-34)
Andruw Monasterio,655316,/api/v1/people/655316,2023,26,MIL,NL,3B,92,315,282,38,73,14,1,3,27,7,28,66,3,2,0.259,0.33,0.348,0.678,87.1,1,andruw monasterio,Andruw Monasterio,MIL,SS,720000.0,491617.0,720000.0,both,0.32013465592469725,0.4141578172706151,87.1,0.0095,0.0889,0.2095,0.293,4.1667,37.5,0.9417,240000.0,Prime (25-29)
Owen Miller,680911,/api/v1/people/680911,2023,26,MIL,NL,2B,90,314,291,29,76,17,0,5,27,13,17,61,2,4,0.261,0.303,0.371,0.674,84.2,1,owen miller,Owen Miller,MIL,SS,731100.0,538547.0,731100.0,both,0.32013465592469725,0.4141578172706151,84.2,0.0159,0.0541,0.1943,0.3,6.839,36.9307,0.9219,146220.0,Prime (25-29)
Kyle Isbel,664728,/api/v1/people/664728,2023,26,KC,AL,CF,91,313,292,45,70,22,2,5,34,7,17,59,1,2,0.24,0.282,0.38,0.662,79.8,1,kyle isbel,Kyle Isbel,KC,CF,727500.0,727500.0,727500.0,both,0.32013465592469725,0.4141578172706151,79.8,0.016,0.0543,0.1885,0.374,6.8729,46.7354,0.91,145500.0,Prime (25-29)
Aaron Hicks,543305,/api/v1/people/543305,2023,33,BAL,AL,CF,93,312,269,44,68,9,1,8,36,6,42,69,0,1,0.253,0.353,0.383,0.736,102.7,2,aaron hicks,Aaron Hicks,BAL,CF,720000.0,480004.0,720000.0,both,0.32013465592469725,0.4141578172706151,102.7,0.0256,0.1346,0.2212,0.387,11.1111,50.0,1.0222,90000.0,Veteran (30-34)
Jake McCarthy,664983,/api/v1/people/664983,2023,25,AZ,NL,RF,99,312,276,37,67,7,5,2,16,26,26,62,5,1,0.243,0.318,0.326,0.644,78.0,1,jake mccarthy,Jake McCarthy,ARI,RF,735200.0,422971.0,735200.0,both,0.32013465592469725,0.4141578172706151,78.0,0.0064,0.0833,0.1987,0.162,2.7203,21.7628,0.876,367600.0,Prime (25-29)
Eduardo Escobar,500871,/api/v1/people/500871,2023,34,LAA,AL,3B,100,309,288,32,65,6,5,6,31,2,18,78,0,2,0.226,0.269,0.344,0.613,67.1,2,eduardo escobar,Eduardo Escobar,LAA,3B,9500000.0,387096.0,9500000.0,both,0.32013465592469725,0.4141578172706151,67.1,0.0194,0.0583,0.2524,0.31,0.6316,3.2632,0.0645,1583333.0,Veteran (30-34)
Elehuris Montero,660707,/api/v1/people/660707,2023,24,COL,NL,1B,85,307,284,40,69,15,2,11,39,0,15,111,5,3,0.243,0.29,0.426,0.716,93.4,1,elehuris montero,Elehuris Montero,COL,3B,722000.0,531834.0,722000.0,both,0.32013465592469725,0.4141578172706151,93.4,0.0358,0.0489,0.3616,0.459,15.2355,54.0166,0.9917,65636.0,U25
Matt Thaiss,642136,/api/v1/people/642136,2023,28,LAA,AL,C,95,307,262,32,56,6,0,9,31,2,36,83,6,3,0.214,0.319,0.34,0.659,81.7,1,matt thaiss,Matt Thaiss,LAA,C,740000.0,740000.0,740000.0,both,0.32013465592469725,0.4141578172706151,81.7,0.0293,0.1173,0.2704,0.326,12.1622,41.8919,0.8905,82222.0,Prime (25-29)
Miguel Vargas,678246,/api/v1/people/678246,2023,23,LAD,NL,2B,81,304,256,36,50,15,4,7,32,3,38,61,4,4,0.195,0.305,0.367,0.672,83.9,1,miguel vargas,Miguel Vargas,LAD,2B,722500.0,396168.0,722500.0,both,0.32013465592469725,0.4141578172706151,83.9,0.023,0.125,0.2007,0.395,9.6886,44.2907,0.9301,103214.0,U25
JJ Bleday,668709,/api/v1/people/668709,2023,25,OAK,AL,LF,82,303,256,35,50,11,0,10,27,5,42,72,2,3,0.195,0.31,0.355,0.665,82.6,1,jj bleday,JJ Bleday,OAK,OF,720000.0,588392.0,720000.0,both,0.32013465592469725,0.4141578172706151,82.6,0.033,0.1386,0.2376,0.329,13.8889,37.5,0.9236,72000.0,Prime (25-29)
Patrick Wisdom,621550,/api/v1/people/621550,2023,31,CHC,NL,3B,97,302,268,43,55,8,1,23,46,4,30,111,2,1,0.205,0.289,0.5,0.789,111.0,1,patrick wisdom,Patrick Wisdom,CHC,3B,763000.0,763000.0,763000.0,both,0.32013465592469725,0.4141578172706151,111.0,0.0762,0.0993,0.3675,0.474,30.1442,60.2883,1.0341,33174.0,Veteran (30-34)
Danny Jansen,643376,/api/v1/people/643376,2023,28,TOR,AL,C,86,301,268,38,61,15,0,17,53,0,23,62,10,0,0.228,0.312,0.474,0.786,111.9,1,danny jansen,Danny Jansen,TOR,C,3500000.0,3500000.0,3500000.0,both,0.32013465592469725,0.4141578172706151,111.9,0.0565,0.0764,0.206,0.616,4.8571,15.1429,0.2246,205882.0,Prime (25-29)
Zack Gelof,680869,/api/v1/people/680869,2023,23,OAK,AL,2B,69,300,270,40,72,20,1,14,32,14,26,82,3,1,0.267,0.337,0.504,0.841,127.0,1,zack gelof,Zack Gelof,OAK,3B,720000.0,309680.0,720000.0,both,0.32013465592469725,0.4141578172706151,127.0,0.0467,0.0867,0.2733,0.464,19.4444,44.4444,1.1681,51429.0,U25
Edmundo Sosa,624641,/api/v1/people/624641,2023,27,PHI,NL,3B,104,300,279,34,70,15,2,10,30,4,8,74,9,1,0.251,0.293,0.427,0.72,94.6,1,edmundo sosa,Edmundo Sosa,PHI,3B,950000.0,950000.0,950000.0,both,0.32013465592469725,0.4141578172706151,94.6,0.0333,0.0267,0.2467,0.288,10.5263,31.5789,0.7579,95000.0,Prime (25-29)
Nick Madrigal,663611,/api/v1/people/663611,2023,26,CHC,NL,3B,92,294,270,34,71,16,1,2,28,10,10,24,9,0,0.263,0.311,0.352,0.663,82.1,1,nick madrigal,Nick Madrigal,CHC,2B,1225000.0,1225000.0,1225000.0,both,0.32013465592469725,0.4141578172706151,82.1,0.0068,0.034,0.0816,0.304,1.6327,22.8571,0.5412,612500.0,Prime (25-29)
Jordan Diaz,672478,/api/v1/people/672478,2023,22,OAK,AL,3B,90,293,272,20,60,9,0,10,27,0,17,69,3,1,0.221,0.273,0.364,0.637,73.2,1,jordan diaz,Jordan Diaz,OAK,3B,720000.0,487746.0,720000.0,both,0.32013465592469725,0.4141578172706151,73.2,0.0341,0.058,0.2355,0.3,13.8889,37.5,0.8847,72000.0,U25
Eric Haase,606992,/api/v1/people/606992,2023,30,CLE,AL,C,89,293,274,22,55,8,1,4,26,4,17,81,0,1,0.201,0.247,0.281,0.528,45.0,2,eric haase,Eric Haase,CLE,C,740100.0,39790.0,740100.0,both,0.32013465592469725,0.4141578172706151,45.0,0.0137,0.058,0.2765,0.292,5.4047,35.1304,0.7134,185025.0,Veteran (30-34)
Nick Maton,665155,/api/v1/people/665155,2023,26,DET,AL,3B,93,293,249,29,43,9,0,8,32,1,38,73,3,2,0.173,0.288,0.305,0.593,63.6,1,nick maton,Nick Maton,DET,3B,726600.0,496062.0,726600.0,both,0.32013465592469725,0.4141578172706151,63.6,0.0273,0.1297,0.2491,0.344,11.0102,44.0407,0.8161,90825.0,Prime (25-29)
Travis d'Arnaud,518595,/api/v1/people/518595,2023,34,ATL,NL,C,74,292,267,31,60,13,0,11,39,0,21,67,3,1,0.225,0.288,0.397,0.685,85.8,1,travis darnaud,Travis d'Arnaud,ATL,C,8000000.0,8000000.0,8000000.0,both,0.32013465592469725,0.4141578172706151,85.8,0.0377,0.0719,0.2295,0.527,1.375,4.875,0.0856,727273.0,Veteran (30-34)
Travis Jankowski,608671,/api/v1/people/608671,2023,32,TEX,AL,LF,107,287,247,34,65,12,1,1,30,19,35,42,2,2,0.263,0.357,0.332,0.689,91.7,1,travis jankowski,Travis Jankowski,TEX,LF,1250000.0,1250000.0,1250000.0,both,0.32013465592469725,0.4141578172706151,91.7,0.0035,0.122,0.1463,0.28,0.8,24.0,0.5512,1250000.0,Veteran (30-34)
Ildemaro Vargas,545121,/api/v1/people/545121,2023,31,WSH,NL,3B,86,286,262,32,66,13,2,4,31,1,19,20,1,1,0.252,0.304,0.363,0.667,82.6,1,ildemaro vargas,Ildemaro Vargas,WSH,2B,975000.0,975000.0,975000.0,both,0.32013465592469725,0.4141578172706151,82.6,0.014,0.0664,0.0699,0.36,4.1026,31.7949,0.6841,243750.0,Veteran (30-34)
Emmanuel Rivera,656896,/api/v1/people/656896,2023,27,AZ,NL,3B,86,283,257,32,67,13,0,4,29,1,22,56,0,4,0.261,0.314,0.358,0.672,84.5,1,emmanuel rivera,Emmanuel Rivera,ARI,3B,720000.0,538069.0,720000.0,both,0.32013465592469725,0.4141578172706151,84.5,0.0141,0.0777,0.1979,0.337,5.5556,40.2778,0.9333,180000.0,Prime (25-29)
José Caballero,676609,/api/v1/people/676609,2023,26,SEA,AL,2B,104,280,231,37,51,9,1,4,26,26,28,66,17,4,0.221,0.343,0.32,0.663,84.4,1,jose caballero,José Caballero,SEA,SS,720000.0,654194.0,720000.0,both,0.32013465592469725,0.4141578172706151,84.4,0.0143,0.1,0.2357,0.25,5.5556,36.1111,0.9208,180000.0,Prime (25-29)
C.J. Cron,543068,/api/v1/people/543068,2023,33,LAA,AL,1B,71,278,258,38,64,12,0,12,37,0,17,65,1,2,0.248,0.295,0.434,0.729,96.9,2,cj cron,C.J. Cron,LAA,1B,7250000.0,2416636.0,7250000.0,both,0.32013465592469725,0.4141578172706151,96.9,0.0432,0.0612,0.2338,0.521,1.6552,5.1034,0.1006,604167.0,Veteran (30-34)
Casey Schmitt,669477,/api/v1/people/669477,2023,24,SF,NL,SS,90,277,253,28,52,15,0,5,30,2,13,65,5,3,0.206,0.255,0.324,0.579,57.9,1,casey schmitt,Casey Schmitt,SF,3B,720000.0,456778.0,720000.0,both,0.32013465592469725,0.4141578172706151,57.9,0.0181,0.0469,0.2347,0.333,6.9444,41.6667,0.8042,144000.0,U25
Jacob Stallings,607732,/api/v1/people/607732,2023,33,MIA,NL,C,89,276,241,22,46,14,0,3,20,0,27,67,3,2,0.191,0.278,0.286,0.564,55.9,1,jacob stallings,Jacob Stallings,MIA,C,3350000.0,3350000.0,3350000.0,both,0.32013465592469725,0.4141578172706151,55.9,0.0109,0.0978,0.2428,0.225,0.8955,5.9701,0.1684,1116667.0,Veteran (30-34)
Jake Bauers,641343,/api/v1/people/641343,2023,27,NYY,AL,RF,84,272,242,28,49,15,0,12,30,3,27,95,0,3,0.202,0.279,0.413,0.692,86.9,1,jake bauers,Jake Bauers,NYY,1B,720000.0,600005.0,720000.0,both,0.32013465592469725,0.4141578172706151,86.9,0.0441,0.0993,0.3493,0.357,16.6667,41.6667,0.9611,60000.0,Prime (25-29)
Stone Garrett,656448,/api/v1/people/656448,2023,27,WSH,NL,LF,89,271,234,40,63,17,0,9,40,3,26,82,3,5,0.269,0.343,0.457,0.8,117.5,1,stone garrett,Stone Garrett,WSH,LF,720000.0,704516.0,720000.0,both,0.32013465592469725,0.4141578172706151,117.5,0.0332,0.0959,0.3026,0.449,12.5,55.5556,1.1111,80000.0,Prime (25-29)
Harold Castro,605612,/api/v1/people/605612,2023,29,COL,NL,2B,99,270,258,24,65,13,0,1,31,1,9,66,0,2,0.252,0.275,0.314,0.589,61.7,1,harold castro,Harold Castro,COL,3B,1300000.0,1300000.0,1300000.0,both,0.32013465592469725,0.4141578172706151,61.7,0.0037,0.0333,0.2444,0.313,0.7692,23.8462,0.4531,1300000.0,Prime (25-29)
Gary Sánchez,596142,/api/v1/people/596142,2023,30,SD,NL,C,75,267,240,33,52,9,0,19,47,0,21,67,4,2,0.217,0.288,0.492,0.78,108.8,2,gary sanchez,Gary Sánchez,SD,C,1500000.0,1419350.0,1500000.0,both,0.32013465592469725,0.4141578172706151,108.8,0.0712,0.0787,0.2509,0.627,12.6667,31.3333,0.52,78947.0,Veteran (30-34)
Tyler O'Neill,641933,/api/v1/people/641933,2023,28,STL,NL,LF,72,266,238,27,55,14,0,9,21,5,28,67,0,0,0.231,0.312,0.403,0.715,94.8,1,tyler oneill,Tyler O'Neill,STL,LF,4950000.0,4950000.0,4950000.0,both,0.32013465592469725,0.4141578172706151,94.8,0.0338,0.1053,0.2519,0.292,1.8182,4.2424,0.1444,550000.0,Prime (25-29)
Joshua Palacios,641943,/api/v1/people/641943,2023,27,PIT,NL,RF,91,264,247,26,59,9,2,10,40,5,12,56,2,1,0.239,0.279,0.413,0.692,86.9,1,joshua palacios,Joshua Palacios,PIT,CF,720000.0,518714.0,720000.0,both,0.32013465592469725,0.4141578172706151,86.9,0.0379,0.0455,0.2121,0.44,13.8889,55.5556,0.9611,72000.0,Prime (25-29)
Oscar Colás,693049,/api/v1/people/693049,2023,24,CWS,AL,RF,75,263,245,32,53,9,0,5,19,4,12,71,2,2,0.216,0.257,0.314,0.571,56.1,1,oscar colas,Óscar Colás,CHW,RF,720000.0,398713.0,720000.0,both,0.32013465592469725,0.4141578172706151,56.1,0.019,0.0456,0.27,0.253,6.9444,26.3889,0.7931,144000.0,U25
Trey Mancini,641820,/api/v1/people/641820,2023,31,CHC,NL,1B,79,263,235,31,55,12,0,4,28,0,21,78,2,3,0.234,0.299,0.336,0.635,74.5,1,trey mancini,,,,,,,left_only,0.32013465592469725,0.4141578172706151,74.5,0.0152,0.0798,0.2966,0.354,,,,,Veteran (30-34)
Nicky Lopez,670032,/api/v1/people/670032,2023,28,ATL,NL,2B,94,262,225,32,52,8,3,1,25,6,26,40,6,1,0.231,0.326,0.307,0.633,76.0,2,nicky lopez,Nicky Lopez,ATL,3B,3700000.0,1233304.0,3700000.0,both,0.32013465592469725,0.4141578172706151,76.0,0.0038,0.0992,0.1527,0.266,0.2703,6.7568,0.1711,3700000.0,Prime (25-29)
Kyle Higashioka,543309,/api/v1/people/543309,2023,33,NYY,AL,C,92,260,242,24,57,13,0,10,34,0,14,74,0,3,0.236,0.274,0.413,0.687,85.3,1,kyle higashioka,Kyle Higashioka,NYY,C,1462500.0,1462500.0,1462500.0,both,0.32013465592469725,0.4141578172706151,85.3,0.0385,0.0538,0.2846,0.37,6.8376,23.2479,0.4697,146250.0,Veteran (30-34)
Vinnie Pasquantino,686469,/api/v1/people/686469,2023,25,KC,AL,1B,61,260,231,24,57,17,0,9,26,0,25,31,2,1,0.247,0.324,0.437,0.761,106.7,1,vinnie pasquantino,Vinnie Pasquantino,KC,1B,725500.0,725500.0,725500.0,both,0.32013465592469725,0.4141578172706151,106.7,0.0346,0.0962,0.1192,0.426,12.4052,35.8374,1.0489,80611.0,Prime (25-29)
Rodolfo Castro,666801,/api/v1/people/666801,2023,24,PHI,NL,3B,92,256,227,21,48,7,0,6,24,1,23,74,5,1,0.211,0.297,0.322,0.619,70.5,2,rodolfo castro,Rodolfo Castro,PHI,SS,725000.0,229982.0,725000.0,both,0.32013465592469725,0.4141578172706151,70.5,0.0234,0.0898,0.2891,0.261,8.2759,33.1034,0.8538,120833.0,U25
Dylan Carlson,666185,/api/v1/people/666185,2023,24,STL,NL,CF,76,255,219,27,48,8,1,5,27,3,26,49,7,3,0.219,0.318,0.333,0.651,79.7,1,dylan carlson,Dylan Carlson,STL,CF,742400.0,742400.0,742400.0,both,0.32013465592469725,0.4141578172706151,79.7,0.0196,0.102,0.1922,0.355,6.7349,36.3685,0.8769,148480.0,U25
Henry Davis,680779,/api/v1/people/680779,2023,23,PIT,NL,RF,62,255,225,27,48,10,0,7,24,3,25,69,4,1,0.213,0.302,0.351,0.653,79.1,1,henry davis,Henry Davis,PIT,C,720000.0,402584.0,720000.0,both,0.32013465592469725,0.4141578172706151,79.1,0.0275,0.098,0.2706,0.387,9.7222,33.3333,0.9069,102857.0,U25
Stuart Fairchild,656413,/api/v1/people/656413,2023,27,CIN,NL,LF,97,255,219,34,50,16,2,5,28,10,25,69,6,2,0.228,0.321,0.388,0.709,94.0,1,stuart fairchild,Stuart Fairchild,CIN,OF,722500.0,578716.0,722500.0,both,0.32013465592469725,0.4141578172706151,94.0,0.0196,0.098,0.2706,0.289,6.9204,38.7543,0.9813,144500.0,Prime (25-29)
Santiago Espinal,669289,/api/v1/people/669289,2023,28,TOR,AL,2B,93,254,230,30,57,14,0,2,25,2,18,36,3,1,0.248,0.31,0.335,0.645,77.7,1,santiago espinal,Santiago Espinal,TOR,3B,2100000.0,2100000.0,2100000.0,both,0.32013465592469725,0.4141578172706151,77.7,0.0079,0.0709,0.1417,0.269,0.9524,11.9048,0.3071,1050000.0,Prime (25-29)
Matt Wallner,670242,/api/v1/people/670242,2023,25,MIN,AL,LF,76,254,213,42,53,11,1,14,41,2,28,80,13,0,0.249,0.37,0.507,0.877,138.0,1,matt wallner,Matt Wallner,MIN,RF,720000.0,352261.0,720000.0,both,0.32013465592469725,0.4141578172706151,138.0,0.0551,0.1102,0.315,0.539,19.4444,56.9444,1.2181,51429.0,Prime (25-29)
Luis Matos,682641,/api/v1/people/682641,2023,21,SF,NL,CF,76,253,228,24,57,13,1,2,14,3,20,33,3,0,0.25,0.319,0.342,0.661,82.2,1,luis matos,Luis Matos,SF,OF,720000.0,371616.0,720000.0,both,0.32013465592469725,0.4141578172706151,82.2,0.0079,0.0791,0.1304,0.184,2.7778,19.4444,0.9181,360000.0,U25
Kevin Newman,621028,/api/v1/people/621028,2023,29,CIN,NL,3B,74,253,225,28,57,16,0,3,28,8,17,34,4,5,0.253,0.311,0.364,0.675,85.0,1,kevin newman,,,,,,,left_only,0.32013465592469725,0.4141578172706151,85.0,0.0119,0.0672,0.1344,0.378,,,,,Prime (25-29)
Zack Short,670097,/api/v1/people/670097,2023,28,DET,AL,2B,112,253,221,17,45,9,0,7,33,5,28,66,0,1,0.204,0.292,0.339,0.631,73.1,1,zack short,Zack Short,DET,2B,720000.0,607747.0,720000.0,both,0.32013465592469725,0.4141578172706151,73.1,0.0277,0.1107,0.2609,0.295,9.7222,45.8333,0.8764,102857.0,Prime (25-29)
Garrett Hampson,641658,/api/v1/people/641658,2023,28,MIA,NL,SS,98,252,221,30,61,12,1,3,23,5,23,67,3,2,0.276,0.349,0.38,0.729,100.8,1,garrett hampson,Garrett Hampson,MIA,SS,720000.0,576779.0,720000.0,both,0.32013465592469725,0.4141578172706151,100.8,0.0119,0.0913,0.2659,0.235,4.1667,31.9444,1.0125,240000.0,Prime (25-29)
Mike Ford,645801,/api/v1/people/645801,2023,30,SEA,AL,DH,84,251,219,32,50,6,0,16,34,0,24,81,7,1,0.228,0.323,0.475,0.798,115.6,1,mike ford,Mike Ford,SEA,1B,720000.0,468391.0,720000.0,both,0.32013465592469725,0.4141578172706151,115.6,0.0637,0.0956,0.3227,0.405,22.2222,47.2222,1.1083,45000.0,Veteran (30-34)
Kolten Wong,543939,/api/v1/people/543939,2023,32,LAD,NL,X,87,250,224,25,41,6,0,4,27,3,18,53,5,3,0.183,0.256,0.263,0.519,43.5,2,kolten wong,Kolten Wong,LAD,2B,720000.0,116130.0,720000.0,both,0.32013465592469725,0.4141578172706151,43.5,0.016,0.072,0.212,0.31,5.5556,37.5,0.7208,180000.0,Veteran (30-34)
Rob Refsnyder,608701,/api/v1/people/608701,2023,32,BOS,AL,LF,89,243,202,31,50,9,1,1,28,7,33,47,5,1,0.248,0.365,0.317,0.682,90.6,1,rob refsnyder,Rob Refsnyder,BOS,RF,1200000.0,1200000.0,1200000.0,both,0.32013465592469725,0.4141578172706151,90.6,0.0041,0.1358,0.1934,0.315,0.8333,23.3333,0.5683,1200000.0,Veteran (30-34)
Tyrone Taylor,621438,/api/v1/people/621438,2023,29,MIL,NL,RF,81,243,231,36,54,17,1,10,35,9,8,55,3,1,0.234,0.267,0.446,0.713,91.1,1,tyrone taylor,Tyrone Taylor,MIL,RF,735400.0,735400.0,735400.0,both,0.32013465592469725,0.4141578172706151,91.1,0.0412,0.0329,0.2263,0.432,13.598,47.5931,0.9695,73540.0,Prime (25-29)
Joey Votto,458015,/api/v1/people/458015,2023,39,CIN,NL,1B,65,242,208,26,42,6,0,14,38,0,27,62,7,0,0.202,0.314,0.433,0.747,102.6,1,joey votto,Joey Votto,CIN,1B,25000000.0,25000000.0,25000000.0,both,0.32013465592469725,0.4141578172706151,102.6,0.0579,0.1116,0.2562,0.585,0.56,1.52,0.0299,1785714.0,Late (35+)
Christian Encarnacion-Strand,687952,/api/v1/people/687952,2023,23,CIN,NL,1B,63,241,222,29,60,7,0,13,37,2,14,69,5,0,0.27,0.328,0.477,0.805,117.6,1,christian encarnacionstrand,Christian Encarnacion-Strand,CIN,3B,720000.0,298064.0,720000.0,both,0.32013465592469725,0.4141578172706151,117.6,0.0539,0.0581,0.2863,0.587,18.0556,51.3889,1.1181,55385.0,U25
Andrew Knizner,668800,/api/v1/people/668800,2023,28,STL,NL,C,70,241,224,30,54,11,0,10,31,2,12,62,3,1,0.241,0.288,0.424,0.712,92.3,1,andrew knizner,Andrew Knizner,STL,C,1100000.0,1100000.0,1100000.0,both,0.32013465592469725,0.4141578172706151,92.3,0.0415,0.0498,0.2573,0.443,9.0909,28.1818,0.6473,110000.0,Prime (25-29)
Royce Lewis,668904,/api/v1/people/668904,2023,24,MIN,AL,3B,58,239,217,36,67,7,0,15,52,6,20,55,2,0,0.309,0.372,0.548,0.92,148.5,1,royce lewis,Royce Lewis,MIN,SS,727100.0,727100.0,727100.0,both,0.32013465592469725,0.4141578172706151,148.5,0.0628,0.0837,0.2301,0.897,20.6299,71.517,1.2653,48473.0,U25
Matt Carpenter,572761,/api/v1/people/572761,2023,37,SD,NL,DH,76,237,188,18,33,12,0,5,31,1,41,67,2,5,0.176,0.322,0.319,0.641,77.6,1,matt carpenter,Matt Carpenter,SD,3B,3500000.0,6500000.0,6500000.0,both,0.32013465592469725,0.4141578172706151,77.6,0.0211,0.173,0.2827,0.408,1.4286,8.8571,0.1831,700000.0,Late (35+)
Evan Longoria,446334,/api/v1/people/446334,2023,37,AZ,NL,3B,74,237,211,25,47,9,0,11,28,0,23,73,0,3,0.223,0.295,0.422,0.717,94.0,1,evan longoria,Evan Longoria,ARI,3B,4000000.0,5000000.0,5000000.0,both,0.32013465592469725,0.4141578172706151,94.0,0.0464,0.097,0.308,0.378,2.75,7.0,0.1792,363636.0,Late (35+)
Freddy Fermin,666023,/api/v1/people/666023,2023,28,KC,AL,C,70,235,217,26,61,10,1,9,32,0,13,50,1,3,0.281,0.321,0.461,0.782,111.6,1,freddy fermin,Freddy Fermin,KC,C,720000.0,615489.0,720000.0,both,0.32013465592469725,0.4141578172706151,111.6,0.0383,0.0553,0.2128,0.457,12.5,44.4444,1.0861,80000.0,Prime (25-29)
Mark Vientos,668901,/api/v1/people/668901,2023,23,NYM,NL,DH,65,233,218,19,46,5,1,9,22,1,10,71,3,2,0.211,0.253,0.367,0.62,67.6,1,mark vientos,Mark Vientos,NYM,3B,720000.0,402584.0,720000.0,both,0.32013465592469725,0.4141578172706151,67.6,0.0386,0.0429,0.3047,0.338,12.5,30.5556,0.8611,80000.0,U25
Josh Smith,669701,/api/v1/people/669701,2023,25,TEX,AL,SS,90,232,195,29,36,8,1,6,15,1,25,55,9,1,0.185,0.304,0.328,0.632,74.2,1,josh smith,Josh H. Smith,TEX,SS,727095.0,727095.0,727095.0,both,0.32013465592469725,0.4141578172706151,74.2,0.0259,0.1078,0.2371,0.167,8.252,20.63,0.8692,121182.0,Prime (25-29)
Bo Naylor,666310,/api/v1/people/666310,2023,23,CLE,AL,C,67,230,198,33,47,13,0,11,32,5,30,53,1,1,0.237,0.339,0.47,0.809,119.4,1,bo naylor,Bo Naylor,CLE,C,720000.0,418064.0,720000.0,both,0.32013465592469725,0.4141578172706151,119.4,0.0478,0.1304,0.2304,0.478,15.2778,44.4444,1.1236,65455.0,U25
Mitch Haniger,571745,/api/v1/people/571745,2023,32,SF,NL,LF,61,229,211,27,44,13,1,6,28,1,15,65,2,1,0.209,0.266,0.365,0.631,71.2,1,mitch haniger,Mitch Haniger,SF,LF,5000000.0,11000000.0,9000000.0,both,0.32013465592469725,0.4141578172706151,71.2,0.0262,0.0655,0.2838,0.459,1.2,5.6,0.1262,833333.0,Veteran (30-34)
Pavin Smith,656976,/api/v1/people/656976,2023,27,AZ,NL,DH,69,228,191,26,36,5,0,7,30,1,35,45,1,0,0.188,0.317,0.325,0.642,77.5,1,pavin smith,Pavin Smith,ARI,OF,750000.0,120960.0,750000.0,both,0.32013465592469725,0.4141578172706151,77.5,0.0307,0.1535,0.1974,0.435,9.3333,40.0,0.856,107143.0,Prime (25-29)
Gio Urshela,570482,/api/v1/people/570482,2023,31,LAA,AL,3B,62,228,214,22,64,8,1,2,24,3,10,36,1,3,0.299,0.329,0.374,0.703,93.1,1,giovanny urshela,Giovanny Urshela,LAA,1B,8400000.0,8400000.0,8400000.0,both,0.32013465592469725,0.4141578172706151,93.1,0.0088,0.0439,0.1579,0.387,0.2381,2.8571,0.0837,4200000.0,Veteran (30-34)
Jordan Westburg,676059,/api/v1/people/676059,2023,24,BAL,AL,2B,68,228,208,26,54,17,2,3,23,4,16,56,1,3,0.26,0.311,0.404,0.715,94.7,1,jordan westburg,Jordan Westburg,BAL,SS,720000.0,375487.0,720000.0,both,0.32013465592469725,0.4141578172706151,94.7,0.0132,0.0702,0.2456,0.338,4.1667,31.9444,0.9931,240000.0,U25
Alan Trejo,676701,/api/v1/people/676701,2023,27,COL,NL,2B,83,227,207,24,48,11,0,4,26,5,16,51,1,2,0.232,0.288,0.343,0.631,72.8,1,alan trejo,Alan Trejo,COL,2B,722000.0,632766.0,722000.0,both,0.32013465592469725,0.4141578172706151,72.8,0.0176,0.0705,0.2247,0.313,5.5402,36.0111,0.874,180500.0,Prime (25-29)
Victor Caratini,605170,/api/v1/people/605170,2023,29,MIL,NL,C,62,226,201,23,52,4,0,7,25,1,19,45,3,3,0.259,0.327,0.383,0.71,94.6,1,victor caratini,Victor Caratini,MIL,C,2800000.0,2800000.0,2800000.0,both,0.32013465592469725,0.4141578172706151,94.6,0.031,0.0841,0.1991,0.403,2.5,8.9286,0.2536,400000.0,Prime (25-29)
James McCann,543510,/api/v1/people/543510,2023,33,BAL,AL,C,70,226,207,25,46,14,0,6,26,3,9,57,5,2,0.222,0.269,0.377,0.646,75.1,1,james mccann,James McCann,BAL,C,12000000.0,1000000.0,12150000.0,both,0.32013465592469725,0.4141578172706151,75.1,0.0265,0.0398,0.2522,0.371,0.5,2.1667,0.0538,2000000.0,Veteran (30-34)
Sal Frelick,686217,/api/v1/people/686217,2023,23,MIL,NL,RF,57,223,191,29,47,9,1,3,24,7,28,37,1,3,0.246,0.341,0.351,0.692,91.3,1,sal frelick,Sal Frelick,MIL,SS,720000.0,274841.0,720000.0,both,0.32013465592469725,0.4141578172706151,91.3,0.0135,0.1256,0.1659,0.421,4.1667,33.3333,0.9611,240000.0,U25
Tucupita Marcano,672779,/api/v1/people/672779,2023,23,PIT,NL,SS,75,220,202,16,47,12,2,3,18,5,10,35,3,2,0.233,0.276,0.356,0.632,72.2,1,tucupita marcano,Tucupita Marcano,PIT,SS,720000.0,654193.0,720000.0,both,0.32013465592469725,0.4141578172706151,72.2,0.0136,0.0455,0.1591,0.24,4.1667,25.0,0.8778,240000.0,U25
Liover Peguero,678894,/api/v1/people/678894,2023,22,PIT,NL,SS,59,213,198,21,47,4,1,7,26,6,11,67,1,1,0.237,0.28,0.374,0.654,77.8,1,liover peguero,Liover Peguero,PIT,SS,720000.0,294196.0,720000.0,both,0.32013465592469725,0.4141578172706151,77.8,0.0329,0.0516,0.3146,0.441,9.7222,36.1111,0.9083,102857.0,U25
Austin Hedges,595978,/api/v1/people/595978,2023,30,TEX,AL,C,82,212,185,14,34,5,0,1,16,1,11,47,2,3,0.184,0.234,0.227,0.461,27.9,2,austin hedges,Austin Hedges,TEX,C,5000000.0,1639802.0,5000000.0,both,0.32013465592469725,0.4141578172706151,27.9,0.0047,0.0519,0.2217,0.195,0.2,3.2,0.0922,5000000.0,Veteran (30-34)
Trevor Larnach,663616,/api/v1/people/663616,2023,26,MIN,AL,LF,58,212,183,26,39,7,3,8,40,1,27,72,0,2,0.213,0.311,0.415,0.726,97.3,1,trevor larnach,Trevor Larnach,MIN,OF,733650.0,323408.0,733650.0,both,0.32013465592469725,0.4141578172706151,97.3,0.0377,0.1274,0.3396,0.69,10.9044,54.5219,0.9896,91706.0,Prime (25-29)
Nick Ahmed,605113,/api/v1/people/605113,2023,33,AZ,NL,SS,72,210,198,14,42,10,1,2,17,5,12,52,0,0,0.212,0.257,0.303,0.56,53.4,1,nick ahmed,,,,,,,left_only,0.32013465592469725,0.4141578172706151,53.4,0.0095,0.0571,0.2476,0.236,,,,,Veteran (30-34)
Matt Duffy,622110,/api/v1/people/622110,2023,32,KC,AL,3B,79,209,191,17,48,8,0,2,16,1,12,39,4,2,0.251,0.306,0.325,0.631,74.1,1,matt duffy,Matt Duffy,KC,3B,1500000.0,1500000.0,1500000.0,both,0.32013465592469725,0.4141578172706151,74.1,0.0096,0.0574,0.1866,0.203,1.3333,10.6667,0.4207,750000.0,Veteran (30-34)
Jared Triolo,669707,/api/v1/people/669707,2023,25,PIT,NL,3B,54,209,181,30,54,9,0,3,21,6,24,63,3,1,0.298,0.388,0.398,0.786,117.3,1,jared triolo,Jared Triolo,PIT,3B,720000.0,298067.0,720000.0,both,0.32013465592469725,0.4141578172706151,117.3,0.0144,0.1148,0.3014,0.389,4.1667,29.1667,1.0917,240000.0,Prime (25-29)
Austin Slater,596103,/api/v1/people/596103,2023,30,SF,NL,X,89,207,185,24,50,9,0,5,20,2,20,58,2,0,0.27,0.348,0.4,0.748,105.3,1,austin slater,Austin Slater,SF,LF,3200000.0,3200000.0,3200000.0,both,0.32013465592469725,0.4141578172706151,105.3,0.0242,0.0966,0.2802,0.225,1.5625,6.25,0.2338,640000.0,Veteran (30-34)
Christian Arroyo,624414,/api/v1/people/624414,2023,28,BOS,AL,2B,66,206,195,23,47,16,0,3,24,1,7,45,1,2,0.241,0.268,0.369,0.637,72.8,1,christian arroyo,Christian Arroyo,BOS,2B,2000000.0,2000000.0,2000000.0,both,0.32013465592469725,0.4141578172706151,72.8,0.0146,0.034,0.2184,0.364,1.5,12.0,0.3185,666667.0,Prime (25-29)
Reese McGuire,624512,/api/v1/people/624512,2023,28,BOS,AL,C,72,206,187,15,50,12,1,1,16,2,11,53,1,1,0.267,0.31,0.358,0.668,83.3,1,reese mcguire,Reese McGuire,BOS,C,1225000.0,1225000.0,1225000.0,both,0.32013465592469725,0.4141578172706151,83.3,0.0049,0.0534,0.2573,0.222,0.8163,13.0612,0.5453,1225000.0,Prime (25-29)
Kevin Pillar,607680,/api/v1/people/607680,2023,34,ATL,NL,LF,81,206,197,29,45,10,0,9,32,4,6,50,0,3,0.228,0.248,0.416,0.664,77.9,1,kevin pillar,Kevin Pillar,ATL,LF,3000000.0,3000000.0,3000000.0,both,0.32013465592469725,0.4141578172706151,77.9,0.0437,0.0291,0.2427,0.395,3.0,10.6667,0.2213,333333.0,Veteran (30-34)
Endy Rodríguez,682848,/api/v1/people/682848,2023,23,PIT,NL,C,57,204,186,27,41,7,2,3,13,0,17,49,0,1,0.22,0.284,0.328,0.612,67.9,1,endy rodriguez,Endy Rodríguez,PIT,C,720000.0,294196.0,720000.0,both,0.32013465592469725,0.4141578172706151,67.9,0.0147,0.0833,0.2402,0.228,4.1667,18.0556,0.85,240000.0,U25
Jake Cave,595909,/api/v1/people/595909,2023,30,PHI,NL,LF,65,203,184,18,39,8,1,5,21,3,15,55,1,2,0.212,0.272,0.348,0.62,69.0,1,jake cave,Jake Cave,PHI,LF,950000.0,,950000.0,both,0.32013465592469725,0.4141578172706151,69.0,0.0246,0.0739,0.2709,0.323,5.2632,22.1053,0.6526,190000.0,Veteran (30-34)
Austin Barnes,605131,/api/v1/people/605131,2023,33,LAD,NL,C,59,200,178,15,32,5,0,2,11,2,17,43,2,2,0.18,0.256,0.242,0.498,38.4,1,austin barnes,Austin Barnes,LAD,C,3500000.0,3500000.0,3500000.0,both,0.32013465592469725,0.4141578172706151,38.4,0.01,0.085,0.215,0.186,0.5714,3.1429,0.1423,1750000.0,Veteran (30-34)
Luke Maile,571912,/api/v1/people/571912,2023,32,CIN,NL,C,78,199,179,17,42,10,0,6,25,2,14,49,5,0,0.235,0.308,0.391,0.699,90.6,1,luke maile,Luke Maile,CIN,C,1175000.0,1175000.0,1175000.0,both,0.32013465592469725,0.4141578172706151,90.6,0.0302,0.0704,0.2462,0.321,5.1064,21.2766,0.5949,195833.0,Veteran (30-34)
Logan O'Hoppe,681351,/api/v1/people/681351,2023,23,LAA,AL,C,51,199,182,23,43,6,0,14,29,0,14,48,2,1,0.236,0.296,0.5,0.796,113.2,1,logan ohoppe,Logan O'Hoppe,LAA,C,730000.0,730000.0,730000.0,both,0.32013465592469725,0.4141578172706151,113.2,0.0704,0.0704,0.2412,0.569,19.1781,39.726,1.0904,52143.0,U25
Jesse Winker,608385,/api/v1/people/608385,2023,29,MIL,NL,DH,61,197,166,16,33,5,0,1,23,0,26,51,4,1,0.199,0.32,0.247,0.567,59.6,1,jesse winker,Jesse Winker,MIL,RF,8250000.0,8250000.0,8250000.0,both,0.32013465592469725,0.4141578172706151,59.6,0.0051,0.132,0.2589,0.377,0.1212,2.7879,0.0687,8250000.0,Prime (25-29)
Seby Zavala,664874,/api/v1/people/664874,2023,29,AZ,NL,C,73,193,175,17,30,4,0,7,18,1,12,70,2,2,0.171,0.23,0.314,0.544,47.7,2,seby zavala,Seby Zavala,ARI,C,732000.0,96775.0,732000.0,both,0.32013465592469725,0.4141578172706151,47.7,0.0363,0.0622,0.3627,0.247,9.5628,24.5902,0.7432,104571.0,Prime (25-29)
Brendan Rodgers,663898,/api/v1/people/663898,2023,26,COL,NL,2B,46,192,178,21,46,9,1,4,20,0,11,41,3,0,0.258,0.313,0.388,0.701,91.5,1,brendan rodgers,Brendan Rodgers,COL,2B,2700000.0,2700000.0,2700000.0,both,0.32013465592469725,0.4141578172706151,91.5,0.0208,0.0573,0.2135,0.435,1.4815,7.4074,0.2596,675000.0,Prime (25-29)
Oswald Peraza,672724,/api/v1/people/672724,2023,23,NYY,AL,3B,52,191,173,15,33,8,0,2,14,4,13,50,5,0,0.191,0.267,0.272,0.539,49.1,1,oswald peraza,Oswald Peraza,NYY,SS,720000.0,332906.0,720000.0,both,0.32013465592469725,0.4141578172706151,49.1,0.0105,0.0681,0.2618,0.269,2.7778,19.4444,0.7486,360000.0,U25
Josh Donaldson,518626,/api/v1/people/518626,2023,37,MIL,NL,3B,51,189,165,18,25,5,0,13,26,0,22,50,0,2,0.152,0.249,0.418,0.667,78.7,2,josh donaldson,Josh Donaldson,MIL,3B,720000.0,77420.0,720000.0,both,0.32013465592469725,0.4141578172706151,78.7,0.0688,0.1164,0.2646,0.51,18.0556,36.1111,0.9264,55385.0,Late (35+)
Carlos Pérez,542208,/api/v1/people/542208,2023,32,OAK,AL,C,68,189,168,17,38,4,0,6,20,0,13,40,4,3,0.226,0.293,0.357,0.65,77.7,1,carlos perez,Carlos Pérez,OAK,C,740000.0,740000.0,740000.0,both,0.32013465592469725,0.4141578172706151,77.7,0.0317,0.0688,0.2116,0.294,8.1081,27.027,0.8784,123333.0,Veteran (30-34)
Jason Delay,641511,/api/v1/people/641511,2023,28,PIT,NL,C,70,187,167,20,42,11,1,1,18,0,14,44,3,1,0.251,0.319,0.347,0.666,83.4,1,jason delay,Jason Delay,PIT,C,720000.0,661941.0,720000.0,both,0.32013465592469725,0.4141578172706151,83.4,0.0053,0.0749,0.2353,0.257,1.3889,25.0,0.925,720000.0,Prime (25-29)
Pablo Reyes,622569,/api/v1/people/622569,2023,29,BOS,AL,SS,64,185,167,27,48,9,0,2,20,7,14,21,0,2,0.287,0.339,0.377,0.716,96.9,1,pablo reyes,Pablo Reyes,BOS,LF,720000.0,545811.0,720000.0,both,0.32013465592469725,0.4141578172706151,96.9,0.0108,0.0757,0.1135,0.312,2.7778,27.7778,0.9944,360000.0,Prime (25-29)
DJ Stewart,621466,/api/v1/people/621466,2023,29,NYM,NL,RF,58,185,160,21,39,9,0,11,26,1,15,56,7,1,0.244,0.333,0.506,0.839,126.2,1,dj stewart,D.J. Stewart,NYM,LF,720000.0,344519.0,720000.0,both,0.32013465592469725,0.4141578172706151,126.2,0.0595,0.0811,0.3027,0.448,15.2778,36.1111,1.1653,65455.0,Prime (25-29)
Anthony Rendon,543685,/api/v1/people/543685,2023,33,LAA,AL,3B,43,183,148,23,35,6,0,2,22,2,25,27,6,4,0.236,0.361,0.318,0.679,89.5,1,anthony rendon,Anthony Rendon,LAA,3B,38000000.0,37182796.0,38571428.0,both,0.32013465592469725,0.4141578172706151,89.5,0.0109,0.1366,0.1475,0.512,0.0526,0.5789,0.0179,19000000.0,Veteran (30-34)
Dominic Canzone,686527,/api/v1/people/686527,2023,25,SEA,AL,LF,59,182,173,23,38,13,0,6,21,1,8,32,1,0,0.22,0.258,0.399,0.657,76.9,2,dominic canzone,Dominic Canzone,SEA,RF,720000.0,240002.0,720000.0,both,0.32013465592469725,0.4141578172706151,76.9,0.033,0.044,0.1758,0.356,8.3333,29.1667,0.9125,120000.0,Prime (25-29)
Oscar Gonzalez,660757,/api/v1/people/660757,2023,25,CLE,AL,RF,54,180,173,15,37,7,2,2,12,0,5,46,1,1,0.214,0.239,0.312,0.551,50.0,1,oscar gonzalez,Oscar Gonzalez,CLE,OF,722600.0,306915.0,722600.0,both,0.32013465592469725,0.4141578172706151,50.0,0.0111,0.0278,0.2556,0.222,2.7678,16.6067,0.7625,361300.0,Prime (25-29)
Trayce Thompson,572204,/api/v1/people/572204,2023,32,CWS,AL,CF,72,179,153,17,25,2,0,6,17,2,24,77,2,0,0.163,0.285,0.294,0.579,60.0,2,trayce thompson,Trayce Thompson,CHW,CF,1450000.0,506740.0,1450000.0,both,0.32013465592469725,0.4141578172706151,60.0,0.0335,0.1341,0.4302,0.236,4.1379,11.7241,0.3993,241667.0,Veteran (30-34)
Nelson Velázquez,676369,/api/v1/people/676369,2023,24,KC,AL,RF,53,179,162,35,38,6,0,17,34,0,14,51,2,1,0.235,0.302,0.586,0.888,135.8,2,nelson velazquez,Nelson Velazquez,KC,CF,720000.0,201292.0,720000.0,both,0.32013465592469725,0.4141578172706151,135.8,0.095,0.0782,0.2849,0.642,23.6111,47.2222,1.2333,42353.0,U25
Luis Urías,649966,/api/v1/people/649966,2023,26,BOS,AL,2B,52,177,144,18,28,6,0,3,18,0,21,41,10,0,0.194,0.337,0.299,0.636,77.5,2,luis urias,Luis Urias,BOS,3B,4700000.0,1541409.0,4700000.0,both,0.32013465592469725,0.4141578172706151,77.5,0.0169,0.1186,0.2316,0.346,0.6383,3.8298,0.1353,1566667.0,Prime (25-29)
Jake Alu,666906,/api/v1/people/666906,2023,26,WSH,NL,LF,51,175,159,14,36,2,1,2,16,5,10,42,3,2,0.226,0.282,0.289,0.571,57.9,1,jake alu,Jake Alu,WSH,3B,720000.0,274841.0,720000.0,both,0.32013465592469725,0.4141578172706151,57.9,0.0114,0.0571,0.24,0.314,2.7778,22.2222,0.7931,360000.0,Prime (25-29)
Kole Calhoun,594777,/api/v1/people/594777,2023,35,CLE,AL,1B,43,174,157,18,34,7,0,6,25,0,13,37,2,2,0.217,0.282,0.376,0.658,78.9,1,kole calhoun,Kole Calhoun,CLE,RF/LF,720000.0,224518.0,720000.0,both,0.32013465592469725,0.4141578172706151,78.9,0.0345,0.0747,0.2126,0.581,8.3333,34.7222,0.9139,120000.0,Late (35+)
Luis Campusano,669134,/api/v1/people/669134,2023,24,SD,NL,C,49,174,163,27,52,7,0,7,30,0,7,21,3,1,0.319,0.356,0.491,0.847,129.8,1,luis campusano,Luis Campusano,SD,C,722700.0,722700.0,722700.0,both,0.32013465592469725,0.4141578172706151,129.8,0.0402,0.0402,0.1207,0.612,9.6859,41.511,1.172,103243.0,U25
Lenyn Sosa,672820,/api/v1/people/672820,2023,23,CWS,AL,2B,52,173,164,12,33,6,0,6,14,0,5,40,0,1,0.201,0.224,0.348,0.572,54.0,1,lenyn sosa,Lenyn Sosa,CHW,2B,720000.0,282580.0,720000.0,both,0.32013465592469725,0.4141578172706151,54.0,0.0347,0.0289,0.2312,0.269,8.3333,19.4444,0.7944,120000.0,U25
Chad Wallach,595453,/api/v1/people/595453,2023,31,LAA,AL,C,65,172,157,18,31,5,1,7,15,0,13,57,0,0,0.197,0.259,0.376,0.635,71.7,1,chad wallach,Chad Wallach,LAA,C,720000.0,603876.0,720000.0,both,0.32013465592469725,0.4141578172706151,71.7,0.0407,0.0756,0.3314,0.231,9.7222,20.8333,0.8819,102857.0,Veteran (30-34)
Raimel Tapia,606132,/api/v1/people/606132,2023,29,TB,AL,LF,64,169,148,28,35,4,1,3,13,10,17,40,1,1,0.236,0.317,0.338,0.655,80.6,3,raimel tapia,Raimel Tapia,TB,LF,720000.0,38710.0,720000.0,both,0.32013465592469725,0.4141578172706151,80.6,0.0178,0.1006,0.2367,0.203,4.1667,18.0556,0.9097,240000.0,Prime (25-29)
Tyler Freeman,671289,/api/v1/people/671289,2023,24,CLE,AL,X,64,168,153,20,37,7,0,4,18,5,10,30,2,1,0.242,0.295,0.366,0.661,80.5,1,tyler freeman,Tyler Freeman,CLE,SS,720000.0,596129.0,720000.0,both,0.32013465592469725,0.4141578172706151,80.5,0.0238,0.0595,0.1786,0.281,5.5556,25.0,0.9181,180000.0,U25
Blake Perkins,663368,/api/v1/people/663368,2023,26,MIL,NL,RF,67,168,143,28,31,7,0,4,20,5,23,46,0,0,0.217,0.325,0.35,0.675,86.0,1,blake perkins,Blake Perkins,MIL,RF,720000.0,510972.0,720000.0,both,0.32013465592469725,0.4141578172706151,86.0,0.0238,0.1369,0.2738,0.299,5.5556,27.7778,0.9375,180000.0,Prime (25-29)
Trevor Story,596115,/api/v1/people/596115,2023,30,BOS,AL,SS,43,168,158,12,32,9,0,3,14,10,9,55,1,0,0.203,0.25,0.316,0.566,54.4,1,trevor story,Trevor Story,BOS,SS,20000000.0,20000000.0,20000000.0,both,0.32013465592469725,0.4141578172706151,54.4,0.0179,0.0536,0.3274,0.326,0.15,0.7,0.0283,6666667.0,Veteran (30-34)
Jose Trevino,624431,/api/v1/people/624431,2023,30,NYY,AL,C,55,168,157,15,33,4,0,4,15,0,8,22,2,0,0.21,0.257,0.312,0.569,55.6,1,jose trevino,Jose Trevino,NYY,C,2360000.0,2360000.0,2360000.0,both,0.32013465592469725,0.4141578172706151,55.6,0.0238,0.0476,0.131,0.273,1.6949,6.3559,0.2411,590000.0,Veteran (30-34)
Dylan Moore,664238,/api/v1/people/664238,2023,30,SEA,AL,X,67,165,145,18,30,9,1,7,19,7,16,56,4,0,0.207,0.303,0.428,0.731,98.0,1,dylan moore,Dylan Moore,SEA,2B,2000000.0,2250000.0,2083333.0,both,0.32013465592469725,0.4141578172706151,98.0,0.0424,0.097,0.3394,0.284,3.5,9.5,0.3655,285714.0,Veteran (30-34)
Johan Rojas,679032,/api/v1/people/679032,2023,22,PHI,NL,CF,59,164,149,24,45,9,2,2,23,14,5,42,4,0,0.302,0.342,0.43,0.772,110.7,1,johan rojas,Johan Rojas,PHI,OF,720000.0,344519.0,720000.0,both,0.32013465592469725,0.4141578172706151,110.7,0.0122,0.0305,0.2561,0.39,2.7778,31.9444,1.0722,360000.0,U25
Francisco Mejía,642336,/api/v1/people/642336,2023,27,TB,AL,C,50,160,150,22,34,11,0,5,19,0,6,38,1,2,0.227,0.258,0.4,0.658,77.2,1,francisco mejia,Francisco Mejia,TB,C,2155000.0,2155000.0,2155000.0,both,0.32013465592469725,0.4141578172706151,77.2,0.0312,0.0375,0.2375,0.38,2.3202,8.8167,0.3053,431000.0,Prime (25-29)
Zach Remillard,621545,/api/v1/people/621545,2023,29,CWS,AL,2B,54,160,147,16,37,7,0,1,18,4,8,48,1,0,0.252,0.295,0.32,0.615,69.4,1,zach remillard,Zach Remillard,CHW,3B,720000.0,379358.0,720000.0,both,0.32013465592469725,0.4141578172706151,69.4,0.0062,0.05,0.3,0.333,1.3889,25.0,0.8542,720000.0,Prime (25-29)
Tom Murphy,608596,/api/v1/people/608596,2023,32,SEA,AL,C,47,159,145,19,42,12,0,8,17,0,10,44,1,2,0.29,0.335,0.538,0.873,134.5,1,tom murphy,Tom Murphy,SEA,C,1625000.0,1625000.0,1625000.0,both,0.32013465592469725,0.4141578172706151,134.5,0.0503,0.0629,0.2767,0.362,4.9231,10.4615,0.5372,203125.0,Veteran (30-34)
Riley Adams,656180,/api/v1/people/656180,2023,27,WSH,NL,C,44,158,143,8,39,13,2,4,21,0,11,45,2,1,0.273,0.331,0.476,0.807,118.3,1,riley adams,Riley Adams,WSH,C,728800.0,728800.0,728800.0,both,0.32013465592469725,0.4141578172706151,118.3,0.0253,0.0696,0.2848,0.477,5.4885,28.8145,1.1073,182200.0,Prime (25-29)
Rougned Odor,596059,/api/v1/people/596059,2023,29,SD,NL,2B,59,157,138,21,28,9,0,4,18,2,17,37,2,0,0.203,0.299,0.355,0.654,79.1,1,rougned odor,,,,,,,left_only,0.32013465592469725,0.4141578172706151,79.1,0.0255,0.1083,0.2357,0.305,,,,,Prime (25-29)
Miguel Amaya,665804,/api/v1/people/665804,2023,24,CHC,NL,C,53,156,131,17,28,4,0,5,18,0,12,40,11,1,0.214,0.329,0.359,0.688,89.5,1,miguel amaya,Miguel Amaya,CHC,C,720000.0,495488.0,720000.0,both,0.32013465592469725,0.4141578172706151,89.5,0.0321,0.0769,0.2564,0.34,6.9444,25.0,0.9556,144000.0,U25
Austin Nola,543592,/api/v1/people/543592,2023,33,SD,NL,C,52,154,130,9,19,3,0,1,8,0,18,31,2,0,0.146,0.26,0.192,0.452,27.6,1,austin nola,Austin Nola,SD,C,2350000.0,2350000.0,2350000.0,both,0.32013465592469725,0.4141578172706151,27.6,0.0065,0.1169,0.2013,0.154,0.4255,3.4043,0.1923,2350000.0,Veteran (30-34)
Nelson Cruz,443558,/api/v1/people/443558,2023,42,SD,NL,DH,49,152,143,9,35,5,1,5,23,1,6,46,2,1,0.245,0.283,0.399,0.682,84.7,1,nelson cruz,,,,,,,left_only,0.32013465592469725,0.4141578172706151,84.7,0.0329,0.0395,0.3026,0.469,,,,,Late (35+)
Corey Dickerson,572816,/api/v1/people/572816,2023,34,WSH,NL,LF,50,152,144,12,36,7,1,2,17,0,7,28,0,1,0.25,0.283,0.354,0.637,73.9,1,corey dickerson,,,,,,,left_only,0.32013465592469725,0.4141578172706151,73.9,0.0132,0.0461,0.1842,0.34,,,,,Veteran (30-34)
Jose F Miranda,669304,/api/v1/people/669304,2023,25,MIN,AL,3B,40,152,142,12,30,4,0,3,13,0,9,24,1,0,0.211,0.263,0.303,0.566,55.3,1,jose miranda,Jose Miranda,MIN,SS,727850.0,520429.0,727850.0,both,0.32013465592469725,0.4141578172706151,55.3,0.0197,0.0592,0.1579,0.325,4.1217,17.8608,0.7776,242617.0,Prime (25-29)
Michael Toglia,669911,/api/v1/people/669911,2023,24,COL,NL,1B,45,152,141,18,23,5,0,4,9,1,10,50,1,0,0.163,0.224,0.284,0.508,38.5,1,michael toglia,Michael Toglia,COL,1B,720000.0,255484.0,720000.0,both,0.32013465592469725,0.4141578172706151,38.5,0.0263,0.0658,0.3289,0.2,5.5556,12.5,0.7056,180000.0,U25
Carson Kelly,608348,/api/v1/people/608348,2023,28,DET,AL,C,52,151,136,13,28,5,0,2,13,1,14,40,0,1,0.206,0.278,0.287,0.565,56.1,2,carson kelly,Carson Kelly,DET,C,720000.0,166453.0,720000.0,both,0.32013465592469725,0.4141578172706151,56.1,0.0132,0.0927,0.2649,0.25,2.7778,18.0556,0.7847,360000.0,Prime (25-29)
Jonathan Schoop,570731,/api/v1/people/570731,2023,31,DET,AL,2B,55,151,136,15,29,8,0,0,7,0,13,37,0,2,0.213,0.278,0.272,0.55,52.5,1,jonathan schoop,,,,,,,left_only,0.32013465592469725,0.4141578172706151,52.5,0.0,0.0861,0.245,0.127,,,,,Veteran (30-34)
José Barrero,676480,/api/v1/people/676480,2023,25,CIN,NL,SS,46,149,133,15,29,8,0,2,17,3,15,44,0,1,0.218,0.295,0.323,0.618,70.1,1,jose barrero,Jose Barrero,CIN,SS,730000.0,310075.0,730000.0,both,0.32013465592469725,0.4141578172706151,70.1,0.0134,0.1007,0.2953,0.37,2.7397,23.2877,0.8466,365000.0,Prime (25-29)
Willie Calhoun,641432,/api/v1/people/641432,2023,28,NYY,AL,DH,44,149,134,16,32,7,0,5,16,0,14,20,0,1,0.239,0.309,0.403,0.712,93.8,1,willie calhoun,,,,,,,left_only,0.32013465592469725,0.4141578172706151,93.8,0.0336,0.094,0.1342,0.364,,,,,Prime (25-29)
Cam Gallagher,595956,/api/v1/people/595956,2023,30,CLE,AL,C,56,149,143,6,18,6,0,0,7,0,4,46,1,1,0.126,0.154,0.168,0.322,-11.3,1,cam gallagher,Cam Gallagher,CLE,C,1250000.0,1250000.0,1250000.0,both,0.32013465592469725,0.4141578172706151,-11.3,0.0,0.0268,0.3087,0.125,0.0,5.6,0.2576,,Veteran (30-34)
Miles Mastrobuoni,670156,/api/v1/people/670156,2023,27,CHC,NL,3B,61,149,133,24,32,5,0,1,5,13,13,32,0,0,0.241,0.308,0.301,0.609,68.9,1,miles mastrobuoni,Miles Mastrobuoni,CHC,LF,720500.0,402896.0,720500.0,both,0.32013465592469725,0.4141578172706151,68.9,0.0067,0.0872,0.2148,0.082,1.3879,6.9396,0.8452,720500.0,Prime (25-29)
Enmanuel Valdez,665839,/api/v1/people/665839,2023,24,BOS,AL,2B,49,149,139,17,37,8,0,6,19,5,8,37,1,0,0.266,0.311,0.453,0.764,106.5,1,enmanuel valdez,Enmanuel Valdez,BOS,2B,720000.0,255486.0,720000.0,both,0.32013465592469725,0.4141578172706151,106.5,0.0403,0.0537,0.2483,0.388,8.3333,26.3889,1.0611,120000.0,U25
Kody Clemens,665019,/api/v1/people/665019,2023,27,PHI,NL,1B,49,148,139,15,32,7,0,4,13,0,8,40,1,0,0.23,0.277,0.367,0.644,75.1,1,kody clemens,Kody Clemens,PHI,2B,720000.0,332906.0,720000.0,both,0.32013465592469725,0.4141578172706151,75.1,0.027,0.0541,0.2703,0.265,5.5556,18.0556,0.8944,180000.0,Prime (25-29)
Billy McKinney,641856,/api/v1/people/641856,2023,28,NYY,AL,LF,48,147,128,19,29,3,1,6,14,1,17,39,1,1,0.227,0.32,0.406,0.726,98.0,1,billy mckinney,Billy McKinney,NYY,OF,720000.0,449036.0,720000.0,both,0.32013465592469725,0.4141578172706151,98.0,0.0408,0.1156,0.2653,0.292,8.3333,19.4444,1.0083,120000.0,Prime (25-29)
Omar Narváez,553882,/api/v1/people/553882,2023,31,NYM,NL,C,49,146,128,12,27,5,0,2,7,0,14,27,0,3,0.211,0.283,0.297,0.58,60.1,1,omar narvaez,Omar Narváez,NYM,C,8000000.0,8000000.0,8000000.0,both,0.32013465592469725,0.4141578172706151,60.1,0.0137,0.0959,0.1849,0.143,0.25,0.875,0.0725,4000000.0,Veteran (30-34)
Kevin Smith,675656,/api/v1/people/675656,2023,26,OAK,AL,SS,49,146,135,15,25,4,0,5,11,1,5,51,1,0,0.185,0.22,0.326,0.546,47.4,1,kevin smith,Kevin Smith,OAK,SS,720000.0,449036.0,720000.0,both,0.32013465592469725,0.4141578172706151,47.4,0.0342,0.0342,0.3493,0.224,6.9444,15.2778,0.7583,144000.0,Prime (25-29)
Parker Meadows,678009,/api/v1/people/678009,2023,23,DET,AL,CF,37,145,125,19,29,4,2,3,13,8,17,37,2,1,0.232,0.331,0.368,0.699,92.2,1,parker meadows,Parker Meadows,DET,OF,720000.0,162580.0,720000.0,both,0.32013465592469725,0.4141578172706151,92.2,0.0207,0.1172,0.2552,0.351,4.1667,18.0556,0.9708,240000.0,U25
Austin Wynns,642851,/api/v1/people/642851,2023,32,COL,NL,C,51,145,130,11,27,6,0,1,10,1,9,39,2,1,0.208,0.268,0.277,0.545,50.6,3,austin wynns,Austin Wynns,COL,C,720000.0,576779.0,720000.0,both,0.32013465592469725,0.4141578172706151,50.6,0.0069,0.0621,0.269,0.196,1.3889,13.8889,0.7569,720000.0,Veteran (30-34)
AJ Pollock,572041,/api/v1/people/572041,2023,35,SF,NL,LF,54,144,133,15,22,4,0,5,15,0,9,32,0,2,0.165,0.215,0.308,0.523,41.5,2,aj pollock,,,,,,,left_only,0.32013465592469725,0.4141578172706151,41.5,0.0347,0.0625,0.2222,0.278,,,,,Late (35+)
Wil Myers,571976,/api/v1/people/571976,2023,32,CIN,NL,RF,37,141,127,11,24,3,0,3,12,2,12,48,0,1,0.189,0.257,0.283,0.54,48.6,1,wil myers,,,,,,,left_only,0.32013465592469725,0.4141578172706151,48.6,0.0213,0.0851,0.3404,0.324,,,,,Veteran (30-34)
Davis Schneider,676914,/api/v1/people/676914,2023,24,TOR,AL,2B,35,141,116,23,32,12,1,8,20,1,21,43,4,0,0.276,0.404,0.603,1.007,171.8,1,davis schneider,Davis Schneider,TOR,3B,720000.0,224518.0,720000.0,both,0.32013465592469725,0.4141578172706151,171.8,0.0567,0.1489,0.305,0.571,11.1111,27.7778,1.3986,90000.0,U25
David Villar,681584,/api/v1/people/681584,2023,26,SF,NL,2B,46,140,124,15,18,6,0,5,12,1,11,45,4,1,0.145,0.236,0.315,0.551,49.8,1,david villar,David Villar,SF,3B,723750.0,287934.0,723750.0,both,0.32013465592469725,0.4141578172706151,49.8,0.0357,0.0786,0.3214,0.261,6.9085,16.5803,0.7613,144750.0,Prime (25-29)
Mike Zunino,572287,/api/v1/people/572287,2023,32,CLE,AL,C,42,140,124,11,22,7,0,3,11,0,15,61,1,0,0.177,0.271,0.306,0.577,58.5,1,mike zunino,,,,,,,left_only,0.32013465592469725,0.4141578172706151,58.5,0.0214,0.1071,0.4357,0.262,,,,,Veteran (30-34)
Matthew Batten,676946,/api/v1/people/676946,2023,28,SD,NL,2B,43,139,120,19,31,6,0,2,11,2,17,30,1,0,0.258,0.355,0.358,0.713,97.3,1,matthew batten,Matthew Batten,SD,SS,720000.0,274841.0,720000.0,both,0.32013465592469725,0.4141578172706151,97.3,0.0144,0.1223,0.2158,0.256,2.7778,15.2778,0.9903,360000.0,Prime (25-29)
Ryan McKenna,663630,/api/v1/people/663630,2023,26,BAL,AL,RF,89,139,122,23,31,7,0,2,18,5,9,40,3,2,0.254,0.316,0.361,0.677,85.9,1,ryan mckenna,Ryan McKenna,BAL,CF,725800.0,577496.0,725800.0,both,0.32013465592469725,0.4141578172706151,85.9,0.0144,0.0647,0.2878,0.202,2.7556,24.8002,0.9328,362900.0,Prime (25-29)
Dairon Blanco,680118,/api/v1/people/680118,2023,30,KC,AL,LF,69,138,124,19,32,7,4,3,18,24,10,33,2,0,0.258,0.324,0.452,0.776,110.3,1,dairon blanco,Dairon Blanco,KC,OF,720000.0,429681.0,720000.0,both,0.32013465592469725,0.4141578172706151,110.3,0.0217,0.0725,0.2391,0.261,4.1667,25.0,1.0778,240000.0,Veteran (30-34)
Tyler Soderstrom,691016,/api/v1/people/691016,2023,21,OAK,AL,DH,45,138,125,9,20,1,0,3,7,0,11,43,1,1,0.16,0.232,0.24,0.472,30.4,1,tyler soderstrom,Tyler Soderstrom,OAK,DH/C/1B,720000.0,267099.0,720000.0,both,0.32013465592469725,0.4141578172706151,30.4,0.0217,0.0797,0.3116,0.156,4.1667,9.7222,0.6556,240000.0,U25
Masyn Winn,691026,/api/v1/people/691026,2023,21,STL,NL,SS,37,137,122,8,21,2,0,2,12,2,10,26,0,3,0.172,0.23,0.238,0.468,29.3,1,masyn winn,Masyn Winn,STL,SS,720000.0,170324.0,720000.0,both,0.32013465592469725,0.4141578172706151,29.3,0.0146,0.073,0.1898,0.324,2.7778,16.6667,0.65,360000.0,U25
Rafael Ortega,542364,/api/v1/people/542364,2023,32,NYM,NL,CF,47,136,114,16,25,3,0,1,8,6,20,33,1,0,0.219,0.341,0.272,0.613,72.2,1,rafael ortega,Rafael Ortega,NYM,OF/DH,720000.0,236131.0,720000.0,both,0.32013465592469725,0.4141578172706151,72.2,0.0074,0.1471,0.2426,0.17,1.3889,11.1111,0.8514,720000.0,Veteran (30-34)
Nolan Schanuel,694384,/api/v1/people/694384,2023,21,LAA,AL,1B,29,132,109,19,30,3,0,1,6,0,20,19,3,0,0.275,0.402,0.33,0.732,105.3,1,nolan schanuel,Nolan Schanuel,LAA,1B,720000.0,170324.0,720000.0,both,0.32013465592469725,0.4141578172706151,105.3,0.0076,0.1515,0.1439,0.207,1.3889,8.3333,1.0167,720000.0,U25
Brett Wisely,689172,/api/v1/people/689172,2023,24,SF,NL,2B,51,131,120,10,21,5,0,2,8,2,9,40,0,1,0.175,0.231,0.267,0.498,36.6,1,brett wisely,Brett Wisely,SF,2B,720000.0,290322.0,720000.0,both,0.32013465592469725,0.4141578172706151,36.6,0.0153,0.0687,0.3053,0.157,2.7778,11.1111,0.6917,360000.0,U25
Lawrence Butler,671732,/api/v1/people/671732,2023,22,OAK,AL,CF,42,129,123,10,26,4,0,4,10,0,4,35,1,1,0.211,0.24,0.341,0.581,57.3,1,lawrence butler,Lawrence Butler,OAK,OF,720000.0,197421.0,720000.0,both,0.32013465592469725,0.4141578172706151,57.3,0.031,0.031,0.2713,0.238,5.5556,13.8889,0.8069,180000.0,U25
Nick Gonzales,693304,/api/v1/people/693304,2023,24,PIT,NL,2B,35,128,115,12,24,8,1,2,13,0,6,36,4,2,0.209,0.268,0.348,0.616,67.7,1,nick gonzales,Nick Gonzales,PIT,SS,720000.0,178066.0,720000.0,both,0.32013465592469725,0.4141578172706151,67.7,0.0156,0.0469,0.2812,0.371,2.7778,18.0556,0.8556,360000.0,U25
Victor Robles,645302,/api/v1/people/645302,2023,26,WSH,NL,CF,36,126,107,15,32,5,1,0,8,8,11,18,4,0,0.299,0.385,0.364,0.749,108.2,1,victor robles,Victor Robles,WSH,CF,2325000.0,2325000.0,2325000.0,both,0.32013465592469725,0.4141578172706151,108.2,0.0,0.0873,0.1429,0.222,0.0,3.4409,0.3222,,Prime (25-29)
Garrett Stubbs,596117,/api/v1/people/596117,2023,30,PHI,NL,C,41,125,113,15,23,4,1,1,12,2,9,29,2,0,0.204,0.274,0.283,0.557,53.9,1,garrett stubbs,Garrett Stubbs,PHI,C,741000.0,741000.0,741000.0,both,0.32013465592469725,0.4141578172706151,53.9,0.008,0.072,0.232,0.293,1.3495,16.1943,0.7517,741000.0,Veteran (30-34)
Tucker Barnhart,571466,/api/v1/people/571466,2023,32,CHC,NL,C,47,123,109,6,22,3,0,1,9,1,12,42,1,1,0.202,0.285,0.257,0.542,51.1,1,tucker barnhart,,,,,,,left_only,0.32013465592469725,0.4141578172706151,51.1,0.0081,0.0976,0.3415,0.191,,,,,Veteran (30-34)
Noelvi Marte,682622,/api/v1/people/682622,2023,21,CIN,NL,3B,35,123,114,15,36,7,0,3,15,6,8,25,1,0,0.316,0.366,0.456,0.822,124.4,1,noelvi marte,Noelvi Marte,CIN,SS,720000.0,166453.0,720000.0,both,0.32013465592469725,0.4141578172706151,124.4,0.0244,0.065,0.2033,0.429,4.1667,20.8333,1.1417,240000.0,U25
Alfonso Rivas III,663845,/api/v1/people/663845,2023,26,PIT,NL,1B,48,123,109,8,25,10,1,3,15,1,9,36,3,1,0.229,0.303,0.422,0.725,96.5,2,alfonso rivas,Alfonso Rivas,PIT,1B,720000.0,236131.0,720000.0,both,0.32013465592469725,0.4141578172706151,96.5,0.0244,0.0732,0.2927,0.312,4.1667,20.8333,1.0069,240000.0,Prime (25-29)
Jacob Young,696285,/api/v1/people/696285,2023,23,WSH,NL,CF,33,121,107,9,27,7,1,0,12,13,10,22,1,0,0.252,0.322,0.336,0.658,81.7,1,jacob young,Jacob Young,WSH,OF,720000.0,142450.0,720000.0,both,0.32013465592469725,0.4141578172706151,81.7,0.0,0.0826,0.1818,0.364,0.0,16.6667,0.9139,,U25
Luis Guillorme,641645,/api/v1/people/641645,2023,28,NYM,NL,2B,54,120,107,12,24,6,1,1,9,0,10,28,0,1,0.224,0.288,0.327,0.615,68.9,1,luis guillorme,Luis Guillorme,NYM,SS,1600000.0,1600000.0,1600000.0,both,0.32013465592469725,0.4141578172706151,68.9,0.0083,0.0833,0.2333,0.167,0.625,5.625,0.3844,1600000.0,Prime (25-29)
Jose Herrera,645444,/api/v1/people/645444,2023,26,AZ,NL,C,43,120,101,15,21,5,0,0,7,1,13,30,0,1,0.208,0.296,0.257,0.553,54.5,1,jose herrera,Jose Herrera,ARI,C,724300.0,482856.0,724300.0,both,0.32013465592469725,0.4141578172706151,54.5,0.0,0.1083,0.25,0.163,0.0,9.6645,0.7635,,Prime (25-29)
Avisaíl García,541645,/api/v1/people/541645,2023,32,MIA,NL,RF,37,118,108,8,20,3,1,3,12,2,6,39,2,0,0.185,0.241,0.315,0.556,51.3,1,avisail garcia,Avisaíl García,MIA,RF,12000000.0,12000000.0,12000000.0,both,0.32013465592469725,0.4141578172706151,51.3,0.0254,0.0508,0.3305,0.324,0.25,1.0,0.0463,4000000.0,Veteran (30-34)
Ji Man Choi,596847,/api/v1/people/596847,2023,32,SD,NL,DH,39,117,104,12,17,5,0,6,13,0,10,35,1,2,0.163,0.239,0.385,0.624,67.6,2,jiman choi,Ji-Man Choi,SD,1B,4650000.0,1525000.0,4650000.0,both,0.32013465592469725,0.4141578172706151,67.6,0.0513,0.0855,0.2991,0.333,1.2903,2.7957,0.1342,775000.0,Veteran (30-34)
Jared Walsh,665120,/api/v1/people/665120,2023,29,LAA,AL,1B,39,116,104,10,13,4,0,4,11,0,11,45,1,0,0.125,0.216,0.279,0.495,34.8,1,jared walsh,Jared Walsh,LAA,1B,2650000.0,2650000.0,2650000.0,both,0.32013465592469725,0.4141578172706151,34.8,0.0345,0.0948,0.3879,0.282,1.5094,4.1509,0.1868,662500.0,Prime (25-29)
Jesús Aguilar,542583,/api/v1/people/542583,2023,33,OAK,AL,1B,36,115,104,8,23,2,0,5,9,0,8,31,1,1,0.221,0.281,0.385,0.666,80.7,1,jesus aguilar,,,,,,,left_only,0.32013465592469725,0.4141578172706151,80.7,0.0435,0.0696,0.2696,0.25,,,,,Veteran (30-34)
Josh Harrison,543281,/api/v1/people/543281,2023,35,PHI,NL,3B,41,114,103,8,21,3,0,2,10,0,3,20,6,2,0.204,0.263,0.291,0.554,52.4,1,josh harrison,,,,,,,left_only,0.32013465592469725,0.4141578172706151,52.4,0.0175,0.0263,0.1754,0.244,,,,,Late (35+)
Jackie Bradley Jr.,598265,/api/v1/people/598265,2023,33,KC,AL,CF,43,113,105,10,14,5,0,1,6,0,5,29,2,0,0.133,0.188,0.21,0.398,9.4,1,jackie bradley,Jackie Bradley Jr.,KC,CF,900000.0,362925.0,900000.0,both,0.32013465592469725,0.4141578172706151,9.4,0.0088,0.0442,0.2566,0.14,1.1111,6.6667,0.4422,900000.0,Veteran (30-34)
David Fry,681807,/api/v1/people/681807,2023,27,CLE,AL,C,58,113,101,12,24,6,0,4,15,2,8,30,4,0,0.238,0.319,0.416,0.735,100.1,1,david fry,David Fry,CLE,C,720000.0,592263.0,720000.0,both,0.32013465592469725,0.4141578172706151,100.1,0.0354,0.0708,0.2655,0.259,5.5556,20.8333,1.0208,180000.0,Prime (25-29)
Yu Chang,644374,/api/v1/people/644374,2023,27,BOS,AL,SS,39,112,105,12,17,2,0,6,18,4,3,34,2,0,0.162,0.2,0.352,0.552,47.5,1,yu chang,,,,,,,left_only,0.32013465592469725,0.4141578172706151,47.5,0.0536,0.0268,0.3036,0.462,,,,,Prime (25-29)
Alika Williams,675961,/api/v1/people/675961,2023,24,PIT,NL,SS,46,112,101,7,20,5,0,0,6,0,9,35,1,0,0.198,0.27,0.248,0.518,44.2,1,alika williams,Alika Williams,PIT,SS,720000.0,243873.0,720000.0,both,0.32013465592469725,0.4141578172706151,44.2,0.0,0.0804,0.3125,0.13,0.0,8.3333,0.7194,,U25
Tyler Nevin,663527,/api/v1/people/663527,2023,26,DET,AL,3B,41,111,95,11,19,3,1,2,10,0,12,25,3,1,0.2,0.306,0.316,0.622,71.9,1,tyler nevin,Tyler Nevin,DET,3B,723000.0,307073.0,723000.0,both,0.32013465592469725,0.4141578172706151,71.9,0.018,0.1081,0.2252,0.244,2.7663,13.8313,0.8603,361500.0,Prime (25-29)
Sam Haggerty,664059,/api/v1/people/664059,2023,29,SEA,AL,X,52,108,91,13,23,3,1,1,5,10,15,17,1,0,0.253,0.364,0.341,0.705,96.0,1,sam haggerty,Sam Haggerty,SEA,2B,726600.0,425754.0,726600.0,both,0.32013465592469725,0.4141578172706151,96.0,0.0093,0.1389,0.1574,0.096,1.3763,6.8814,0.9703,726600.0,Prime (25-29)
Ronny Mauricio,677595,/api/v1/people/677595,2023,22,NYM,NL,2B,26,108,101,11,25,4,0,2,9,7,7,31,0,0,0.248,0.296,0.347,0.643,76.2,1,ronny mauricio,Ronny Mauricio,NYM,2B,720000.0,116130.0,720000.0,both,0.32013465592469725,0.4141578172706151,76.2,0.0185,0.0648,0.287,0.346,2.7778,12.5,0.8931,360000.0,U25
Jonah Bride,681146,/api/v1/people/681146,2023,27,OAK,AL,3B,40,106,88,9,15,3,0,0,7,0,11,22,4,2,0.17,0.286,0.205,0.491,38.8,1,jonah bride,Jonah Bride,OAK,3B,720000.0,282583.0,720000.0,both,0.32013465592469725,0.4141578172706151,38.8,0.0,0.1038,0.2075,0.175,0.0,9.7222,0.6819,,Prime (25-29)
René Pinto,650907,/api/v1/people/650907,2023,26,TB,AL,C,39,105,103,10,26,3,0,6,16,0,2,34,0,0,0.252,0.267,0.456,0.723,93.5,1,rene pinto,René Pinto,TB,C,720000.0,278712.0,720000.0,both,0.32013465592469725,0.4141578172706151,93.5,0.0571,0.019,0.3238,0.41,8.3333,22.2222,1.0042,120000.0,Prime (25-29)
Jon Singleton,572138,/api/v1/people/572138,2023,31,HOU,AL,1B,36,105,91,11,15,3,0,2,12,0,13,23,0,1,0.165,0.267,0.264,0.531,47.1,2,jon singleton,Jon Singleton,HOU,1B,720000.0,209034.0,720000.0,both,0.32013465592469725,0.4141578172706151,47.1,0.019,0.1238,0.219,0.333,2.7778,16.6667,0.7375,360000.0,Veteran (30-34)
Jonathan Davis,641505,/api/v1/people/641505,2023,31,MIA,NL,CF,34,104,90,22,22,4,1,2,10,1,7,29,2,2,0.244,0.307,0.378,0.685,87.2,1,jonathan davis,Jonathan Davis,MIA,CF,720000.0,507101.0,720000.0,both,0.32013465592469725,0.4141578172706151,87.2,0.0192,0.0673,0.2788,0.294,2.7778,13.8889,0.9514,360000.0,Veteran (30-34)
Jonathan Aranda,666018,/api/v1/people/666018,2023,25,TB,AL,DH,34,103,87,13,20,4,1,2,13,0,13,31,2,1,0.23,0.34,0.368,0.708,95.1,1,jonathan aranda,Jonathan Aranda,TB,1B,720000.0,205163.0,720000.0,both,0.32013465592469725,0.4141578172706151,95.1,0.0194,0.1262,0.301,0.382,2.7778,18.0556,0.9833,360000.0,Prime (25-29)
Everson Pereira,677592,/api/v1/people/677592,2023,22,NYY,AL,LF,27,103,93,6,14,4,0,0,10,4,8,40,2,0,0.151,0.233,0.194,0.427,19.6,1,everson pereira,Everson Pereira,NYY,OF,720000.0,154840.0,720000.0,both,0.32013465592469725,0.4141578172706151,19.6,0.0,0.0777,0.3883,0.37,0.0,13.8889,0.5931,,U25
José Azócar,640492,/api/v1/people/640492,2023,27,SD,NL,RF,55,102,91,16,21,6,0,2,9,8,4,24,2,0,0.231,0.278,0.363,0.641,74.5,1,jose azocar,Jose Azocar,SD,OF,723700.0,463029.0,723700.0,both,0.32013465592469725,0.4141578172706151,74.5,0.0196,0.0392,0.2353,0.164,2.7636,12.4361,0.8857,361850.0,Prime (25-29)
Dominic Fletcher,666150,/api/v1/people/666150,2023,25,AZ,NL,CF,28,102,93,10,28,5,1,2,14,0,7,22,0,0,0.301,0.35,0.441,0.791,115.8,1,dominic fletcher,Dominic Fletcher,ARI,OF,720000.0,236131.0,720000.0,both,0.32013465592469725,0.4141578172706151,115.8,0.0196,0.0686,0.2157,0.5,2.7778,19.4444,1.0986,360000.0,Prime (25-29)
Richie Palacios,680700,/api/v1/people/680700,2023,26,STL,NL,LF,32,102,93,9,24,6,0,6,16,2,6,11,1,1,0.258,0.307,0.516,0.823,120.5,1,richie palacios,,,,,,,left_only,0.32013465592469725,0.4141578172706151,120.5,0.0588,0.0588,0.1078,0.5,,,,,Prime (25-29)
Eric Hosmer,543333,/api/v1/people/543333,2023,33,CHC,NL,1B,31,100,94,7,22,3,0,2,14,0,6,25,0,0,0.234,0.28,0.33,0.61,67.1,1,eric hosmer,,,,,,,left_only,0.32013465592469725,0.4141578172706151,67.1,0.02,0.06,0.25,0.452,,,,,Veteran (30-34)
Cade Marlowe,687799,/api/v1/people/687799,2023,26,SEA,AL,LF,34,100,88,14,21,3,2,3,11,4,12,33,0,0,0.239,0.33,0.42,0.75,104.5,1,cade marlowe,Cade Marlowe,SEA,LF,720000.0,205163.0,720000.0,both,0.32013465592469725,0.4141578172706151,104.5,0.03,0.12,0.33,0.324,4.1667,15.2778,1.0417,240000.0,Prime (25-29)
Luken Baker,663609,/api/v1/people/663609,2023,26,STL,NL,DH,33,99,86,9,18,3,0,2,10,0,13,31,0,0,0.209,0.313,0.314,0.627,73.6,1,luken baker,Luken Baker,STL,1B,720000.0,301938.0,720000.0,both,0.32013465592469725,0.4141578172706151,73.6,0.0202,0.1313,0.3131,0.303,2.7778,13.8889,0.8708,360000.0,Prime (25-29)
Matt Mervis,670223,/api/v1/people/670223,2023,25,CHC,NL,1B,27,99,90,8,15,2,0,3,11,0,8,32,1,0,0.167,0.242,0.289,0.531,45.4,1,matt mervis,Matt Mervis,CHC,1B,720000.0,158711.0,720000.0,both,0.32013465592469725,0.4141578172706151,45.4,0.0303,0.0808,0.3232,0.407,4.1667,15.2778,0.7375,240000.0,Prime (25-29)
David Fletcher,664058,/api/v1/people/664058,2023,29,LAA,AL,SS,33,97,89,7,22,1,0,2,12,0,7,9,0,0,0.247,0.302,0.326,0.628,73.0,1,david fletcher,David Fletcher,LAA,SS,6000000.0,6000000.0,6000000.0,both,0.32013465592469725,0.4141578172706151,73.0,0.0206,0.0722,0.0928,0.364,0.3333,2.0,0.1047,3000000.0,Prime (25-29)
Romy Gonzalez,663853,/api/v1/people/663853,2023,26,CWS,AL,2B,44,97,93,11,18,4,2,3,14,7,2,36,0,1,0.194,0.208,0.376,0.584,55.8,1,romy gonzalez,Romy Gonzalez,CHW,2B,723000.0,723000.0,723000.0,both,0.32013465592469725,0.4141578172706151,55.8,0.0309,0.0206,0.3711,0.318,4.1494,19.3638,0.8077,241000.0,Prime (25-29)
Curt Casali,592200,/api/v1/people/592200,2023,34,CIN,NL,C,40,96,80,8,14,2,0,0,6,0,11,23,2,0,0.175,0.29,0.2,0.49,38.9,1,curt casali,Curt Casali,CIN,C,2500000.0,2500000.0,2500000.0,both,0.32013465592469725,0.4141578172706151,38.9,0.0,0.1146,0.2396,0.15,0.0,2.4,0.196,,Veteran (30-34)
Michael Chavis,656308,/api/v1/people/656308,2023,27,WSH,NL,X,48,96,91,16,22,3,0,2,5,1,5,33,0,0,0.242,0.281,0.341,0.622,70.1,1,michael chavis,Michael Chavis,WSH,2B,1000000.0,1000000.0,1000000.0,both,0.32013465592469725,0.4141578172706151,70.1,0.0208,0.0521,0.3438,0.104,2.0,5.0,0.622,500000.0,Prime (25-29)
Joey Bart,663698,/api/v1/people/663698,2023,26,SF,NL,C,30,95,87,9,18,5,0,0,5,0,3,23,4,1,0.207,0.263,0.264,0.527,45.9,1,joey bart,Joey Bart,SF,C,735000.0,328016.0,735000.0,both,0.32013465592469725,0.4141578172706151,45.9,0.0,0.0316,0.2421,0.167,0.0,6.8027,0.717,,Prime (25-29)
Cristian Pache,665506,/api/v1/people/665506,2023,24,PHI,NL,LF,48,95,84,12,20,7,1,2,11,2,10,27,0,0,0.238,0.319,0.417,0.736,100.3,1,cristian pache,Cristian Pache,PHI,CF,720000.0,720000.0,720000.0,both,0.32013465592469725,0.4141578172706151,100.3,0.0211,0.1053,0.2842,0.229,2.7778,15.2778,1.0222,360000.0,U25
Osleivis Basabe,678545,/api/v1/people/678545,2023,22,TB,AL,SS,31,94,87,15,19,5,0,1,12,0,6,25,1,0,0.218,0.277,0.31,0.587,61.4,1,osleivis basabe,Osleivis Basabe,TB,SS,720000.0,189679.0,720000.0,both,0.32013465592469725,0.4141578172706151,61.4,0.0106,0.0638,0.266,0.387,1.3889,16.6667,0.8153,720000.0,U25
David Hensley,682073,/api/v1/people/682073,2023,27,HOU,AL,DH,30,94,84,12,10,1,0,1,3,1,10,35,0,0,0.119,0.213,0.167,0.38,6.9,1,david hensley,David Hensley,HOU,SS,722600.0,318570.0,722600.0,both,0.32013465592469725,0.4141578172706151,6.9,0.0106,0.1064,0.3723,0.1,1.3839,4.1517,0.5259,722600.0,Prime (25-29)
Carter Kieboom,666198,/api/v1/people/666198,2023,25,WSH,NL,3B,27,94,87,12,18,2,0,4,11,0,6,27,1,0,0.207,0.266,0.368,0.634,71.9,1,carter kieboom,Carter Kieboom,WSH,3B,733400.0,323326.0,733400.0,both,0.32013465592469725,0.4141578172706151,71.9,0.0426,0.0638,0.2872,0.407,5.454,14.9986,0.8645,183350.0,Prime (25-29)
Andrew Velazquez,623205,/api/v1/people/623205,2023,28,LAA,AL,SS,54,94,81,12,14,3,0,2,3,13,10,30,0,0,0.173,0.264,0.284,0.548,51.0,1,andrew velazquez,Andrew Velazquez,ATL,3B,720000.0,,720000.0,both,0.32013465592469725,0.4141578172706151,51.0,0.0213,0.1064,0.3191,0.056,2.7778,4.1667,0.7611,360000.0,Prime (25-29)
Nick Gordon,624503,/api/v1/people/624503,2023,27,MIN,AL,CF,34,93,91,13,16,5,1,2,7,0,1,11,0,0,0.176,0.185,0.319,0.504,34.8,1,nick gordon,Nick Gordon,MIN,SS,735400.0,735400.0,735400.0,both,0.32013465592469725,0.4141578172706151,34.8,0.0215,0.0108,0.1183,0.206,2.7196,9.5186,0.6853,367700.0,Prime (25-29)
Curtis Mead,678554,/api/v1/people/678554,2023,22,TB,AL,3B,24,92,83,12,21,3,1,1,5,0,7,21,2,0,0.253,0.326,0.349,0.675,86.1,1,curtis mead,Curtis Mead,TB,3B,720000.0,224518.0,720000.0,both,0.32013465592469725,0.4141578172706151,86.1,0.0109,0.0761,0.2283,0.208,1.3889,6.9444,0.9375,720000.0,U25
Hunter Dozier,641531,/api/v1/people/641531,2023,31,KC,AL,3B,29,91,82,8,15,2,1,2,9,2,8,29,0,1,0.183,0.253,0.305,0.558,52.7,1,hunter dozier,,,,,,,left_only,0.32013465592469725,0.4141578172706151,52.7,0.022,0.0879,0.3187,0.31,,,,,Veteran (30-34)
Hanser Alberto,593643,/api/v1/people/593643,2023,30,CWS,AL,3B,30,90,82,11,18,5,0,3,16,0,4,13,1,1,0.22,0.261,0.39,0.651,75.7,1,hanser alberto,,,,,,,left_only,0.32013465592469725,0.4141578172706151,75.7,0.0333,0.0444,0.1444,0.533,,,,,Veteran (30-34)
Miguel Andujar,609280,/api/v1/people/609280,2023,28,PIT,NL,RF,30,90,84,9,21,7,0,4,18,2,6,13,0,0,0.25,0.3,0.476,0.776,108.6,1,miguel andujar,Miguel Andujar,PIT,3B,1525000.0,1525000.0,1525000.0,both,0.32013465592469725,0.4141578172706151,108.6,0.0444,0.0667,0.1444,0.6,2.623,11.8033,0.5089,381250.0,Prime (25-29)
Jordan Luplow,656669,/api/v1/people/656669,2023,29,MIN,AL,LF,39,90,77,11,16,3,0,2,5,2,12,27,1,0,0.208,0.322,0.325,0.647,79.1,2,jordan luplow,Jordan Luplow,MIN,RF,1400000.0,436566.0,1400000.0,both,0.32013465592469725,0.4141578172706151,79.1,0.0222,0.1333,0.3,0.128,1.4286,3.5714,0.4621,700000.0,Prime (25-29)
Ceddanne Rafaela,678882,/api/v1/people/678882,2023,22,BOS,AL,CF,28,89,83,11,20,6,0,2,5,3,4,28,1,1,0.241,0.281,0.386,0.667,81.0,1,ceddanne rafaela,Ceddanne Rafaela,BOS,OF,720000.0,131614.0,720000.0,both,0.32013465592469725,0.4141578172706151,81.0,0.0225,0.0449,0.3146,0.179,2.7778,6.9444,0.9264,360000.0,U25
Conner Capel,668843,/api/v1/people/668843,2023,26,OAK,AL,RF,32,86,73,6,19,5,0,0,3,5,12,25,1,0,0.26,0.372,0.329,0.701,95.6,1,conner capel,Conner Capel,OAK,RF,720000.0,178066.0,720000.0,both,0.32013465592469725,0.4141578172706151,95.6,0.0,0.1395,0.2907,0.094,0.0,4.1667,0.9736,,Prime (25-29)
Brandon Dixon,641525,/api/v1/people/641525,2023,31,SD,NL,1B,33,86,79,10,16,4,0,2,9,1,1,31,4,2,0.203,0.244,0.329,0.573,55.7,1,brandon dixon,Brandon Dixon,SD,1B,720000.0,313551.0,720000.0,both,0.32013465592469725,0.4141578172706151,55.7,0.0233,0.0116,0.3605,0.273,2.7778,12.5,0.7958,360000.0,Veteran (30-34)
Henry Ramos,592656,/api/v1/people/592656,2023,31,CIN,NL,RF,23,86,74,9,18,3,1,0,5,2,11,21,1,0,0.243,0.349,0.311,0.66,84.1,1,henry ramos,Henry Ramos,CIN,OF,720000.0,236131.0,720000.0,both,0.32013465592469725,0.4141578172706151,84.1,0.0,0.1279,0.2442,0.217,0.0,6.9444,0.9167,,Veteran (30-34)
Brayan Rocchio,677587,/api/v1/people/677587,2023,22,CLE,AL,SS,23,86,81,9,20,6,0,0,8,0,4,27,0,1,0.247,0.279,0.321,0.6,64.7,1,brayan rocchio,Brayan Rocchio,CLE,SS,720000.0,143225.0,720000.0,both,0.32013465592469725,0.4141578172706151,64.7,0.0,0.0465,0.314,0.348,0.0,11.1111,0.8333,,U25
Brett Sullivan,664954,/api/v1/people/664954,2023,29,SD,NL,C,33,86,81,7,17,3,0,1,6,0,4,19,0,1,0.21,0.244,0.284,0.528,44.8,1,brett sullivan,Brett Sullivan,SD,C,720000.0,305809.0,720000.0,both,0.32013465592469725,0.4141578172706151,44.8,0.0116,0.0465,0.2209,0.182,1.3889,8.3333,0.7333,720000.0,Prime (25-29)
Wilyer Abreu,677800,/api/v1/people/677800,2023,24,BOS,AL,LF,28,85,76,10,24,6,0,2,14,3,9,23,0,0,0.316,0.388,0.474,0.862,135.6,1,wilyer abreu,Wilyer Abreu,BOS,OF,720000.0,154840.0,720000.0,both,0.32013465592469725,0.4141578172706151,135.6,0.0235,0.1059,0.2706,0.5,2.7778,19.4444,1.1972,360000.0,U25
Vidal Bruján,660644,/api/v1/people/660644,2023,25,TB,AL,2B,37,84,76,14,13,2,0,0,6,3,5,21,2,0,0.171,0.241,0.197,0.438,22.8,1,vidal brujan,Vidal Brujan,TB,2B,720000.0,178066.0,720000.0,both,0.32013465592469725,0.4141578172706151,22.8,0.0,0.0595,0.25,0.162,0.0,8.3333,0.6083,,Prime (25-29)
Xavier Edwards,669364,/api/v1/people/669364,2023,23,MIA,NL,2B,30,84,78,12,23,3,0,0,3,5,3,14,1,0,0.295,0.329,0.333,0.662,83.2,1,xavier edwards,Xavier Edwards,MIA,SS,720000.0,189679.0,720000.0,both,0.32013465592469725,0.4141578172706151,83.2,0.0,0.0357,0.1667,0.1,0.0,4.1667,0.9194,,U25
Jake Marisnick,545350,/api/v1/people/545350,2023,32,LAD,NL,CF,46,83,76,10,18,3,2,2,10,2,3,21,2,1,0.237,0.28,0.408,0.688,86.0,3,jake marisnick,Jake Marisnick,LAD,CF,720000.0,309680.0,720000.0,both,0.32013465592469725,0.4141578172706151,86.0,0.0241,0.0361,0.253,0.217,2.7778,13.8889,0.9556,360000.0,Veteran (30-34)
Taylor Motter,600301,/api/v1/people/600301,2023,33,STL,NL,2B,29,82,76,3,13,3,0,0,2,0,5,31,1,0,0.171,0.232,0.211,0.443,23.4,1,taylor motter,Taylor Motter,STL,SS,775000.0,325026.0,775000.0,both,0.32013465592469725,0.4141578172706151,23.4,0.0,0.061,0.378,0.069,0.0,2.5806,0.5716,,Veteran (30-34)
Michael Busch,683737,/api/v1/people/683737,2023,25,LAD,NL,3B,27,81,72,9,12,3,0,2,7,1,8,27,0,1,0.167,0.247,0.292,0.539,47.7,1,michael busch,Michael Busch,LAD,2B,720000.0,174193.0,720000.0,both,0.32013465592469725,0.4141578172706151,47.7,0.0247,0.0988,0.3333,0.259,2.7778,9.7222,0.7486,360000.0,Prime (25-29)
Yonathan Daza,602074,/api/v1/people/602074,2023,29,COL,NL,CF,24,80,74,8,20,6,0,0,7,1,3,13,1,1,0.27,0.304,0.351,0.655,79.7,1,yonathan daza,Yonathan Daza,COL,RF,730000.0,145225.0,730000.0,both,0.32013465592469725,0.4141578172706151,79.7,0.0,0.0375,0.1625,0.292,0.0,9.589,0.8973,,Prime (25-29)
Vaughn Grissom,687093,/api/v1/people/687093,2023,22,ATL,NL,SS,23,80,75,5,21,3,1,0,9,0,2,15,2,1,0.28,0.313,0.347,0.66,81.6,1,vaughn grissom,Vaughn Grissom,ATL,SS,720000.0,139356.0,720000.0,both,0.32013465592469725,0.4141578172706151,81.6,0.0,0.025,0.1875,0.391,0.0,12.5,0.9167,,U25
Nick Martini,605361,/api/v1/people/605361,2023,33,CIN,NL,LF,29,79,72,10,19,3,1,6,16,0,5,15,2,0,0.264,0.329,0.583,0.912,143.5,1,nick martini,Nick Martini,CIN,RF,720000.0,154840.0,720000.0,both,0.32013465592469725,0.4141578172706151,143.5,0.0759,0.0633,0.1899,0.552,8.3333,22.2222,1.2667,120000.0,Veteran (30-34)
Ben Rortvedt,666163,/api/v1/people/666163,2023,25,NYY,AL,C,32,79,68,6,8,1,0,2,4,0,11,19,0,0,0.118,0.241,0.221,0.462,28.6,1,ben rortvedt,Ben Rortvedt,NYY,C,730000.0,498475.0,730000.0,both,0.32013465592469725,0.4141578172706151,28.6,0.0253,0.1392,0.2405,0.125,2.7397,5.4795,0.6329,365000.0,Prime (25-29)
Mike Brosseau,670712,/api/v1/people/670712,2023,29,MIL,NL,3B,29,78,73,4,15,2,0,4,8,0,4,20,1,0,0.205,0.256,0.397,0.653,75.8,1,mike brosseau,,,,,,,left_only,0.32013465592469725,0.4141578172706151,75.8,0.0513,0.0513,0.2564,0.276,,,,,Prime (25-29)
Sam Hilliard,656541,/api/v1/people/656541,2023,29,ATL,NL,CF,40,78,72,15,17,5,0,3,6,4,6,33,0,0,0.236,0.295,0.431,0.726,96.2,1,sam hilliard,Sam Hilliard,ATL,CF,750000.0,750000.0,750000.0,both,0.32013465592469725,0.4141578172706151,96.2,0.0385,0.0769,0.4231,0.15,4.0,8.0,0.968,250000.0,Prime (25-29)
Colton Cowser,681297,/api/v1/people/681297,2023,23,BAL,AL,RF,26,77,61,15,7,2,0,0,4,1,13,22,2,1,0.115,0.286,0.148,0.434,25.1,1,colton cowser,Colton Cowser,BAL,OF,720000.0,162582.0,720000.0,both,0.32013465592469725,0.4141578172706151,25.1,0.0,0.1688,0.2857,0.154,0.0,5.5556,0.6028,,U25
Hunter Goodman,696100,/api/v1/people/696100,2023,23,COL,NL,RF,23,77,70,6,14,4,3,1,17,1,5,24,0,2,0.2,0.247,0.386,0.633,70.4,1,hunter goodman,Hunter Goodman,COL,C,720000.0,139354.0,720000.0,both,0.32013465592469725,0.4141578172706151,70.4,0.013,0.0649,0.3117,0.739,1.3889,23.6111,0.8792,720000.0,U25
Clint Frazier,640449,/api/v1/people/640449,2023,28,CWS,AL,RF,33,76,66,10,13,1,1,0,3,4,10,23,0,0,0.197,0.303,0.242,0.545,53.1,1,clint frazier,Clint Frazier,CHW,OF,720000.0,166453.0,720000.0,both,0.32013465592469725,0.4141578172706151,53.1,0.0,0.1316,0.3026,0.091,0.0,4.1667,0.7569,,Prime (25-29)
Evan Carter,694497,/api/v1/people/694497,2023,20,TEX,AL,LF,23,75,62,15,19,4,1,5,12,3,12,24,0,1,0.306,0.413,0.645,1.058,184.7,1,evan carter,Evan Carter,TEX,OF,720000.0,89033.0,720000.0,both,0.32013465592469725,0.4141578172706151,184.7,0.0667,0.16,0.32,0.522,6.9444,16.6667,1.4694,144000.0,U25
Austin Wells,669224,/api/v1/people/669224,2023,23,NYY,AL,C,19,75,70,8,16,6,0,4,13,0,3,14,0,1,0.229,0.257,0.486,0.743,97.6,1,austin wells,Austin Wells,NYY,C,720000.0,116130.0,720000.0,both,0.32013465592469725,0.4141578172706151,97.6,0.0533,0.04,0.1867,0.684,5.5556,18.0556,1.0319,180000.0,U25
Luke Voit,572228,/api/v1/people/572228,2023,32,MIL,NL,1B,22,74,68,5,15,3,0,0,4,2,4,27,2,0,0.221,0.284,0.265,0.549,52.7,1,luke voit,,,,,,,left_only,0.32013465592469725,0.4141578172706151,52.7,0.0,0.0541,0.3649,0.182,,,,,Veteran (30-34)
Garrett Mitchell,669003,/api/v1/people/669003,2023,24,MIL,NL,CF,19,73,65,10,16,2,1,3,7,1,7,26,0,1,0.246,0.315,0.446,0.761,106.1,1,garrett mitchell,Garrett Mitchell,MIL,OF,724300.0,724300.0,724300.0,both,0.32013465592469725,0.4141578172706151,106.1,0.0411,0.0959,0.3562,0.368,4.1419,9.6645,1.0507,241433.0,U25
Matt Beaty,607461,/api/v1/people/607461,2023,30,KC,AL,1B,30,72,61,8,14,4,0,0,4,0,6,14,5,0,0.23,0.347,0.295,0.642,79.6,2,matt beaty,Matt Beaty,KC,3B,720000.0,197421.0,720000.0,both,0.32013465592469725,0.4141578172706151,79.6,0.0,0.0833,0.1944,0.133,0.0,5.5556,0.8917,,Veteran (30-34)
Mark Mathias,664029,/api/v1/people/664029,2023,28,SF,NL,2B,27,72,62,6,14,2,0,0,6,3,10,15,0,0,0.226,0.333,0.258,0.591,66.3,2,mark mathias,Mark Mathias,SF,2B,750000.0,209664.0,750000.0,both,0.32013465592469725,0.4141578172706151,66.3,0.0,0.1389,0.2083,0.222,0.0,8.0,0.788,,Prime (25-29)
Franchy Cordero,614173,/api/v1/people/614173,2023,28,NYY,AL,RF,24,71,69,9,13,2,0,6,13,0,2,25,0,0,0.188,0.211,0.478,0.689,81.3,1,franchy cordero,Franchy Cordero,NYY,RF,1000000.0,623616.0,1000000.0,both,0.32013465592469725,0.4141578172706151,81.3,0.0845,0.0282,0.3521,0.542,6.0,13.0,0.689,166667.0,Prime (25-29)
Estevan Florial,664314,/api/v1/people/664314,2023,25,NYY,AL,CF,19,71,61,5,14,3,1,0,8,3,7,20,2,1,0.23,0.324,0.311,0.635,76.3,1,estevan florial,Estevan Florial,NYY,OF,720000.0,77420.0,720000.0,both,0.32013465592469725,0.4141578172706151,76.3,0.0,0.0986,0.2817,0.421,0.0,11.1111,0.8819,,Prime (25-29)
Brett Phillips,621433,/api/v1/people/621433,2023,29,LAA,AL,CF,40,71,63,9,11,1,0,3,6,3,8,36,0,0,0.175,0.268,0.333,0.601,64.1,1,brett phillips,Brett Phillips,LAA,RF,1200000.0,1200000.0,1200000.0,both,0.32013465592469725,0.4141578172706151,64.1,0.0423,0.1127,0.507,0.15,2.5,5.0,0.5008,400000.0,Prime (25-29)
Michael Stefanic,683021,/api/v1/people/683021,2023,27,LAA,AL,X,25,71,62,5,18,2,1,0,6,0,8,8,1,0,0.29,0.38,0.355,0.735,104.4,1,michael stefanic,Michael Stefanic,LAA,2B,720000.0,174195.0,720000.0,both,0.32013465592469725,0.4141578172706151,104.4,0.0,0.1127,0.1127,0.24,0.0,8.3333,1.0208,,Prime (25-29)
Korey Lee,686676,/api/v1/people/686676,2023,24,CWS,AL,C,24,70,65,4,5,1,0,1,3,0,5,20,0,0,0.077,0.143,0.138,0.281,-22.0,1,korey lee,Korey Lee,CHW,C,720000.0,147098.0,720000.0,both,0.32013465592469725,0.4141578172706151,-22.0,0.0143,0.0714,0.2857,0.125,1.3889,4.1667,0.3903,720000.0,U25
Dane Myers,667472,/api/v1/people/667472,2023,27,MIA,NL,CF,22,70,67,9,18,3,0,1,9,1,2,19,0,1,0.269,0.286,0.358,0.644,75.8,1,dane myers,Dane Myers,MIA,P,720000.0,150969.0,720000.0,both,0.32013465592469725,0.4141578172706151,75.8,0.0143,0.0286,0.2714,0.409,1.3889,12.5,0.8944,720000.0,Prime (25-29)
Danny Mendick,664901,/api/v1/people/664901,2023,29,NYM,NL,2B,35,69,65,4,12,3,0,1,4,1,4,15,0,0,0.185,0.232,0.277,0.509,39.4,1,danny mendick,Danny Mendick,NYM,2B,1000000.0,435456.0,1000000.0,both,0.32013465592469725,0.4141578172706151,39.4,0.0145,0.058,0.2174,0.114,1.0,4.0,0.509,1000000.0,Prime (25-29)
Samad Taylor,669392,/api/v1/people/669392,2023,24,KC,AL,LF,31,69,60,11,12,2,1,0,4,8,7,22,0,1,0.2,0.279,0.267,0.546,51.6,1,samad taylor,Samad Taylor,KC,SS,720000.0,255486.0,720000.0,both,0.32013465592469725,0.4141578172706151,51.6,0.0,0.1014,0.3188,0.129,0.0,5.5556,0.7583,,U25
Nick Loftin,679845,/api/v1/people/679845,2023,24,KC,AL,1B,19,68,62,10,20,5,1,0,10,2,4,12,1,1,0.323,0.368,0.435,0.803,120.0,1,nick loftin,Nick Loftin,KC,SS,720000.0,116130.0,720000.0,both,0.32013465592469725,0.4141578172706151,120.0,0.0,0.0588,0.1765,0.526,0.0,13.8889,1.1153,,U25
Tim Locastro,641796,/api/v1/people/641796,2023,30,NYM,NL,LF,43,67,56,13,13,3,0,2,3,6,3,22,6,0,0.232,0.338,0.393,0.731,100.5,1,tim locastro,Tim Locastro,NYM,OF,1400000.0,1400000.0,1400000.0,both,0.32013465592469725,0.4141578172706151,100.5,0.0299,0.0448,0.3284,0.07,1.4286,2.1429,0.5221,700000.0,Veteran (30-34)
Brad Miller,543543,/api/v1/people/543543,2023,33,TEX,AL,DH,27,67,56,8,12,4,0,1,6,0,10,11,0,1,0.214,0.328,0.339,0.667,84.3,1,brad miller,Brad Miller,TEX,2B,4000000.0,4000000.0,4000000.0,both,0.32013465592469725,0.4141578172706151,84.3,0.0149,0.1493,0.1642,0.222,0.25,1.5,0.1668,4000000.0,Veteran (30-34)
Jonathan Araúz,660620,/api/v1/people/660620,2023,24,NYM,NL,3B,27,66,59,3,8,0,0,3,9,0,5,18,0,0,0.136,0.203,0.288,0.491,32.9,1,jonathan arauz,Jonathan Araúz,NYM,SS,720000.0,170324.0,720000.0,both,0.32013465592469725,0.4141578172706151,32.9,0.0455,0.0758,0.2727,0.333,4.1667,12.5,0.6819,240000.0,U25
Franmil Reyes,614177,/api/v1/people/614177,2023,27,KC,AL,DH,19,65,59,5,11,0,0,2,7,0,4,24,0,2,0.186,0.231,0.288,0.519,41.7,1,franmil reyes,,,,,,,left_only,0.32013465592469725,0.4141578172706151,41.7,0.0308,0.0615,0.3692,0.368,,,,,Prime (25-29)
Jason Vosler,613564,/api/v1/people/613564,2023,29,CIN,NL,1B,20,65,62,6,10,2,1,3,10,0,3,25,0,0,0.161,0.2,0.371,0.571,52.1,1,jason vosler,Jason Vosler,CIN,3B,1000000.0,1000000.0,1000000.0,both,0.32013465592469725,0.4141578172706151,52.1,0.0462,0.0462,0.3846,0.5,3.0,10.0,0.571,333333.0,Prime (25-29)
Juan Yepez,660766,/api/v1/people/660766,2023,25,STL,NL,X,28,65,60,5,11,1,0,2,2,0,4,20,1,0,0.183,0.246,0.3,0.546,49.3,1,juan yepez,Juan Yepez,STL,3B,720000.0,236131.0,720000.0,both,0.32013465592469725,0.4141578172706151,49.3,0.0308,0.0615,0.3077,0.071,2.7778,2.7778,0.7583,360000.0,Prime (25-29)
Wade Meckler,685133,/api/v1/people/685133,2023,23,SF,NL,CF,20,64,56,6,13,1,0,0,4,0,6,25,2,0,0.232,0.328,0.25,0.578,62.8,1,wade meckler,Wade Meckler,SF,OF,720000.0,89033.0,720000.0,both,0.32013465592469725,0.4141578172706151,62.8,0.0,0.0938,0.3906,0.2,0.0,5.5556,0.8028,,U25
Jo Adell,666176,/api/v1/people/666176,2023,24,LAA,AL,RF,17,62,58,7,12,3,1,3,6,1,4,25,0,0,0.207,0.258,0.448,0.706,88.8,1,jo adell,Jo Adell,LAA,RF,720000.0,360003.0,720000.0,both,0.32013465592469725,0.4141578172706151,88.8,0.0484,0.0645,0.4032,0.353,4.1667,8.3333,0.9806,240000.0,U25
José Fermín,665877,/api/v1/people/665877,2023,24,STL,NL,2B,21,61,51,2,12,1,0,0,4,0,6,8,2,0,0.235,0.339,0.255,0.594,67.5,1,jose fermin,Jose Fermin,STL,2B,720000.0,263228.0,720000.0,both,0.32013465592469725,0.4141578172706151,67.5,0.0,0.0984,0.1311,0.19,0.0,5.5556,0.825,,U25
Tomás Nido,621512,/api/v1/people/621512,2023,29,NYM,NL,C,22,61,56,5,7,0,0,0,1,0,2,18,0,1,0.125,0.153,0.125,0.278,-22.0,1,tomas nido,Tomás Nido,NYM,C,1600000.0,1600000.0,1600000.0,both,0.32013465592469725,0.4141578172706151,-22.0,0.0,0.0328,0.2951,0.045,0.0,0.625,0.1738,,Prime (25-29)
Heliot Ramos,671218,/api/v1/people/671218,2023,23,SF,NL,LF,25,60,56,5,10,4,0,1,2,0,4,20,0,0,0.179,0.233,0.304,0.537,46.2,1,heliot ramos,Heliot Ramos,SF,OF,720000.0,379358.0,720000.0,both,0.32013465592469725,0.4141578172706151,46.2,0.0167,0.0667,0.3333,0.08,1.3889,2.7778,0.7458,720000.0,U25
Bubba Thompson,669352,/api/v1/people/669352,2023,25,TEX,AL,LF,37,60,53,10,9,4,1,0,4,4,4,16,1,1,0.17,0.237,0.283,0.52,42.4,1,bubba thompson,Bubba Thompson,KC,OF,724305.0,,724305.0,both,0.32013465592469725,0.4141578172706151,42.4,0.0,0.0667,0.2667,0.108,0.0,5.5225,0.7179,,Prime (25-29)
Michael Brantley,488726,/api/v1/people/488726,2023,36,HOU,AL,LF,15,57,54,7,15,2,0,2,7,0,2,2,0,1,0.278,0.298,0.426,0.724,95.9,1,michael brantley,Michael Brantley,HOU,LF,12000000.0,12000000.0,12000000.0,both,0.32013465592469725,0.4141578172706151,95.9,0.0351,0.0351,0.0351,0.467,0.1667,0.5833,0.0603,6000000.0,Late (35+)
Darin Ruf,573131,/api/v1/people/573131,2023,36,MIL,NL,DH,20,57,49,3,11,3,0,0,3,0,8,16,0,0,0.224,0.333,0.286,0.619,73.1,2,darin ruf,Darin Ruf,MIL,1B,720000.0,538069.0,720000.0,both,0.32013465592469725,0.4141578172706151,73.1,0.0,0.1404,0.2807,0.15,0.0,4.1667,0.8597,,Late (35+)
Trey Cabbage,663550,/api/v1/people/663550,2023,26,LAA,AL,1B,22,56,53,5,11,3,0,1,7,1,2,26,0,1,0.208,0.232,0.321,0.553,50.0,1,trey cabbage,Trey Cabbage,LAA,3B,720000.0,123872.0,720000.0,both,0.32013465592469725,0.4141578172706151,50.0,0.0179,0.0357,0.4643,0.318,1.3889,9.7222,0.7681,720000.0,Prime (25-29)
Nate Eaton,681987,/api/v1/people/681987,2023,26,KC,AL,LF,28,56,53,2,4,0,0,0,1,3,2,21,1,0,0.075,0.125,0.075,0.2,-42.8,1,nate eaton,Nate Eaton,KC,C,722200.0,213565.0,722200.0,both,0.32013465592469725,0.4141578172706151,-42.8,0.0,0.0357,0.375,0.036,0.0,1.3847,0.2769,,Prime (25-29)
Darick Hall,669742,/api/v1/people/669742,2023,27,PHI,NL,1B,18,56,54,2,9,1,0,1,3,0,2,18,0,0,0.167,0.196,0.241,0.437,19.4,1,darick hall,Darick Hall,PHI,1B,724500.0,393395.0,724500.0,both,0.32013465592469725,0.4141578172706151,19.4,0.0179,0.0357,0.3214,0.167,1.3803,4.1408,0.6032,724500.0,Prime (25-29)
Taylor Trammell,666211,/api/v1/people/666211,2023,25,SEA,AL,LF,22,56,46,7,6,0,0,3,11,0,9,22,1,0,0.13,0.286,0.326,0.612,68.1,1,taylor trammell,Taylor Trammell,SEA,OF,726700.0,289118.0,726700.0,both,0.32013465592469725,0.4141578172706151,68.1,0.0536,0.1607,0.3929,0.5,4.1283,15.1369,0.8422,242233.0,Prime (25-29)
Terrin Vavra,679631,/api/v1/people/679631,2023,26,BAL,AL,RF,27,56,49,9,12,0,0,0,5,1,5,12,0,0,0.245,0.315,0.245,0.56,57.6,1,terrin vavra,Terrin Vavra,BAL,SS,722100.0,287268.0,722100.0,both,0.32013465592469725,0.4141578172706151,57.6,0.0,0.0893,0.2143,0.185,0.0,6.9242,0.7755,,Prime (25-29)
Tyler Wade,642180,/api/v1/people/642180,2023,28,OAK,AL,SS,26,55,51,8,13,1,1,0,2,4,4,13,0,0,0.255,0.309,0.314,0.623,72.3,1,tyler wade,Tyler Wade,OAK,SS,720000.0,170324.0,720000.0,both,0.32013465592469725,0.4141578172706151,72.3,0.0,0.0727,0.2364,0.077,0.0,2.7778,0.8653,,Prime (25-29)
Jake Lamb,571875,/api/v1/people/571875,2023,32,LAA,AL,1B,19,54,51,7,11,1,0,2,5,0,3,15,0,0,0.216,0.259,0.353,0.612,66.1,1,jake lamb,,,,,,,left_only,0.32013465592469725,0.4141578172706151,66.1,0.037,0.0556,0.2778,0.263,,,,,Veteran (30-34)
Kyle Lewis,641786,/api/v1/people/641786,2023,27,AZ,NL,DH,16,54,51,2,8,2,0,1,2,0,3,21,0,0,0.157,0.204,0.255,0.459,25.3,1,kyle lewis,Kyle Lewis,ARI,OF,1610000.0,1610000.0,1610000.0,both,0.32013465592469725,0.4141578172706151,25.3,0.0185,0.0556,0.3889,0.125,0.6211,1.2422,0.2851,1610000.0,Prime (25-29)
Bobby Dalbec,666915,/api/v1/people/666915,2023,28,BOS,AL,1B,21,53,49,6,10,2,0,1,1,1,4,28,0,0,0.204,0.264,0.306,0.57,56.4,1,bobby dalbec,Bobby Dalbec,BOS,1B,720000.0,123872.0,720000.0,both,0.32013465592469725,0.4141578172706151,56.4,0.0189,0.0755,0.5283,0.048,1.3889,1.3889,0.7917,720000.0,Prime (25-29)
Carlos Pérez,656024,/api/v1/people/656024,2023,26,CWS,AL,C,27,53,49,5,10,4,0,1,3,0,4,11,0,0,0.204,0.264,0.347,0.611,66.2,1,carlos perez,Carlos Pérez,OAK,C,740000.0,740000.0,740000.0,both,0.32013465592469725,0.4141578172706151,66.2,0.0189,0.0755,0.2075,0.111,1.3514,4.0541,0.8257,740000.0,Prime (25-29)
Jorge Alfaro,595751,/api/v1/people/595751,2023,30,BOS,AL,C,18,52,48,2,7,4,0,1,4,0,2,15,2,0,0.146,0.212,0.292,0.504,36.7,2,jorge alfaro,,,,,,,left_only,0.32013465592469725,0.4141578172706151,36.7,0.0192,0.0385,0.2885,0.222,,,,,Veteran (30-34)
Ernie Clement,676391,/api/v1/people/676391,2023,27,TOR,AL,SS,30,52,50,7,19,1,1,1,10,1,1,4,0,1,0.38,0.385,0.5,0.885,141.0,1,ernie clement,Ernie Clement,TOR,2B,720000.0,259357.0,720000.0,both,0.32013465592469725,0.4141578172706151,141.0,0.0192,0.0192,0.0769,0.333,1.3889,13.8889,1.2292,720000.0,Prime (25-29)
Derek Hill,656537,/api/v1/people/656537,2023,27,WSH,NL,CF,13,50,47,3,8,1,0,0,1,1,3,11,0,0,0.17,0.22,0.191,0.411,14.8,1,derek hill,Derek Hill,WSH,OF,720000.0,54194.0,720000.0,both,0.32013465592469725,0.4141578172706151,14.8,0.0,0.06,0.22,0.077,0.0,1.3889,0.5708,,Prime (25-29)
Bryce Johnson,669369,/api/v1/people/669369,2023,27,SF,NL,CF,30,48,43,7,7,1,0,1,3,3,4,15,0,1,0.163,0.229,0.256,0.485,33.3,1,bryce johnson,Bryce Johnson,SF,CF,720000.0,243873.0,720000.0,both,0.32013465592469725,0.4141578172706151,33.3,0.0208,0.0833,0.3125,0.1,1.3889,4.1667,0.6736,720000.0,Prime (25-29)
Tyler Heineman,623168,/api/v1/people/623168,2023,32,TOR,AL,C,22,47,38,5,9,1,1,0,3,1,8,8,1,0,0.237,0.383,0.316,0.699,95.9,2,tyler heineman,Tyler Heineman,TOR,C,720000.0,220647.0,720000.0,both,0.32013465592469725,0.4141578172706151,95.9,0.0,0.1702,0.1702,0.136,0.0,4.1667,0.9708,,Veteran (30-34)
Jared Young,676724,/api/v1/people/676724,2023,27,CHC,NL,1B,16,47,43,8,8,0,3,2,8,2,3,13,1,0,0.186,0.255,0.465,0.72,91.9,1,jared young,Jared Young,CHC,1B,720000.0,123872.0,720000.0,both,0.32013465592469725,0.4141578172706151,91.9,0.0426,0.0638,0.2766,0.5,2.7778,11.1111,1.0,360000.0,Prime (25-29)
Kyren Paris,677347,/api/v1/people/677347,2023,21,LAA,AL,SS,15,46,40,4,4,0,0,0,1,3,4,17,1,0,0.1,0.2,0.1,0.3,-13.4,1,kyren paris,Kyren Paris,LAA,SS,720000.0,116130.0,720000.0,both,0.32013465592469725,0.4141578172706151,-13.4,0.0,0.087,0.3696,0.067,0.0,1.3889,0.4167,,U25
Cody Thomas,642137,/api/v1/people/642137,2023,28,OAK,AL,RF,19,46,42,1,10,3,0,1,2,0,4,17,0,0,0.238,0.304,0.381,0.685,87.0,1,cody thomas,Cody Thomas,OAK,OF,720000.0,147098.0,720000.0,both,0.32013465592469725,0.4141578172706151,87.0,0.0217,0.087,0.3696,0.105,1.3889,2.7778,0.9514,720000.0,Prime (25-29)
Jonny DeLuca,676356,/api/v1/people/676356,2023,24,LAD,NL,LF,24,45,42,5,11,1,0,2,6,1,3,8,0,0,0.262,0.311,0.429,0.74,100.7,1,jonny deluca,Jonny DeLuca,LAD,OF,720000.0,321293.0,720000.0,both,0.32013465592469725,0.4141578172706151,100.7,0.0444,0.0667,0.1778,0.25,2.7778,8.3333,1.0278,360000.0,U25
Sam Huff,669087,/api/v1/people/669087,2023,25,TEX,AL,DH,21,45,43,5,11,2,0,3,6,0,2,17,0,0,0.256,0.289,0.512,0.801,113.9,1,sam huff,Sam Huff,TEX,C,720000.0,247744.0,720000.0,both,0.32013465592469725,0.4141578172706151,113.9,0.0667,0.0444,0.3778,0.286,4.1667,8.3333,1.1125,240000.0,Prime (25-29)
Grae Kessinger,666197,/api/v1/people/666197,2023,25,HOU,AL,3B,26,45,40,3,8,2,0,1,1,0,5,12,0,0,0.2,0.289,0.325,0.614,68.7,1,grae kessinger,Grae Kessinger,HOU,SS,720000.0,456778.0,720000.0,both,0.32013465592469725,0.4141578172706151,68.7,0.0222,0.1111,0.2667,0.038,1.3889,1.3889,0.8528,720000.0,Prime (25-29)
Marco Luciano,682617,/api/v1/people/682617,2023,21,SF,NL,SS,14,45,39,4,9,3,0,0,0,1,6,17,0,0,0.231,0.333,0.308,0.641,78.4,1,marco luciano,Marco Luciano,SF,SS,720000.0,61936.0,720000.0,both,0.32013465592469725,0.4141578172706151,78.4,0.0,0.1333,0.3778,0.0,0.0,0.0,0.8903,,U25
Iván Herrera,671056,/api/v1/people/671056,2023,23,STL,NL,C,13,44,37,6,11,2,0,0,4,0,5,11,2,0,0.297,0.409,0.351,0.76,112.5,1,ivan herrera,Iván Herrera,STL,C,720000.0,120001.0,720000.0,both,0.32013465592469725,0.4141578172706151,112.5,0.0,0.1136,0.25,0.308,0.0,5.5556,1.0556,,U25
TJ Hopkins,686759,/api/v1/people/686759,2023,26,CIN,NL,X,25,44,41,7,7,0,0,0,1,1,2,17,1,0,0.171,0.227,0.171,0.398,12.2,1,tj hopkins,TJ Hopkins,CIN,CF,720000.0,158711.0,720000.0,both,0.32013465592469725,0.4141578172706151,12.2,0.0,0.0455,0.3864,0.04,0.0,1.3889,0.5528,,Prime (25-29)
Spencer Horwitz,687462,/api/v1/people/687462,2023,25,TOR,AL,DH,15,44,39,5,10,2,0,1,7,0,4,12,1,0,0.256,0.341,0.385,0.726,99.5,1,spencer horwitz,Spencer Horwitz,TOR,1B/DH,720000.0,120001.0,720000.0,both,0.32013465592469725,0.4141578172706151,99.5,0.0227,0.0909,0.2727,0.467,1.3889,9.7222,1.0083,720000.0,Prime (25-29)
Sandy León,506702,/api/v1/people/506702,2023,34,TEX,AL,C,22,44,41,4,6,2,0,0,4,0,1,20,1,0,0.146,0.186,0.195,0.381,5.2,1,sandy leon,Sandy León,TEX,C,1000000.0,349440.0,1000000.0,both,0.32013465592469725,0.4141578172706151,5.2,0.0,0.0227,0.4545,0.182,0.0,4.0,0.381,,Veteran (30-34)
J.P. Martínez,679881,/api/v1/people/679881,2023,27,TEX,AL,LF,17,44,40,7,9,1,0,1,4,0,2,16,0,2,0.225,0.25,0.325,0.575,56.6,1,jp martinez,J.P. Martinez,TEX,OF,720000.0,112259.0,720000.0,both,0.32013465592469725,0.4141578172706151,56.6,0.0227,0.0455,0.3636,0.235,1.3889,5.5556,0.7986,720000.0,Prime (25-29)
Sean Bouchard,656248,/api/v1/people/656248,2023,27,COL,NL,RF,21,43,38,11,12,2,0,4,7,0,4,14,0,1,0.316,0.372,0.684,1.056,181.4,1,sean bouchard,Sean Bouchard,COL,1B,722000.0,652176.0,722000.0,both,0.32013465592469725,0.4141578172706151,181.4,0.093,0.093,0.3256,0.333,5.5402,9.6953,1.4626,180500.0,Prime (25-29)
Coco Montes,663796,/api/v1/people/663796,2023,26,COL,NL,2B,18,41,38,3,7,2,0,1,3,0,2,12,1,0,0.184,0.244,0.316,0.56,52.5,1,coco montes,Coco Montes,COL,SS,720000.0,116130.0,720000.0,both,0.32013465592469725,0.4141578172706151,52.5,0.0244,0.0488,0.2927,0.167,1.3889,4.1667,0.7778,720000.0,Prime (25-29)
Jordyn Adams,677941,/api/v1/people/677941,2023,23,LAA,AL,RF,17,40,39,1,5,0,0,0,1,1,0,16,0,1,0.128,0.125,0.128,0.253,-30.0,1,jordyn adams,Jordyn Adams,LAA,OF,720000.0,108388.0,720000.0,both,0.32013465592469725,0.4141578172706151,-30.0,0.0,0.0,0.4,0.059,0.0,1.3889,0.3514,,U25
Oneil Cruz,665833,/api/v1/people/665833,2023,24,PIT,NL,SS,9,40,32,7,8,1,0,1,4,3,7,8,0,1,0.25,0.375,0.375,0.75,107.7,1,oneil cruz,Oneil Cruz,PIT,SS,720000.0,720000.0,720000.0,both,0.32013465592469725,0.4141578172706151,107.7,0.025,0.175,0.2,0.444,1.3889,5.5556,1.0417,720000.0,U25
Andrew Stevenson,664057,/api/v1/people/664057,2023,29,MIN,AL,CF,25,40,37,4,7,1,0,0,1,4,2,8,1,0,0.189,0.25,0.216,0.466,30.2,1,andrew stevenson,Andrew Stevenson,MIN,OF,720000.0,116130.0,720000.0,both,0.32013465592469725,0.4141578172706151,30.2,0.0,0.05,0.2,0.04,0.0,1.3889,0.6472,,Prime (25-29)
David Hamilton,666152,/api/v1/people/666152,2023,25,BOS,AL,SS,15,39,33,2,4,2,0,0,0,2,6,10,0,0,0.121,0.256,0.182,0.438,23.9,1,david hamilton,David Hamilton,BOS,SS,720000.0,73549.0,720000.0,both,0.32013465592469725,0.4141578172706151,23.9,0.0,0.1538,0.2564,0.0,0.0,0.0,0.6083,,Prime (25-29)
Adam Haseley,656514,/api/v1/people/656514,2023,27,CWS,AL,RF,28,39,36,6,8,2,0,0,2,1,3,8,0,0,0.222,0.282,0.278,0.56,55.2,1,adam haseley,Adam Haseley,CHW,LF,720000.0,178066.0,720000.0,both,0.32013465592469725,0.4141578172706151,55.2,0.0,0.0769,0.2051,0.071,0.0,2.7778,0.7778,,Prime (25-29)
Andre Lipcius,686531,/api/v1/people/686531,2023,25,DET,AL,3B,13,38,35,3,10,1,0,1,4,0,3,8,0,0,0.286,0.342,0.4,0.742,103.4,1,andre lipcius,Andre Lipcius,DET,3B,720000.0,116130.0,720000.0,both,0.32013465592469725,0.4141578172706151,103.4,0.0263,0.0789,0.2105,0.308,1.3889,5.5556,1.0306,720000.0,Prime (25-29)
Logan Porter,682515,/api/v1/people/682515,2023,27,KC,AL,C,11,38,31,4,6,1,0,1,3,0,5,11,1,0,0.194,0.324,0.323,0.647,79.2,1,logan porter,Logan Porter,KC,C,720000.0,77420.0,720000.0,both,0.32013465592469725,0.4141578172706151,79.2,0.0263,0.1316,0.2895,0.273,1.3889,4.1667,0.8986,720000.0,Prime (25-29)
Travis Blankenhorn,663905,/api/v1/people/663905,2023,26,WSH,NL,LF,10,37,31,2,5,0,0,1,1,0,6,6,0,0,0.161,0.297,0.258,0.555,55.1,1,travis blankenhorn,Travis Blankenhorn,WSH,3B,720000.0,116130.0,720000.0,both,0.32013465592469725,0.4141578172706151,55.1,0.027,0.1622,0.1622,0.1,1.3889,1.3889,0.7708,720000.0,Prime (25-29)
Peyton Burdick,680814,/api/v1/people/680814,2023,26,MIA,NL,RF,14,37,33,4,6,2,0,1,2,1,3,18,1,0,0.182,0.27,0.333,0.603,64.7,1,peyton burdick,Peyton Burdick,MIA,CF,720000.0,77420.0,720000.0,both,0.32013465592469725,0.4141578172706151,64.7,0.027,0.0811,0.4865,0.143,1.3889,2.7778,0.8375,720000.0,Prime (25-29)
Eguy Rosario,666703,/api/v1/people/666703,2023,23,SD,NL,3B,11,37,36,6,9,1,1,2,6,0,1,12,0,0,0.25,0.27,0.5,0.77,105.1,1,eguy rosario,Eguy Rosario,SD,SS,720400.0,584823.0,720400.0,both,0.32013465592469725,0.4141578172706151,105.1,0.0541,0.027,0.3243,0.545,2.7762,8.3287,1.0689,360200.0,U25
Canaan Smith-Njigba,675986,/api/v1/people/675986,2023,24,PIT,NL,RF,15,37,32,3,4,1,1,0,5,1,4,16,0,1,0.125,0.216,0.219,0.435,20.4,1,canaan smithnjigba,Canaan Smith-Njigba,PIT,LF,725000.0,128634.0,725000.0,both,0.32013465592469725,0.4141578172706151,20.4,0.0,0.1081,0.4324,0.333,0.0,6.8966,0.6,,U25
Junior Caminero,691406,/api/v1/people/691406,2023,19,TB,AL,3B,7,36,34,4,8,1,0,1,7,0,2,8,0,0,0.235,0.278,0.353,0.631,72.1,1,junior caminero,Junior Caminero,TB,SS,720000.0,34839.0,720000.0,both,0.32013465592469725,0.4141578172706151,72.1,0.0278,0.0556,0.2222,1.0,1.3889,9.7222,0.8764,720000.0,U25
Blake Rutherford,666164,/api/v1/people/666164,2023,26,WSH,NL,LF,16,36,35,4,6,0,0,0,2,0,1,10,0,0,0.171,0.194,0.171,0.365,1.9,1,blake rutherford,Blake Rutherford,WSH,OF,720000.0,139356.0,720000.0,both,0.32013465592469725,0.4141578172706151,1.9,0.0,0.0278,0.2778,0.125,0.0,2.7778,0.5069,,Prime (25-29)
Tyler Fitzgerald,666149,/api/v1/people/666149,2023,25,SF,NL,CF,10,34,32,3,7,2,0,2,5,2,2,10,0,0,0.219,0.265,0.469,0.734,96.0,1,tyler fitzgerald,Tyler Fitzgerald,SF,SS,720000.0,38710.0,720000.0,both,0.32013465592469725,0.4141578172706151,96.0,0.0588,0.0588,0.2941,0.5,2.7778,6.9444,1.0194,360000.0,Prime (25-29)
Jordan Lawlar,691783,/api/v1/people/691783,2023,20,AZ,NL,SS,14,34,31,2,4,0,0,0,0,1,2,11,1,0,0.129,0.206,0.129,0.335,-4.5,1,jordan lawlar,Jordan Lawlar,ARI,SS,720000.0,96774.0,720000.0,both,0.32013465592469725,0.4141578172706151,-4.5,0.0,0.0588,0.3235,0.0,0.0,0.0,0.4653,,U25
Joey Ortiz,687401,/api/v1/people/687401,2023,24,BAL,AL,2B,15,34,33,4,7,1,0,0,4,0,0,9,0,1,0.212,0.206,0.242,0.448,22.8,1,joey ortiz,Joey Ortiz,BAL,SS,720000.0,104517.0,720000.0,both,0.32013465592469725,0.4141578172706151,22.8,0.0,0.0,0.2647,0.267,0.0,5.5556,0.6222,,U25
Edwin Rios,621458,/api/v1/people/621458,2023,29,CHC,NL,DH,18,34,28,3,2,1,0,1,2,0,5,16,1,0,0.071,0.235,0.214,0.449,25.1,1,edwin rios,Edwin Rios,CHC,3B,1000000.0,1000000.0,1000000.0,both,0.32013465592469725,0.4141578172706151,25.1,0.0294,0.1471,0.4706,0.111,1.0,2.0,0.449,1000000.0,Prime (25-29)
José Tena,677588,/api/v1/people/677588,2023,22,CLE,AL,SS,18,34,31,2,7,2,0,0,3,0,3,13,0,0,0.226,0.294,0.29,0.584,61.9,1,jose tena,José Tena,CLE,SS,720000.0,161700.0,720000.0,both,0.32013465592469725,0.4141578172706151,61.9,0.0,0.0882,0.3824,0.167,0.0,4.1667,0.8111,,U25
Jasson Domínguez,691176,/api/v1/people/691176,2023,20,NYY,AL,CF,8,33,31,6,8,1,0,4,7,1,2,8,0,0,0.258,0.303,0.677,0.98,158.1,1,jasson dominguez,Jasson Domínguez,NYY,OF,720000.0,116130.0,720000.0,both,0.32013465592469725,0.4141578172706151,158.1,0.1212,0.0606,0.2424,0.875,5.5556,9.7222,1.3611,180000.0,U25
Heston Kjerstad,677008,/api/v1/people/677008,2023,24,BAL,AL,DH,13,33,30,3,7,1,0,2,3,0,2,10,0,0,0.233,0.281,0.467,0.748,100.5,1,heston kjerstad,Heston Kjerstad,BAL,OF,720000.0,69677.0,720000.0,both,0.32013465592469725,0.4141578172706151,100.5,0.0606,0.0606,0.303,0.231,2.7778,4.1667,1.0389,360000.0,U25
Drew Millas,686452,/api/v1/people/686452,2023,25,WSH,NL,C,11,33,28,1,8,2,0,1,6,0,4,5,0,0,0.286,0.375,0.464,0.839,129.2,1,drew millas,Drew Millas,WSH,C,720000.0,134750.0,720000.0,both,0.32013465592469725,0.4141578172706151,129.2,0.0303,0.1212,0.1515,0.545,1.3889,8.3333,1.1653,720000.0,Prime (25-29)
Kyle Stowers,669065,/api/v1/people/669065,2023,25,BAL,AL,RF,14,33,30,1,2,0,0,0,0,0,3,12,0,0,0.067,0.152,0.067,0.219,-36.3,1,kyle stowers,Kyle Stowers,BAL,CF,722200.0,100958.0,722200.0,both,0.32013465592469725,0.4141578172706151,-36.3,0.0,0.0909,0.3636,0.0,0.0,0.0,0.3032,,Prime (25-29)
Óscar Mercado,640458,/api/v1/people/640458,2023,28,STL,NL,RF,20,32,31,3,9,3,0,0,5,2,1,4,0,0,0.29,0.313,0.387,0.7,91.2,1,oscar mercado,,,,,,,left_only,0.32013465592469725,0.4141578172706151,91.2,0.0,0.0312,0.125,0.25,,,,,Prime (25-29)
Nathan Lukes,664770,/api/v1/people/664770,2023,28,TOR,AL,X,29,31,26,4,5,1,1,0,2,0,4,9,0,1,0.192,0.29,0.308,0.598,65.0,1,nathan lukes,Nathan Lukes,TOR,CF,720000.0,356132.0,720000.0,both,0.32013465592469725,0.4141578172706151,65.0,0.0,0.129,0.2903,0.069,0.0,2.7778,0.8306,,Prime (25-29)
Kyle Garlick,664247,/api/v1/people/664247,2023,31,MIN,AL,X,14,30,28,2,5,1,0,2,4,0,2,11,0,0,0.179,0.233,0.429,0.662,76.4,1,kyle garlick,Kyle Garlick,MIN,RF,750000.0,104832.0,750000.0,both,0.32013465592469725,0.4141578172706151,76.4,0.0667,0.0667,0.3667,0.286,2.6667,5.3333,0.8827,375000.0,Veteran (30-34)
Bligh Madris,676632,/api/v1/people/676632,2023,27,HOU,AL,X,12,30,26,4,4,1,0,0,0,0,4,7,0,0,0.154,0.267,0.192,0.459,29.8,1,bligh madris,Bligh Madris,HOU,OF,720000.0,127743.0,720000.0,both,0.32013465592469725,0.4141578172706151,29.8,0.0,0.1333,0.2333,0.0,0.0,0.0,0.6375,,Prime (25-29)
Luis Torrens,620443,/api/v1/people/620443,2023,27,SEA,AL,X,18,30,28,1,7,3,0,0,4,0,1,9,1,0,0.25,0.3,0.357,0.657,79.9,2,luis torrens,Luis Torrens,SEA,C,720000.0,73549.0,720000.0,both,0.32013465592469725,0.4141578172706151,79.9,0.0,0.0333,0.3,0.222,0.0,5.5556,0.9125,,Prime (25-29)
Drew Ellis,656403,/api/v1/people/656403,2023,27,PHI,NL,1B,12,29,23,4,5,0,0,2,4,0,6,7,0,0,0.217,0.379,0.478,0.857,133.8,1,drew ellis,Drew Ellis,PHI,3B,720000.0,65807.0,720000.0,both,0.32013465592469725,0.4141578172706151,133.8,0.069,0.2069,0.2414,0.333,2.7778,5.5556,1.1903,360000.0,Prime (25-29)
Buddy Kennedy,671083,/api/v1/people/671083,2023,24,AZ,NL,3B,10,29,24,1,4,1,0,0,1,0,4,6,1,0,0.167,0.31,0.208,0.518,47.1,1,buddy kennedy,Buddy Kennedy,OAK,3B,720000.0,,720000.0,both,0.32013465592469725,0.4141578172706151,47.1,0.0,0.1379,0.2069,0.1,0.0,1.3889,0.7194,,U25
Greg Allen,656185,/api/v1/people/656185,2023,30,NYY,AL,X,22,28,23,6,5,1,1,1,1,3,2,10,2,0,0.217,0.333,0.478,0.811,119.4,1,greg allen,,,,,,,left_only,0.32013465592469725,0.4141578172706151,119.4,0.0357,0.0714,0.3571,0.045,,,,,Veteran (30-34)
Dalton Guthrie,656495,/api/v1/people/656495,2023,27,PHI,NL,LF,23,28,24,4,4,1,0,0,0,0,3,7,1,0,0.167,0.286,0.208,0.494,39.6,1,dalton guthrie,Dalton Guthrie,ATL,SS,722500.0,,722500.0,both,0.32013465592469725,0.4141578172706151,39.6,0.0,0.1071,0.25,0.0,0.0,0.0,0.6837,,Prime (25-29)
Yonny Hernández,660634,/api/v1/people/660634,2023,25,LAD,NL,2B,14,27,22,5,3,1,0,0,4,0,2,8,1,1,0.136,0.231,0.182,0.413,16.1,1,yonny hernandez,Yonny Hernandez,LAD,SS,720000.0,127743.0,720000.0,both,0.32013465592469725,0.4141578172706151,16.1,0.0,0.0741,0.2963,0.286,0.0,5.5556,0.5736,,Prime (25-29)
Isan Díaz,656371,/api/v1/people/656371,2023,27,DET,AL,2B,8,26,24,0,1,0,0,0,1,0,2,9,0,0,0.042,0.115,0.042,0.157,-53.9,2,isan diaz,,,,,,,left_only,0.32013465592469725,0.4141578172706151,-53.9,0.0,0.0769,0.3462,0.125,,,,,Prime (25-29)
Cooper Hummel,669450,/api/v1/people/669450,2023,28,SEA,AL,DH,10,26,23,2,2,1,0,0,0,1,2,9,1,0,0.087,0.192,0.13,0.322,-8.6,1,cooper hummel,Cooper Hummel,SEA,LF,723800.0,93384.0,723800.0,both,0.32013465592469725,0.4141578172706151,-8.6,0.0,0.0769,0.3462,0.0,0.0,0.0,0.4449,,Prime (25-29)
Chris Owings,572008,/api/v1/people/572008,2023,31,PIT,NL,SS,11,25,25,0,4,0,0,0,0,0,0,12,0,0,0.16,0.16,0.16,0.32,-11.4,1,chris owings,Chris Owings,PIT,SS,720000.0,100646.0,720000.0,both,0.32013465592469725,0.4141578172706151,-11.4,0.0,0.0,0.48,0.0,0.0,0.0,0.4444,,Veteran (30-34)
Tommy La Stella,600303,/api/v1/people/600303,2023,34,SEA,AL,DH,12,24,21,2,4,1,0,0,2,0,3,5,0,0,0.19,0.292,0.238,0.53,48.7,1,tommy la stella,,,,,,,left_only,0.32013465592469725,0.4141578172706151,48.7,0.0,0.125,0.2083,0.167,,,,,Veteran (30-34)
Josh Lester,623507,/api/v1/people/623507,2023,28,BAL,AL,1B,11,23,22,0,4,0,0,0,4,0,1,7,0,0,0.182,0.217,0.182,0.399,11.7,1,josh lester,Josh Lester,BAL,1B,720000.0,81291.0,720000.0,both,0.32013465592469725,0.4141578172706151,11.7,0.0,0.0435,0.3043,0.364,0.0,5.5556,0.5542,,Prime (25-29)
Brian Serven,661531,/api/v1/people/661531,2023,28,COL,NL,C,11,23,23,0,3,1,0,0,1,0,0,10,0,0,0.13,0.13,0.174,0.304,-17.4,1,brian serven,Brian Serven,COL,C,722000.0,159162.0,722000.0,both,0.32013465592469725,0.4141578172706151,-17.4,0.0,0.0,0.4348,0.091,0.0,1.385,0.4211,,Prime (25-29)
Weston Wilson,642215,/api/v1/people/642215,2023,28,PHI,NL,LF,8,22,16,5,5,0,0,1,2,3,6,5,0,0,0.313,0.5,0.5,1.0,176.9,1,weston wilson,Weston Wilson,PHI,1B,720000.0,73549.0,720000.0,both,0.32013465592469725,0.4141578172706151,176.9,0.0455,0.2727,0.2273,0.25,1.3889,2.7778,1.3889,720000.0,Prime (25-29)
Vinny Capra,681962,/api/v1/people/681962,2023,26,PIT,NL,3B,9,21,18,3,3,1,0,0,1,0,2,5,0,0,0.167,0.25,0.222,0.472,31.7,1,vinny capra,Vinny Capra,PIT,SS,720000.0,116130.0,720000.0,both,0.32013465592469725,0.4141578172706151,31.7,0.0,0.0952,0.2381,0.111,0.0,1.3889,0.6556,,Prime (25-29)
Austin Meadows,640457,/api/v1/people/640457,2023,28,DET,AL,LF,6,21,21,0,5,1,0,0,2,0,0,3,0,0,0.238,0.238,0.286,0.524,43.4,1,austin meadows,Austin Meadows,DET,DH,4300000.0,4300000.0,4300000.0,both,0.32013465592469725,0.4141578172706151,43.4,0.0,0.0,0.1429,0.333,0.0,0.4651,0.1219,,Prime (25-29)
Brian O'Keefe,657247,/api/v1/people/657247,2023,29,SEA,AL,C,8,21,19,0,2,2,0,0,2,0,2,7,0,0,0.105,0.19,0.211,0.401,10.3,1,brian okeefe,Brian O'Keefe,SEA,C,720000.0,116130.0,720000.0,both,0.32013465592469725,0.4141578172706151,10.3,0.0,0.0952,0.3333,0.25,0.0,2.7778,0.5569,,Prime (25-29)
Juniel Querecuto,578570,/api/v1/people/578570,2023,30,STL,NL,3B,9,21,20,2,2,1,0,0,0,0,1,6,0,0,0.1,0.143,0.15,0.293,-19.1,1,juniel querecuto,Juniel Querecuto,STL,2B,720000.0,69678.0,720000.0,both,0.32013465592469725,0.4141578172706151,-19.1,0.0,0.0476,0.2857,0.0,0.0,0.0,0.4069,,Veteran (30-34)
Abraham Toro,647351,/api/v1/people/647351,2023,26,MIL,NL,3B,9,21,18,4,8,0,0,2,9,0,2,5,1,0,0.444,0.524,0.778,1.302,251.5,1,abraham toro,Abraham Toro,MIL,3B,1250000.0,107520.0,1250000.0,both,0.32013465592469725,0.4141578172706151,251.5,0.0952,0.0952,0.2381,1.0,1.6,7.2,1.0416,625000.0,Prime (25-29)
Johan Camargo,622666,/api/v1/people/622666,2023,29,SF,NL,SS,8,20,18,0,4,0,0,0,2,0,1,4,1,0,0.222,0.3,0.222,0.522,47.3,1,johan camargo,Johan Camargo,SF,3B,720000.0,34839.0,720000.0,both,0.32013465592469725,0.4141578172706151,47.3,0.0,0.05,0.2,0.25,0.0,2.7778,0.725,,Prime (25-29)
Pete Crow-Armstrong,691718,/api/v1/people/691718,2023,21,CHC,NL,CF,13,19,14,3,0,0,0,0,1,2,3,7,0,0,0.0,0.176,0.0,0.176,-45.0,1,pete crowarmstrong,Pete Crow-Armstrong,CHC,OF,720000.0,81290.0,720000.0,both,0.32013465592469725,0.4141578172706151,-45.0,0.0,0.1579,0.3684,0.077,0.0,1.3889,0.2444,,U25
César Salazar,663967,/api/v1/people/663967,2023,27,HOU,AL,C,13,19,18,1,2,0,0,0,0,0,1,6,0,0,0.111,0.158,0.111,0.269,-23.8,1,cesar salazar,César Salazar,HOU,C,720000.0,313551.0,720000.0,both,0.32013465592469725,0.4141578172706151,-23.8,0.0,0.0526,0.3158,0.0,0.0,0.0,0.3736,,Prime (25-29)
Luke Williams,663897,/api/v1/people/663897,2023,26,ATL,NL,X,11,19,19,1,1,0,0,0,0,4,0,7,0,0,0.053,0.053,0.053,0.106,-70.6,2,luke williams,Luke Williams,ATL,SS,720000.0,220647.0,720000.0,both,0.32013465592469725,0.4141578172706151,-70.6,0.0,0.0,0.3684,0.0,0.0,0.0,0.1472,,Prime (25-29)
Ryan Kreidler,668952,/api/v1/people/668952,2023,25,DET,AL,2B,11,18,18,2,2,0,0,0,0,0,0,7,0,0,0.111,0.111,0.111,0.222,-38.5,1,ryan kreidler,Ryan Kreidler,DET,SS,721600.0,65960.0,721600.0,both,0.32013465592469725,0.4141578172706151,-38.5,0.0,0.0,0.3889,0.0,0.0,0.0,0.3076,,Prime (25-29)
Alexander Canario,672744,/api/v1/people/672744,2023,23,CHC,NL,DH,6,17,17,1,5,1,1,1,6,0,0,8,0,0,0.294,0.294,0.647,0.941,148.1,1,alexander canario,Alexander Canario,CHC,OF,720000.0,116130.0,720000.0,both,0.32013465592469725,0.4141578172706151,148.1,0.0588,0.0,0.4706,1.0,1.3889,8.3333,1.3069,720000.0,U25
Roberto Pérez,547379,/api/v1/people/547379,2023,34,SF,NL,C,5,17,15,0,2,0,0,0,1,0,2,6,0,0,0.133,0.235,0.133,0.368,5.5,1,roberto perez,Roberto Pérez,SF,C,2500000.0,2500000.0,2500000.0,both,0.32013465592469725,0.4141578172706151,5.5,0.0,0.1176,0.3529,0.2,0.0,0.4,0.1472,,Veteran (30-34)
Eli White,642201,/api/v1/people/642201,2023,29,ATL,NL,CF,6,17,14,1,1,0,0,0,0,0,2,7,1,0,0.071,0.235,0.071,0.306,-9.5,1,eli white,,,,,,,left_only,0.32013465592469725,0.4141578172706151,-9.5,0.0,0.1176,0.4118,0.0,,,,,Prime (25-29)
Abraham Almonte,501659,/api/v1/people/501659,2023,34,NYM,NL,X,8,16,15,1,1,1,0,0,0,0,1,8,0,0,0.067,0.125,0.133,0.258,-28.8,1,abraham almonte,Abraham Almonte,NYM,CF,720000.0,58065.0,720000.0,both,0.32013465592469725,0.4141578172706151,-28.8,0.0,0.0625,0.5,0.0,0.0,0.0,0.3583,,Veteran (30-34)
Chadwick Tromp,644433,/api/v1/people/644433,2023,28,ATL,NL,C,6,16,16,1,2,1,0,0,1,0,0,7,0,0,0.125,0.125,0.188,0.313,-15.6,1,chadwick tromp,Chadwick Tromp,ATL,C,720000.0,158711.0,720000.0,both,0.32013465592469725,0.4141578172706151,-15.6,0.0,0.0,0.4375,0.167,0.0,1.3889,0.4347,,Prime (25-29)
Ben Gamel,592325,/api/v1/people/592325,2023,31,SD,NL,LF,6,15,15,2,3,1,0,0,2,0,0,2,0,0,0.2,0.2,0.267,0.467,26.9,1,ben gamel,Ben Gamel,SD,RF,720000.0,92904.0,720000.0,both,0.32013465592469725,0.4141578172706151,26.9,0.0,0.0,0.1333,0.333,0.0,2.7778,0.6486,,Veteran (30-34)
Forrest Wall,657088,/api/v1/people/657088,2023,27,ATL,NL,X,15,15,13,6,6,2,0,1,2,5,2,4,0,0,0.462,0.533,0.846,1.379,270.8,1,forrest wall,Forrest Wall,ATL,OF,720000.0,224518.0,720000.0,both,0.32013465592469725,0.4141578172706151,270.8,0.0667,0.1333,0.2667,0.133,1.3889,2.7778,1.9153,720000.0,Prime (25-29)
Anthony Bemboom,621532,/api/v1/people/621532,2023,33,BAL,AL,C,6,13,11,0,2,0,0,0,0,0,2,2,0,0,0.182,0.308,0.182,0.49,40.2,1,anthony bemboom,Anthony Bemboom,BAL,C,900000.0,571002.0,900000.0,both,0.32013465592469725,0.4141578172706151,40.2,0.0,0.1538,0.1538,0.0,0.0,0.0,0.5444,,Veteran (30-34)
Taylor Kohlwey,670128,/api/v1/people/670128,2023,28,SD,NL,LF,5,13,13,0,2,0,0,0,0,0,0,5,0,0,0.154,0.154,0.154,0.308,-14.7,1,taylor kohlwey,Taylor Kohlwey,SD,1B,720000.0,81291.0,720000.0,both,0.32013465592469725,0.4141578172706151,-14.7,0.0,0.0,0.3846,0.0,0.0,0.0,0.4278,,Prime (25-29)
Irving Lopez,676761,/api/v1/people/676761,2023,28,STL,NL,3B,5,12,11,0,0,0,0,0,1,0,0,5,0,1,0.0,0.0,0.0,0.0,-100.0,1,irving lopez,Irving Lopez,STL,2B,720000.0,34839.0,720000.0,both,0.32013465592469725,0.4141578172706151,-100.0,0.0,0.0,0.4167,0.2,0.0,1.3889,0.0,,Prime (25-29)
Manny Piña,444489,/api/v1/people/444489,2023,36,OAK,AL,C,4,12,12,1,3,0,0,1,1,0,0,3,0,0,0.25,0.25,0.5,0.75,98.8,1,manny pina,,,,,,,left_only,0.32013465592469725,0.4141578172706151,98.8,0.0833,0.0,0.25,0.25,,,,,Late (35+)
Livan Soto,670869,/api/v1/people/670869,2023,23,LAA,AL,2B,4,12,9,2,2,0,0,0,0,0,3,2,0,0,0.222,0.417,0.222,0.639,83.9,1,livan soto,Livan Soto,LAA,SS,720000.0,85162.0,720000.0,both,0.32013465592469725,0.4141578172706151,83.9,0.0,0.25,0.1667,0.0,0.0,0.0,0.8875,,U25
Cal Stevenson,670276,/api/v1/people/670276,2023,26,SF,NL,CF,6,12,9,1,0,0,0,0,0,0,3,2,0,0,0.0,0.25,0.0,0.25,-21.9,1,cal stevenson,Cal Stevenson,PHI,OF,720000.0,,720000.0,both,0.32013465592469725,0.4141578172706151,-21.9,0.0,0.25,0.1667,0.0,0.0,0.0,0.3472,,Prime (25-29)
Ehire Adrianza,501303,/api/v1/people/501303,2023,33,ATL,NL,SS,5,11,10,0,0,0,0,0,0,0,1,4,0,0,0.0,0.091,0.0,0.091,-71.6,1,ehire adrianza,,,,,,,left_only,0.32013465592469725,0.4141578172706151,-71.6,0.0,0.0909,0.3636,0.0,,,,,Veteran (30-34)
Jahmai Jones,663330,/api/v1/people/663330,2023,25,MIL,NL,DH,7,11,10,2,2,1,0,0,3,1,1,5,0,0,0.2,0.273,0.3,0.573,57.7,1,jahmai jones,Jahmai Jones,MIL,2B,720000.0,77420.0,720000.0,both,0.32013465592469725,0.4141578172706151,57.7,0.0,0.0909,0.4545,0.429,0.0,4.1667,0.7958,,Prime (25-29)
Cole Tucker,657061,/api/v1/people/657061,2023,26,COL,NL,DH,5,10,8,2,4,0,0,0,2,0,1,2,1,0,0.5,0.6,0.5,1.1,208.1,1,cole tucker,Cole Tucker,COL,SS/RF,720000.0,50323.0,720000.0,both,0.32013465592469725,0.4141578172706151,208.1,0.0,0.1,0.2,0.4,0.0,2.7778,1.5278,,Prime (25-29)
Jacob Amaya,676070,/api/v1/people/676070,2023,24,MIA,NL,SS,4,9,9,1,2,0,0,0,2,1,0,1,0,0,0.222,0.222,0.222,0.444,22.9,1,jacob amaya,Jacob Amaya,MIA,SS,720000.0,34839.0,720000.0,both,0.32013465592469725,0.4141578172706151,22.9,0.0,0.0,0.1111,0.5,0.0,2.7778,0.6167,,U25
David Dahl,621311,/api/v1/people/621311,2023,29,SD,NL,RF,4,9,9,1,1,0,0,1,1,0,0,2,0,0,0.111,0.111,0.444,0.555,41.9,1,david dahl,,,,,,,left_only,0.32013465592469725,0.4141578172706151,41.9,0.1111,0.0,0.2222,0.25,,,,,Prime (25-29)
Jeter Downs,669023,/api/v1/people/669023,2023,24,WSH,NL,SS,6,9,5,4,2,0,0,0,1,2,4,1,0,0,0.4,0.667,0.4,1.067,204.9,1,jeter downs,Jeter Downs,WSH,SS,720000.0,162582.0,720000.0,both,0.32013465592469725,0.4141578172706151,204.9,0.0,0.4444,0.1111,0.167,0.0,1.3889,1.4819,,U25
Tyler Naquin,571980,/api/v1/people/571980,2023,32,CWS,AL,LF,5,8,8,0,0,0,0,0,0,0,0,7,0,0,0.0,0.0,0.0,0.0,-100.0,1,tyler naquin,,,,,,,left_only,0.32013465592469725,0.4141578172706151,-100.0,0.0,0.0,0.875,0.0,,,,,Veteran (30-34)
Jonathan Ornelas,680716,/api/v1/people/680716,2023,23,TEX,AL,SS,8,8,7,2,1,0,0,0,0,0,0,4,1,0,0.143,0.25,0.143,0.393,12.6,1,jonathan ornelas,Jonathan Ornelas,TEX,SS,720000.0,61936.0,720000.0,both,0.32013465592469725,0.4141578172706151,12.6,0.0,0.0,0.5,0.0,0.0,0.0,0.5458,,U25
Kevin Padlo,656821,/api/v1/people/656821,2023,26,LAA,AL,1B,3,8,8,1,1,1,0,0,0,0,0,0,0,0,0.125,0.125,0.25,0.375,-0.6,1,kevin padlo,Kevin Padlo,LAA,3B,720000.0,23226.0,720000.0,both,0.32013465592469725,0.4141578172706151,-0.6,0.0,0.0,0.0,0.0,0.0,0.0,0.5208,,Prime (25-29)
Michael Pérez,605421,/api/v1/people/605421,2023,30,NYM,NL,C,3,8,8,1,4,1,0,0,0,0,0,1,0,0,0.5,0.5,0.625,1.125,207.1,1,michael perez,Michael Perez,NYM,C,720000.0,46452.0,720000.0,both,0.32013465592469725,0.4141578172706151,207.1,0.0,0.0,0.125,0.0,0.0,0.0,1.5625,,Veteran (30-34)
Tyler Cropley,680418,/api/v1/people/680418,2023,27,KC,AL,C,2,7,6,0,1,0,0,0,1,0,0,2,0,1,0.167,0.143,0.167,0.31,-15.0,1,tyler cropley,Tyler Cropley,KC,C,720000.0,30968.0,720000.0,both,0.32013465592469725,0.4141578172706151,-15.0,0.0,0.0,0.2857,0.5,0.0,1.3889,0.4306,,Prime (25-29)
Rylan Bannon,676625,/api/v1/people/676625,2023,27,HOU,AL,2B,2,6,6,0,0,0,0,0,0,0,0,3,0,0,0.0,0.0,0.0,0.0,-100.0,1,rylan bannon,Rylan Bannon,HOU,3B,720000.0,77420.0,720000.0,both,0.32013465592469725,0.4141578172706151,-100.0,0.0,0.0,0.5,0.0,0.0,0.0,0.0,,Prime (25-29)
Zack Collins,641470,/api/v1/people/641470,2023,28,CLE,AL,C,2,6,4,0,2,0,0,0,0,0,2,2,0,0,0.5,0.667,0.5,1.167,229.1,1,zack collins,Zack Collins,CLE,DH/C,720000.0,15484.0,720000.0,both,0.32013465592469725,0.4141578172706151,229.1,0.0,0.3333,0.3333,0.0,0.0,0.0,1.6208,,Prime (25-29)
Cam Eden,686490,/api/v1/people/686490,2023,25,TOR,AL,X,5,6,6,1,1,0,0,0,0,0,0,2,0,0,0.167,0.167,0.167,0.334,-7.5,1,cam eden,Cam Eden,TOR,CF,720000.0,42581.0,720000.0,both,0.32013465592469725,0.4141578172706151,-7.5,0.0,0.0,0.3333,0.0,0.0,0.0,0.4639,,Prime (25-29)
Adam Engel,641553,/api/v1/people/641553,2023,31,SD,NL,CF,5,6,6,0,0,0,0,0,0,0,0,2,0,0,0.0,0.0,0.0,0.0,-100.0,1,adam engel,,,,,,,left_only,0.32013465592469725,0.4141578172706151,-100.0,0.0,0.0,0.3333,0.0,,,,,Veteran (30-34)
Caleb Hamilton,643348,/api/v1/people/643348,2023,28,BOS,AL,C,4,6,5,0,0,0,0,0,0,0,1,5,0,0,0.0,0.167,0.0,0.167,-47.8,1,caleb hamilton,Caleb Hamilton,BOS,C,720000.0,54194.0,720000.0,both,0.32013465592469725,0.4141578172706151,-47.8,0.0,0.1667,0.8333,0.0,0.0,0.0,0.2319,,Prime (25-29)
Drew Maggi,543482,/api/v1/people/543482,2023,34,PIT,NL,X,3,6,6,1,2,1,0,0,1,0,0,1,0,0,0.333,0.333,0.5,0.833,124.7,1,drew maggi,Drew Maggi,PIT,SS,720000.0,27097.0,720000.0,both,0.32013465592469725,0.4141578172706151,124.7,0.0,0.0,0.1667,0.333,0.0,1.3889,1.1569,,Veteran (30-34)
Michael Siani,672279,/api/v1/people/672279,2023,23,STL,NL,X,8,6,5,1,0,0,0,0,0,1,1,1,0,0,0.0,0.167,0.0,0.167,-47.8,2,michael siani,,,,,,,left_only,0.32013465592469725,0.4141578172706151,-47.8,0.0,0.1667,0.1667,0.0,,,,,U25
Tristan Gray,656484,/api/v1/people/656484,2023,27,TB,AL,1B,2,5,5,1,2,0,0,1,1,0,0,0,0,0,0.4,0.4,1.0,1.4,266.4,1,tristan gray,Tristan Gray,TB,1B,720000.0,7742.0,720000.0,both,0.32013465592469725,0.4141578172706151,266.4,0.2,0.0,0.0,0.5,1.3889,1.3889,1.9444,720000.0,Prime (25-29)
Cal Mitchell,668751,/api/v1/people/668751,2023,24,PIT,NL,RF,2,5,4,0,0,0,0,0,0,0,1,1,0,0,0.0,0.2,0.0,0.2,-37.5,1,cal mitchell,Cal Mitchell,PIT,OF,720000.0,11613.0,720000.0,both,0.32013465592469725,0.4141578172706151,-37.5,0.0,0.2,0.2,0.0,0.0,0.0,0.2778,,U25
Matt Reynolds,608703,/api/v1/people/608703,2023,32,CIN,NL,3B,2,5,5,1,1,0,0,0,0,0,0,3,0,0,0.2,0.2,0.2,0.4,10.8,1,matt reynolds,Matt Reynolds,CIN,3B,720000.0,34839.0,720000.0,both,0.32013465592469725,0.4141578172706151,10.8,0.0,0.0,0.6,0.0,0.0,0.0,0.5556,,Veteran (30-34)
Connor Kaiser,663731,/api/v1/people/663731,2023,26,COL,NL,SS,3,4,4,0,0,0,0,0,0,0,0,2,0,0,0.0,0.0,0.0,0.0,-100.0,1,connor kaiser,Connor Kaiser,COL,SS,720000.0,54194.0,720000.0,both,0.32013465592469725,0.4141578172706151,-100.0,0.0,0.0,0.5,0.0,0.0,0.0,0.0,,Prime (25-29)
Braden Shewmake,669699,/api/v1/people/669699,2023,25,ATL,NL,SS,2,4,4,0,0,0,0,0,0,0,0,1,0,0,0.0,0.0,0.0,0.0,-100.0,1,braden shewmake,Braden Shewmake,ATL,SS,720000.0,50323.0,720000.0,both,0.32013465592469725,0.4141578172706151,-100.0,0.0,0.0,0.25,0.0,0.0,0.0,0.0,,Prime (25-29)
Meibrys Viloria,650619,/api/v1/people/650619,2023,26,CLE,AL,C,10,4,3,0,0,0,0,0,0,0,1,0,0,0,0.0,0.25,0.0,0.25,-21.9,1,meibrys viloria,,,,,,,left_only,0.32013465592469725,0.4141578172706151,-21.9,0.0,0.25,0.0,0.0,,,,,Prime (25-29)
Tres Barrera,668663,/api/v1/people/668663,2023,28,STL,NL,C,6,2,2,0,0,0,0,0,0,0,0,0,0,0,0.0,0.0,0.0,0.0,-100.0,1,tres barrera,Tres Barrera,STL,C,720000.0,112259.0,720000.0,both,0.32013465592469725,0.4141578172706151,-100.0,0.0,0.0,0.0,0.0,0.0,0.0,0.0,,Prime (25-29)
Billy Hamilton,571740,/api/v1/people/571740,2023,32,CWS,AL,X,3,2,2,2,0,0,0,0,0,2,0,1,0,0,0.0,0.0,0.0,0.0,-100.0,1,billy hamilton,,,,,,,left_only,0.32013465592469725,0.4141578172706151,-100.0,0.0,0.0,0.5,0.0,,,,,Veteran (30-34)
Alejo Lopez,664670,/api/v1/people/664670,2023,27,CIN,NL,2B,1,2,2,1,1,1,0,0,1,0,0,1,0,0,0.5,0.5,1.0,1.5,297.6,1,alejo lopez,Alejo Lopez,CIN,2B,720000.0,11613.0,720000.0,both,0.32013465592469725,0.4141578172706151,297.6,0.0,0.0,0.5,1.0,0.0,1.3889,2.0833,,Prime (25-29)
Chris Okey,608360,/api/v1/people/608360,2023,28,LAA,AL,C,2,2,2,0,0,0,0,0,0,0,0,2,0,0,0.0,0.0,0.0,0.0,-100.0,1,chris okey,Chris Okey,LAA,C,720000.0,23226.0,720000.0,both,0.32013465592469725,0.4141578172706151,-100.0,0.0,0.0,1.0,0.0,0.0,0.0,0.0,,Prime (25-29)
Adam Wainwright,425794,/api/v1/people/425794,2023,41,STL,NL,P,23,2,2,0,0,0,0,0,0,0,0,1,0,0,0.0,0.0,0.0,0.0,-100.0,1,adam wainwright,Adam Wainwright,STL,SP,17500000.0,7500000.0,18500000.0,both,0.32013465592469725,0.4141578172706151,-100.0,0.0,0.0,0.5,0.0,0.0,0.0,0.0,,Late (35+)
Diego Castillo,660636,/api/v1/people/660636,2023,25,AZ,NL,X,1,1,1,0,0,0,0,0,0,0,0,0,0,0,0.0,0.0,0.0,0.0,-100.0,1,diego castillo,Diego Castillo,SEA,RP,2950000.0,2950000.0,2950000.0,both,0.32013465592469725,0.4141578172706151,-100.0,0.0,0.0,0.0,0.0,0.0,0.0,0.0,,Prime (25-29)
Charlie Culberson,518586,/api/v1/people/518586,2023,34,ATL,NL,X,1,1,1,0,1,0,0,0,0,0,0,0,0,0,1.0,1.0,1.0,2.0,453.8,1,charlie culberson,Charlie Culberson,ATL,3B,720000.0,123872.0,720000.0,both,0.32013465592469725,0.4141578172706151,453.8,0.0,0.0,0.0,0.0,0.0,0.0,2.7778,,Veteran (30-34)
Michael Fulmer,605242,/api/v1/people/605242,2023,30,CHC,NL,P,58,1,1,0,0,0,0,0,0,0,0,1,0,0,0.0,0.0,0.0,0.0,-100.0,1,michael fulmer,Michael Fulmer,CHC,RP,4000000.0,4000000.0,4000000.0,both,0.32013465592469725,0.4141578172706151,-100.0,0.0,0.0,1.0,0.0,0.0,0.0,0.0,,Veteran (30-34)
Mason McCoy,669200,/api/v1/people/669200,2023,28,TOR,AL,SS,6,1,1,2,0,0,0,0,0,0,0,1,0,0,0.0,0.0,0.0,0.0,-100.0,1,mason mccoy,Mason McCoy,TOR,SS,720000.0,42581.0,720000.0,both,0.32013465592469725,0.4141578172706151,-100.0,0.0,0.0,1.0,0.0,0.0,0.0,0.0,,Prime (25-29)
Shelby Miller,571946,/api/v1/people/571946,2023,32,LAD,NL,P,36,1,1,0,0,0,0,0,0,0,0,0,0,0,0.0,0.0,0.0,0.0,-100.0,1,shelby miller,Shelby Miller,LAD,RP,1500000.0,1500000.0,1500000.0,both,0.32013465592469725,0.4141578172706151,-100.0,0.0,0.0,0.0,0.0,0.0,0.0,0.0,,Veteran (30-34)
Josh Sborz,622250,/api/v1/people/622250,2023,29,TEX,AL,P,44,1,1,0,0,0,0,0,0,0,0,1,0,0,0.0,0.0,0.0,0.0,-100.0,1,josh sborz,Josh Sborz,TEX,RP,733450.0,733450.0,733450.0,both,0.32013465592469725,0.4141578172706151,-100.0,0.0,0.0,1.0,0.0,0.0,0.0,0.0,,Prime (25-29)
Chandler Seagle,676882,/api/v1/people/676882,2023,27,SD,NL,X,1,1,1,0,0,0,0,0,0,0,0,0,0,0,0.0,0.0,0.0,0.0,-100.0,1,chandler seagle,Chandler Seagle,SD,C,720000.0,7742.0,720000.0,both,0.32013465592469725,0.4141578172706151,-100.0,0.0,0.0,0.0,0.0,0.0,0.0,0.0,,Prime (25-29)
Jarren Duran,680776,/api/v1/people/680776,2024,27,BOS,AL,CF,160,735,671,111,191,48,14,21,75,34,54,160,6,3,0.285,0.342,0.492,0.834,132.8,1,jarren duran,Jarren Duran,BOS,CF,760000.0,760000.0,760000.0,both,0.312110700011545,0.3992192416013489,132.8,0.0286,0.0735,0.2177,0.469,27.6316,98.6842,1.0974,36190.0,Prime (25-29)
Shohei Ohtani,660271,/api/v1/people/660271,2024,29,LAD,NL,DH,159,731,636,134,197,38,7,54,130,59,81,162,6,5,0.31,0.39,0.646,1.036,186.8,1,shohei ohtani,Shohei Ohtani,LAD,DH,70000000.0,2000000.0,70000000.0,both,0.312110700011545,0.3992192416013489,186.8,0.0739,0.1108,0.2216,0.818,0.7714,1.8571,0.0148,1296296.0,Prime (25-29)
Gunnar Henderson,683002,/api/v1/people/683002,2024,23,BAL,AL,SS,159,719,630,118,177,31,7,37,92,21,78,159,7,4,0.281,0.364,0.529,0.893,149.1,1,gunnar henderson,Gunnar Henderson,BAL,SS,756200.0,756200.0,756200.0,both,0.312110700011545,0.3992192416013489,149.1,0.0515,0.1085,0.2211,0.579,48.9289,121.6609,1.1809,20438.0,U25
Marcus Semien,543760,/api/v1/people/543760,2024,33,TEX,AL,2B,159,718,650,101,154,27,2,23,74,8,64,105,3,1,0.237,0.308,0.391,0.699,96.6,1,marcus semien,Marcus Semien,TEX,2B,26000000.0,26000000.0,26000000.0,both,0.312110700011545,0.3992192416013489,96.6,0.032,0.0891,0.1462,0.465,0.8846,2.8462,0.0269,1130435.0,Veteran (30-34)
Juan Soto,665742,/api/v1/people/665742,2024,25,NYY,AL,RF,157,713,576,128,166,31,4,41,109,7,129,119,4,4,0.288,0.419,0.569,0.988,176.8,1,juan soto,Juan Soto,NYY,RF,31000000.0,31000000.0,31000000.0,both,0.312110700011545,0.3992192416013489,176.8,0.0575,0.1809,0.1669,0.694,1.3226,3.5161,0.0319,756098.0,Prime (25-29)
Bobby Witt Jr.,677951,/api/v1/people/677951,2024,24,KC,AL,SS,161,709,636,125,211,45,11,32,109,31,57,106,8,8,0.332,0.389,0.588,0.977,171.9,1,bobby witt,Bobby Witt Jr.,KC,SS,2000000.0,9877777.0,3211111.0,both,0.312110700011545,0.3992192416013489,171.9,0.0451,0.0804,0.1495,0.677,16.0,54.5,0.4885,62500.0,U25
Aaron Judge,592450,/api/v1/people/592450,2024,32,NYY,AL,CF,158,704,559,122,180,36,1,58,144,10,133,171,9,2,0.322,0.458,0.701,1.159,222.3,1,aaron judge,Aaron Judge,NYY,CF,40000000.0,40000000.0,40000000.0,both,0.312110700011545,0.3992192416013489,222.3,0.0824,0.1889,0.2429,0.911,1.45,3.6,0.029,689655.0,Veteran (30-34)
Vladimir Guerrero Jr.,665489,/api/v1/people/665489,2024,25,TOR,AL,1B,159,697,616,98,199,44,1,30,103,2,72,96,5,4,0.323,0.396,0.544,0.94,163.1,1,vladimir guerrero,Vladimir Guerrero Jr.,TOR,1B/3B,19900000.0,19900000.0,19900000.0,both,0.312110700011545,0.3992192416013489,163.1,0.043,0.1033,0.1377,0.648,1.5075,5.1759,0.0472,663333.0,Prime (25-29)
Elly De La Cruz,682829,/api/v1/people/682829,2024,22,CIN,NL,SS,160,696,618,105,160,36,10,25,76,67,69,218,6,1,0.259,0.339,0.471,0.81,126.6,1,elly de la cruz,Elly De La Cruz,CIN,SS,742500.0,742500.0,742500.0,both,0.312110700011545,0.3992192416013489,126.6,0.0359,0.0991,0.3132,0.475,33.67,102.3569,1.0909,29700.0,U25
Pete Alonso,624413,/api/v1/people/624413,2024,29,NYM,NL,1B,162,695,608,91,146,31,0,34,88,3,70,172,13,4,0.24,0.329,0.459,0.788,120.4,1,pete alonso,Pete Alonso,NYM,1B,20500000.0,20500000.0,20500000.0,both,0.312110700011545,0.3992192416013489,120.4,0.0489,0.1007,0.2475,0.543,1.6585,4.2927,0.0384,602941.0,Prime (25-29)
Ezequiel Tovar,678662,/api/v1/people/678662,2024,22,COL,NL,SS,157,695,655,83,176,45,4,26,78,6,23,200,4,7,0.269,0.295,0.469,0.764,112.0,1,ezequiel tovar,Ezequiel Tovar,COL,SS,1500000.0,3000000.0,1714285.0,both,0.312110700011545,0.3992192416013489,112.0,0.0374,0.0331,0.2878,0.497,17.3333,52.0,0.5093,57692.0,U25
Bryan Reynolds,668804,/api/v1/people/668804,2024,29,PIT,NL,LF,156,692,622,73,171,29,3,24,88,10,57,156,10,3,0.275,0.344,0.447,0.791,122.2,1,bryan reynolds,Bryan Reynolds,PIT,RF,10000000.0,10050000.0,10250000.0,both,0.312110700011545,0.3992192416013489,122.2,0.0347,0.0824,0.2254,0.564,2.4,8.8,0.0791,416667.0,Prime (25-29)
Kyle Schwarber,656941,/api/v1/people/656941,2024,31,PHI,NL,DH,150,692,573,110,142,22,0,38,104,5,106,197,5,8,0.248,0.366,0.485,0.851,138.8,1,kyle schwarber,Kyle Schwarber,PHI,DH,20000000.0,20000000.0,20000000.0,both,0.312110700011545,0.3992192416013489,138.8,0.0549,0.1532,0.2847,0.693,1.9,5.2,0.0426,526316.0,Veteran (30-34)
Francisco Lindor,596019,/api/v1/people/596019,2024,30,NYM,NL,SS,152,689,618,107,169,39,1,33,91,29,56,127,12,3,0.273,0.344,0.5,0.844,135.5,1,francisco lindor,Francisco Lindor,NYM,SS,32000000.0,27075000.0,34175000.0,both,0.312110700011545,0.3992192416013489,135.5,0.0479,0.0813,0.1843,0.599,1.0312,2.8438,0.0264,969697.0,Veteran (30-34)
Anthony Volpe,683011,/api/v1/people/683011,2024,23,NYY,AL,SS,160,689,637,90,155,27,7,12,60,28,42,156,4,3,0.243,0.293,0.364,0.657,85.1,1,anthony volpe,Anthony Volpe,NYY,SS,810100.0,810100.0,810100.0,both,0.312110700011545,0.3992192416013489,85.1,0.0174,0.061,0.2264,0.375,14.813,74.0649,0.811,67508.0,U25
Willy Adames,642715,/api/v1/people/642715,2024,28,MIL,NL,SS,161,688,610,93,153,33,0,32,112,21,74,173,1,3,0.251,0.331,0.462,0.793,121.8,1,willy adames,Willy Adames,MIL,SS,12250000.0,12250000.0,12250000.0,both,0.312110700011545,0.3992192416013489,121.8,0.0465,0.1076,0.2515,0.696,2.6122,9.1429,0.0647,382812.0,Prime (25-29)
Marcell Ozuna,542303,/api/v1/people/542303,2024,33,ATL,NL,DH,162,688,606,96,183,31,0,39,104,1,74,170,3,4,0.302,0.378,0.546,0.924,157.9,1,marcell ozuna,Marcell Ozuna,ATL,DH,16000000.0,16000000.0,16000000.0,both,0.312110700011545,0.3992192416013489,157.9,0.0567,0.1076,0.2471,0.642,2.4375,6.5,0.0578,410256.0,Veteran (30-34)
Matt Olson,621566,/api/v1/people/621566,2024,30,ATL,NL,1B,162,685,600,78,148,37,1,29,98,0,71,170,9,5,0.247,0.333,0.457,0.79,121.2,1,matt olson,Matt Olson,ATL,1B,22000000.0,22000000.0,22000000.0,both,0.312110700011545,0.3992192416013489,121.2,0.0423,0.1036,0.2482,0.605,1.3182,4.4545,0.0359,758621.0,Veteran (30-34)
Corbin Carroll,682998,/api/v1/people/682998,2024,23,AZ,NL,CF,158,684,589,121,136,22,14,22,74,35,73,130,10,9,0.231,0.322,0.428,0.75,110.4,1,corbin carroll,Corbin Carroll,ARI,RF,3000000.0,3000000.0,3625000.0,both,0.312110700011545,0.3992192416013489,110.4,0.0322,0.1067,0.1901,0.468,7.3333,24.6667,0.25,136364.0,U25
Jose Altuve,514888,/api/v1/people/514888,2024,34,HOU,AL,2B,153,682,628,94,185,31,0,20,65,22,47,119,7,0,0.295,0.35,0.439,0.789,122.1,1,jose altuve,Jose Altuve,HOU,2B,26000000.0,41000000.0,29000000.0,both,0.312110700011545,0.3992192416013489,122.1,0.0293,0.0689,0.1745,0.425,0.7692,2.5,0.0303,1300000.0,Veteran (30-34)
José Ramírez,608070,/api/v1/people/608070,2024,31,CLE,AL,3B,158,682,620,114,173,39,2,39,118,41,54,82,1,6,0.279,0.335,0.537,0.872,141.8,1,jose ramirez,José Ramírez,CLE,3B,17000000.0,17225000.0,17225000.0,both,0.312110700011545,0.3992192416013489,141.8,0.0572,0.0792,0.1202,0.747,2.2941,6.9412,0.0513,435897.0,Veteran (30-34)
William Contreras,661388,/api/v1/people/661388,2024,26,MIL,NL,C,155,679,595,99,167,37,2,23,92,9,78,139,3,3,0.281,0.365,0.466,0.831,133.7,1,william contreras,William Contreras,MIL,C,766900.0,766900.0,766900.0,both,0.312110700011545,0.3992192416013489,133.7,0.0339,0.1149,0.2047,0.594,29.9909,119.9635,1.0836,33343.0,Prime (25-29)
Luis Arraez,650333,/api/v1/people/650333,2024,27,SD,NL,1B,150,672,637,83,200,32,3,4,46,9,24,29,8,1,0.314,0.346,0.392,0.738,109.0,2,luis arraez,Luis Arraez,SD,1B/DH/2B,10600000.0,592796.0,10600000.0,both,0.312110700011545,0.3992192416013489,109.0,0.006,0.0357,0.0432,0.307,0.3774,4.3396,0.0696,2650000.0,Prime (25-29)
Jurickson Profar,595777,/api/v1/people/595777,2024,31,SD,NL,LF,158,668,564,94,158,29,0,24,85,10,76,101,18,5,0.28,0.38,0.459,0.839,136.7,1,jurickson profar,Jurickson Profar,SD,LF,1000000.0,2500000.0,2500000.0,both,0.312110700011545,0.3992192416013489,136.7,0.0359,0.1138,0.1512,0.538,24.0,85.0,0.839,41667.0,Veteran (30-34)
Anthony Santander,623993,/api/v1/people/623993,2024,29,BAL,AL,RF,155,665,595,91,140,25,2,44,102,2,58,129,7,5,0.235,0.308,0.506,0.814,125.4,1,anthony santander,Anthony Santander,BAL,RF,11700000.0,11700000.0,11700000.0,both,0.312110700011545,0.3992192416013489,125.4,0.0662,0.0872,0.194,0.658,3.7607,8.7179,0.0696,265909.0,Prime (25-29)
Gleyber Torres,650402,/api/v1/people/650402,2024,27,NYY,AL,2B,154,665,587,80,151,26,0,15,63,4,65,136,3,8,0.257,0.33,0.378,0.708,100.4,1,gleyber torres,Gleyber Torres,NYY,2B,14200000.0,14200000.0,14200000.0,both,0.312110700011545,0.3992192416013489,100.4,0.0226,0.0977,0.2045,0.409,1.0563,4.4366,0.0499,946667.0,Prime (25-29)
Brandon Nimmo,607043,/api/v1/people/607043,2024,31,NYM,NL,LF,151,663,571,88,128,25,3,23,90,15,77,158,12,3,0.224,0.327,0.399,0.726,104.7,1,brandon nimmo,Brandon Nimmo,NYM,LF,20250000.0,20250000.0,20500000.0,both,0.312110700011545,0.3992192416013489,104.7,0.0347,0.1161,0.2383,0.596,1.1358,4.4444,0.0359,880435.0,Veteran (30-34)
Taylor Ward,621493,/api/v1/people/621493,2024,30,LAA,AL,LF,156,663,585,73,144,26,2,25,75,6,63,163,7,8,0.246,0.323,0.426,0.749,110.2,1,taylor ward,Taylor Ward,LAA,LF,4800000.0,4800000.0,4800000.0,both,0.312110700011545,0.3992192416013489,110.2,0.0377,0.095,0.2459,0.481,5.2083,15.625,0.156,192000.0,Veteran (30-34)
Nick Castellanos,592206,/api/v1/people/592206,2024,32,PHI,NL,RF,162,659,606,80,154,30,4,23,86,6,41,139,10,2,0.254,0.311,0.431,0.742,107.6,1,nick castellanos,Nick Castellanos,PHI,RF,20000000.0,20000000.0,20000000.0,both,0.312110700011545,0.3992192416013489,107.6,0.0349,0.0622,0.2109,0.531,1.15,4.3,0.0371,869565.0,Veteran (30-34)
Ian Happ,664023,/api/v1/people/664023,2024,29,CHC,NL,LF,153,657,569,89,138,34,2,25,86,13,80,168,6,2,0.243,0.341,0.441,0.782,119.7,1,ian happ,Ian Happ,CHC,LF,20000000.0,20000000.0,21000000.0,both,0.312110700011545,0.3992192416013489,119.7,0.0381,0.1218,0.2557,0.562,1.25,4.3,0.0391,800000.0,Prime (25-29)
Jake Cronenworth,630105,/api/v1/people/630105,2024,30,SD,NL,1B,155,656,577,72,139,29,3,17,83,5,61,118,11,3,0.241,0.324,0.39,0.714,101.5,1,jake cronenworth,Jake Cronenworth,SD,1B,7000000.0,9000000.0,7285714.0,both,0.312110700011545,0.3992192416013489,101.5,0.0259,0.093,0.1799,0.535,2.4286,11.8571,0.102,411765.0,Veteran (30-34)
Spencer Steer,668715,/api/v1/people/668715,2024,26,CIN,NL,LF,158,656,574,74,129,34,4,20,92,25,72,137,8,2,0.225,0.319,0.402,0.721,102.9,1,spencer steer,Spencer Steer,CIN,LF/3B,750000.0,750000.0,750000.0,both,0.312110700011545,0.3992192416013489,102.9,0.0305,0.1098,0.2088,0.582,26.6667,122.6667,0.9613,37500.0,Prime (25-29)
Paul Goldschmidt,502671,/api/v1/people/502671,2024,36,STL,NL,1B,154,654,599,70,147,33,1,22,65,11,47,173,2,2,0.245,0.302,0.414,0.716,100.5,1,paul goldschmidt,Paul Goldschmidt,STL,1B,22000000.0,26000000.0,26000000.0,both,0.312110700011545,0.3992192416013489,100.5,0.0336,0.0719,0.2645,0.422,1.0,2.9545,0.0325,1000000.0,Late (35+)
Brendan Donovan,680977,/api/v1/people/680977,2024,27,STL,NL,LF,153,652,587,65,163,34,3,14,73,5,47,81,13,5,0.278,0.342,0.417,0.759,114.0,1,brendan donovan,Brendan Donovan,STL,2B,757200.0,757200.0,757200.0,both,0.312110700011545,0.3992192416013489,114.0,0.0215,0.0721,0.1242,0.477,18.4892,96.4078,1.0024,54086.0,Prime (25-29)
Teoscar Hernández,606192,/api/v1/people/606192,2024,31,LAD,NL,LF,154,652,589,84,160,32,2,33,99,12,53,188,8,1,0.272,0.339,0.501,0.84,134.1,1,teoscar hernandez,Teoscar Hernandez,LAD,LF/RF,23500000.0,24500000.0,23500000.0,both,0.312110700011545,0.3992192416013489,134.1,0.0506,0.0813,0.2883,0.643,1.4043,4.2128,0.0357,712121.0,Veteran (30-34)
Salvador Perez,521692,/api/v1/people/521692,2024,34,KC,AL,C,158,652,590,58,160,28,0,27,104,0,44,129,11,6,0.271,0.33,0.456,0.786,120.0,1,salvador perez,Salvador Perez,KC,C/1B/DH,20000000.0,20000000.0,20000000.0,both,0.312110700011545,0.3992192416013489,120.0,0.0414,0.0675,0.1979,0.658,1.35,5.2,0.0393,740741.0,Veteran (30-34)
Jeremy Peña,665161,/api/v1/people/665161,2024,26,HOU,AL,SS,157,650,602,78,160,28,2,15,70,20,25,111,14,6,0.266,0.308,0.394,0.702,97.4,1,jeremy pena,Jeremy Pena,HOU,SS,783500.0,783500.0,783500.0,both,0.312110700011545,0.3992192416013489,97.4,0.0231,0.0385,0.1708,0.446,19.1449,89.3427,0.896,52233.0,Prime (25-29)
Randy Arozarena,668227,/api/v1/people/668227,2024,29,SEA,AL,LF,154,648,549,77,120,33,0,20,60,20,73,169,22,4,0.219,0.332,0.388,0.72,103.6,2,randy arozarena,Randy Arozarena,SEA,LF,8100000.0,2830620.0,8100000.0,both,0.312110700011545,0.3992192416013489,103.6,0.0309,0.1127,0.2608,0.39,2.4691,7.4074,0.0889,405000.0,Prime (25-29)
Matt Chapman,656305,/api/v1/people/656305,2024,31,SF,NL,3B,154,647,575,98,142,39,2,27,78,15,64,158,6,2,0.247,0.328,0.463,0.791,121.1,1,matt chapman,Matt Chapman,SF,3B,16000000.0,18000000.0,16666666.0,both,0.312110700011545,0.3992192416013489,121.1,0.0417,0.0989,0.2442,0.506,1.6875,4.875,0.0494,592593.0,Veteran (30-34)
Ryan McMahon,641857,/api/v1/people/641857,2024,29,COL,NL,3B,153,645,567,68,137,28,0,20,65,4,69,185,3,4,0.242,0.325,0.397,0.722,103.6,1,ryan mcmahon,Ryan McMahon,COL,3B,12000000.0,12000000.0,12000000.0,both,0.312110700011545,0.3992192416013489,103.6,0.031,0.107,0.2868,0.425,1.6667,5.4167,0.0602,600000.0,Prime (25-29)
Manny Machado,592518,/api/v1/people/592518,2024,31,SD,NL,3B,152,643,593,77,163,30,0,29,105,11,45,124,1,4,0.275,0.325,0.472,0.797,122.4,1,manny machado,Manny Machado,SD,3B,13000000.0,13000000.0,17090909.0,both,0.312110700011545,0.3992192416013489,122.4,0.0451,0.07,0.1928,0.691,2.2308,8.0769,0.0613,448276.0,Veteran (30-34)
JJ Bleday,668709,/api/v1/people/668709,2024,26,OAK,AL,CF,159,642,572,74,139,43,4,20,60,2,67,125,2,0,0.243,0.324,0.437,0.761,113.3,1,jj bleday,JJ Bleday,OAK,CF,745000.0,745000.0,745000.0,both,0.312110700011545,0.3992192416013489,113.3,0.0312,0.1044,0.1947,0.377,26.8456,80.5369,1.0215,37250.0,Prime (25-29)
Nico Hoerner,663538,/api/v1/people/663538,2024,27,CHC,NL,2B,151,641,582,86,159,35,1,7,48,31,44,66,12,3,0.273,0.335,0.373,0.708,100.8,1,nico hoerner,Nico Hoerner,CHC,2B,11500000.0,11500000.0,11500000.0,both,0.312110700011545,0.3992192416013489,100.8,0.0109,0.0686,0.103,0.318,0.6087,4.1739,0.0616,1642857.0,Prime (25-29)
Isaac Paredes,670623,/api/v1/people/670623,2024,25,CHC,NL,3B,153,641,542,64,129,25,1,19,80,1,76,105,17,6,0.238,0.346,0.393,0.739,109.3,2,isaac paredes,Isaac Paredes,CHC,3B,3400000.0,1169892.0,3400000.0,both,0.312110700011545,0.3992192416013489,109.3,0.0296,0.1186,0.1638,0.523,5.5882,23.5294,0.2174,178947.0,Prime (25-29)
Eugenio Suárez,553993,/api/v1/people/553993,2024,32,AZ,NL,3B,158,640,571,90,146,28,2,30,101,2,49,176,9,11,0.256,0.319,0.469,0.788,119.7,1,eugenio suarez,Eugenio Suarez,ARI,3B,11000000.0,11000000.0,11285716.0,both,0.312110700011545,0.3992192416013489,119.7,0.0469,0.0766,0.275,0.639,2.7273,9.1818,0.0716,366667.0,Veteran (30-34)
Freddie Freeman,518692,/api/v1/people/518692,2024,34,LAD,NL,1B,147,638,542,81,153,35,2,22,89,9,78,100,10,8,0.282,0.378,0.476,0.854,140.3,1,freddie freeman,Freddie Freeman,LAD,1B,27000000.0,20000000.0,25145183.0,both,0.312110700011545,0.3992192416013489,140.3,0.0345,0.1223,0.1567,0.605,0.8148,3.2963,0.0316,1227273.0,Veteran (30-34)
Adley Rutschman,668939,/api/v1/people/668939,2024,26,BAL,AL,C,148,638,571,68,143,21,1,19,79,1,58,103,2,7,0.25,0.318,0.391,0.709,99.8,1,adley rutschman,Adley Rutschman,BAL,C,760300.0,760300.0,760300.0,both,0.312110700011545,0.3992192416013489,99.8,0.0298,0.0909,0.1614,0.534,24.9901,103.9064,0.9325,40016.0,Prime (25-29)
Adolis García,666969,/api/v1/people/666969,2024,31,TEX,AL,RF,154,637,580,68,130,27,0,25,85,11,45,177,6,6,0.224,0.284,0.4,0.684,91.2,1,adolis garcia,Adolis García,TEX,RF,4750000.0,4750000.0,4750000.0,both,0.312110700011545,0.3992192416013489,91.2,0.0392,0.0706,0.2779,0.552,5.2632,17.8947,0.144,190000.0,Veteran (30-34)
Jonathan India,663697,/api/v1/people/663697,2024,27,CIN,NL,2B,151,637,533,84,132,28,2,15,58,13,80,125,15,7,0.248,0.357,0.392,0.749,112.6,1,jonathan india,Jonathan India,CIN,2B,3800000.0,3800000.0,3800000.0,both,0.312110700011545,0.3992192416013489,112.6,0.0235,0.1256,0.1962,0.384,3.9474,15.2632,0.1971,253333.0,Prime (25-29)
Masyn Winn,691026,/api/v1/people/691026,2024,22,STL,NL,SS,150,637,587,85,157,32,5,15,57,11,41,109,1,5,0.267,0.314,0.416,0.73,104.8,1,masyn winn,Masyn Winn,STL,SS,742250.0,742250.0,742250.0,both,0.312110700011545,0.3992192416013489,104.8,0.0235,0.0644,0.1711,0.38,20.2088,76.7935,0.9835,49483.0,U25
Yordan Alvarez,670541,/api/v1/people/670541,2024,27,HOU,AL,DH,147,635,552,88,170,34,2,35,86,6,69,95,10,4,0.308,0.392,0.567,0.959,167.6,1,yordan alvarez,Yordan Alvarez,HOU,DH/LF,10000000.0,10000000.0,10833333.0,both,0.312110700011545,0.3992192416013489,167.6,0.0551,0.1087,0.1496,0.585,3.5,8.6,0.0959,285714.0,Prime (25-29)
Nolan Arenado,571448,/api/v1/people/571448,2024,33,STL,NL,3B,152,635,578,70,157,23,0,16,71,2,44,92,5,7,0.272,0.325,0.394,0.719,102.8,1,nolan arenado,Nolan Arenado,STL,3B,35000000.0,24000000.0,35000000.0,both,0.312110700011545,0.3992192416013489,102.8,0.0252,0.0693,0.1449,0.467,0.4571,2.0286,0.0205,2187500.0,Veteran (30-34)
Willi Castro,650489,/api/v1/people/650489,2024,27,MIN,AL,SS,158,635,558,89,138,31,5,12,60,14,51,150,21,4,0.247,0.331,0.385,0.716,102.5,1,willi castro,Willi Castro,MIN,CF,3300000.0,3300000.0,3300000.0,both,0.312110700011545,0.3992192416013489,102.5,0.0189,0.0803,0.2362,0.38,3.6364,18.1818,0.217,275000.0,Prime (25-29)
Alex Bregman,608324,/api/v1/people/608324,2024,30,HOU,AL,3B,145,634,581,79,151,30,2,26,75,3,44,86,5,4,0.26,0.315,0.453,0.768,114.4,1,alex bregman,Alex Bregman,HOU,3B,28500000.0,28500000.0,30500000.0,both,0.312110700011545,0.3992192416013489,114.4,0.041,0.0694,0.1356,0.517,0.9123,2.6316,0.0269,1096154.0,Veteran (30-34)
Andrés Giménez,665926,/api/v1/people/665926,2024,25,CLE,AL,2B,152,633,583,64,147,22,1,9,63,30,26,97,15,6,0.252,0.298,0.34,0.638,80.6,1,andres gimenez,Andres Gimenez,CLE,2B,5000000.0,5050000.0,5621429.0,both,0.312110700011545,0.3992192416013489,80.6,0.0142,0.0411,0.1532,0.414,1.8,12.6,0.1276,555556.0,Prime (25-29)
Josh Naylor,647304,/api/v1/people/647304,2024,27,CLE,AL,1B,152,633,563,84,137,27,0,31,108,6,58,105,7,4,0.243,0.32,0.456,0.776,116.8,1,josh naylor,Josh Naylor,CLE,1B/OF,6500000.0,6500000.0,6500000.0,both,0.312110700011545,0.3992192416013489,116.8,0.049,0.0916,0.1659,0.711,4.7692,16.6154,0.1194,209677.0,Prime (25-29)
Bryce Harper,547180,/api/v1/people/547180,2024,31,PHI,NL,1B,145,631,550,85,157,42,0,30,87,7,76,138,2,2,0.285,0.373,0.525,0.898,151.0,1,bryce harper,Bryce Harper,PHI,1B,26000000.0,26100000.0,27638462.0,both,0.312110700011545,0.3992192416013489,151.0,0.0475,0.1204,0.2187,0.6,1.1538,3.3462,0.0345,866667.0,Veteran (30-34)
Cal Raleigh,663728,/api/v1/people/663728,2024,27,SEA,AL,C,153,628,546,73,120,16,0,34,100,6,70,176,6,6,0.22,0.312,0.436,0.748,109.2,1,cal raleigh,Cal Raleigh,SEA,C,795000.0,795000.0,795000.0,both,0.312110700011545,0.3992192416013489,109.2,0.0541,0.1115,0.2803,0.654,42.7673,125.7862,0.9409,23382.0,Prime (25-29)
Maikel Garcia,672580,/api/v1/people/672580,2024,24,KC,AL,3B,157,626,575,84,133,27,5,7,58,37,42,103,0,5,0.231,0.281,0.332,0.613,73.2,1,maikel garcia,Maikel Garcia,KC,2B,751250.0,751250.0,751250.0,both,0.312110700011545,0.3992192416013489,73.2,0.0112,0.0671,0.1645,0.369,9.3178,77.2047,0.816,107321.0,U25
Bryan De La Cruz,650559,/api/v1/people/650559,2024,27,PIT,NL,RF,149,622,584,61,136,25,0,21,68,5,29,170,3,5,0.233,0.271,0.384,0.655,83.0,2,bryan de la cruz,Bryan De La Cruz,PIT,RF,768000.0,247740.0,768000.0,both,0.312110700011545,0.3992192416013489,83.0,0.0338,0.0466,0.2733,0.456,27.3438,88.5417,0.8529,36571.0,Prime (25-29)
Jazz Chisholm Jr.,665862,/api/v1/people/665862,2024,26,NYY,AL,3B,147,621,562,74,144,21,4,24,73,40,53,152,4,2,0.256,0.324,0.436,0.76,113.0,2,jazz chisholm,Jazz Chisholm,NYY,3B,2625000.0,903232.0,2625000.0,both,0.312110700011545,0.3992192416013489,113.0,0.0386,0.0853,0.2448,0.497,9.1429,27.8095,0.2895,109375.0,Prime (25-29)
Yandy Díaz,650490,/api/v1/people/650490,2024,32,TB,AL,1B,145,621,563,55,158,31,1,14,65,0,50,95,4,4,0.281,0.341,0.414,0.755,113.0,1,yandy diaz,Yandy Diaz,TB,1B,8000000.0,8000000.0,8000000.0,both,0.312110700011545,0.3992192416013489,113.0,0.0225,0.0805,0.153,0.448,1.75,8.125,0.0944,571429.0,Veteran (30-34)
Alex Verdugo,657077,/api/v1/people/657077,2024,28,NYY,AL,LF,149,621,559,74,130,28,1,13,61,2,49,93,1,10,0.233,0.291,0.356,0.647,82.4,1,alex verdugo,Alex Verdugo,NYY,LF,8700000.0,9200000.0,9200000.0,both,0.312110700011545,0.3992192416013489,82.4,0.0209,0.0789,0.1498,0.409,1.4943,7.0115,0.0744,669231.0,Prime (25-29)
Yainer Diaz,673237,/api/v1/people/673237,2024,25,HOU,AL,C,148,619,585,70,175,29,3,16,84,2,24,107,2,8,0.299,0.325,0.441,0.766,114.6,1,yainer diaz,Yainer Diaz,HOU,C,768900.0,768900.0,768900.0,both,0.312110700011545,0.3992192416013489,114.6,0.0258,0.0388,0.1729,0.568,20.8089,109.247,0.9962,48056.0,Prime (25-29)
Brice Turang,668930,/api/v1/people/668930,2024,24,MIL,NL,2B,155,619,559,72,142,24,4,7,57,50,50,105,2,3,0.254,0.316,0.349,0.665,88.7,1,brice turang,Brice Turang,MIL,2B,748200.0,748200.0,748200.0,both,0.312110700011545,0.3992192416013489,88.7,0.0113,0.0808,0.1696,0.368,9.3558,76.1828,0.8888,106886.0,U25
Andrew Vaughn,683734,/api/v1/people/683734,2024,26,CWS,AL,1B,149,619,570,55,140,30,1,19,70,2,38,132,6,5,0.246,0.297,0.402,0.699,95.9,1,andrew vaughn,Andrew Vaughn,CHW,1B/OF,3250000.0,3250000.0,3250000.0,both,0.312110700011545,0.3992192416013489,95.9,0.0307,0.0614,0.2132,0.47,5.8462,21.5385,0.2151,171053.0,Prime (25-29)
Brent Rooker,667670,/api/v1/people/667670,2024,29,OAK,AL,DH,145,614,546,82,160,26,2,39,112,11,59,177,5,4,0.293,0.365,0.562,0.927,157.7,1,brent rooker,Brent Rooker,OAK,DH,750000.0,750000.0,750000.0,both,0.312110700011545,0.3992192416013489,157.7,0.0635,0.0961,0.2883,0.772,52.0,149.3333,1.236,19231.0,Prime (25-29)
George Springer,543807,/api/v1/people/543807,2024,34,TOR,AL,RF,145,614,545,74,120,19,3,19,56,16,60,115,6,2,0.22,0.303,0.371,0.674,90.0,1,george springer,George Springer,TOR,RF,22500000.0,22500000.0,24166667.0,both,0.312110700011545,0.3992192416013489,90.0,0.0309,0.0977,0.1873,0.386,0.8444,2.4889,0.03,1184211.0,Veteran (30-34)
Julio Rodríguez,677594,/api/v1/people/677594,2024,23,SEA,AL,CF,143,613,567,76,155,17,0,20,68,24,38,156,6,2,0.273,0.325,0.409,0.734,106.6,1,julio rodriguez,Julio Rodriguez,SEA,CF,10000000.0,10000000.0,12185714.0,both,0.312110700011545,0.3992192416013489,106.6,0.0326,0.062,0.2545,0.476,2.0,6.8,0.0734,500000.0,U25
Christopher Morel,666624,/api/v1/people/666624,2024,25,TB,AL,2B,152,611,535,56,105,11,3,21,60,8,61,159,10,5,0.196,0.288,0.346,0.634,78.9,2,christopher morel,Christopher Morel,TB,DH,767000.0,259812.0,767000.0,both,0.312110700011545,0.3992192416013489,78.9,0.0344,0.0998,0.2602,0.395,27.3794,78.2269,0.8266,36524.0,Prime (25-29)
Nolan Schanuel,694384,/api/v1/people/694384,2024,22,LAA,AL,1B,147,607,519,62,130,19,0,13,54,10,68,103,9,7,0.25,0.343,0.362,0.705,100.6,1,nolan schanuel,Nolan Schanuel,LAA,1B,750000.0,750000.0,750000.0,both,0.312110700011545,0.3992192416013489,100.6,0.0214,0.112,0.1697,0.367,17.3333,72.0,0.94,57692.0,U25
Alec Bohm,664761,/api/v1/people/664761,2024,27,PHI,NL,3B,143,606,554,62,155,44,2,15,97,5,40,86,6,6,0.28,0.332,0.448,0.78,118.6,1,alec bohm,Alec Bohm,PHI,3B,4000000.0,4000000.0,4000000.0,both,0.312110700011545,0.3992192416013489,118.6,0.0248,0.066,0.1419,0.678,3.75,24.25,0.195,266667.0,Prime (25-29)
Josh Bell,605137,/api/v1/people/605137,2024,31,AZ,NL,1B,145,603,538,62,134,23,2,19,71,0,51,120,6,3,0.249,0.319,0.405,0.724,103.7,2,josh bell,Josh Bell,ARI,1B,16500000.0,2250000.0,16500000.0,both,0.312110700011545,0.3992192416013489,103.7,0.0315,0.0846,0.199,0.49,1.1515,4.303,0.0439,868421.0,Veteran (30-34)
Brenton Doyle,686668,/api/v1/people/686668,2024,26,COL,NL,CF,149,603,542,82,141,24,4,23,72,30,46,153,3,8,0.26,0.317,0.446,0.763,113.3,1,brenton doyle,Brenton Doyle,COL,CF/OF,742000.0,742000.0,742000.0,both,0.312110700011545,0.3992192416013489,113.3,0.0381,0.0763,0.2537,0.483,30.9973,97.035,1.0283,32261.0,Prime (25-29)
CJ Abrams,682928,/api/v1/people/682928,2024,23,WSH,NL,SS,138,602,541,79,133,29,6,20,65,31,40,128,16,4,0.246,0.314,0.433,0.747,109.1,1,cj abrams,CJ Abrams,WSH,SS,752400.0,712248.0,752400.0,both,0.312110700011545,0.3992192416013489,109.1,0.0332,0.0664,0.2126,0.471,26.5816,86.3902,0.9928,37620.0,U25
Orlando Arcia,606115,/api/v1/people/606115,2024,29,ATL,NL,SS,157,602,551,50,120,24,0,17,46,2,41,128,2,7,0.218,0.271,0.354,0.625,75.5,1,orlando arcia,Orlando Arcia,ATL,SS,2000000.0,2000000.0,2000000.0,both,0.312110700011545,0.3992192416013489,75.5,0.0282,0.0681,0.2126,0.293,8.5,23.0,0.3125,117647.0,Prime (25-29)
Zach Neto,687263,/api/v1/people/687263,2024,23,LAA,AL,SS,155,602,542,70,135,34,1,23,77,30,39,140,16,1,0.249,0.318,0.443,0.761,112.9,1,zach neto,Zach Neto,LAA,SS,750000.0,750000.0,750000.0,both,0.312110700011545,0.3992192416013489,112.9,0.0382,0.0648,0.2326,0.497,30.6667,102.6667,1.0147,32609.0,U25
Rafael Devers,646240,/api/v1/people/646240,2024,27,BOS,AL,3B,138,601,525,87,143,34,5,28,83,3,67,147,3,6,0.272,0.354,0.516,0.87,142.7,1,rafael devers,Rafael Devers,BOS,3B,27500000.0,25000000.0,29318181.0,both,0.312110700011545,0.3992192416013489,142.7,0.0466,0.1115,0.2446,0.601,1.0182,3.0182,0.0316,982143.0,Prime (25-29)
Oneil Cruz,665833,/api/v1/people/665833,2024,25,PIT,NL,SS,146,599,541,72,140,34,3,21,76,22,51,181,3,4,0.259,0.324,0.449,0.773,116.3,1,oneil cruz,Oneil Cruz,PIT,CF/SS,755000.0,755000.0,755000.0,both,0.312110700011545,0.3992192416013489,116.3,0.0351,0.0851,0.3022,0.521,27.8146,100.6623,1.0238,35952.0,Prime (25-29)
Alec Burleson,676475,/api/v1/people/676475,2024,25,STL,NL,DH,152,595,547,71,147,20,0,21,78,9,35,76,4,6,0.269,0.314,0.42,0.734,105.8,1,alec burleson,Alec Burleson,STL,DH,750050.0,750050.0,750050.0,both,0.312110700011545,0.3992192416013489,105.8,0.0353,0.0588,0.1277,0.513,27.9981,103.9931,0.9786,35717.0,Prime (25-29)
Carlos Santana,467793,/api/v1/people/467793,2024,38,MIN,AL,1B,150,594,521,63,124,26,0,23,71,4,65,99,6,2,0.238,0.328,0.42,0.748,110.3,1,carlos santana,Carlos Santana,MIN,1B/DH,5250000.0,5500000.0,5500000.0,both,0.312110700011545,0.3992192416013489,110.3,0.0387,0.1094,0.1667,0.473,4.381,13.5238,0.1425,228261.0,Late (35+)
Jackson Merrill,701538,/api/v1/people/701538,2024,21,SD,NL,CF,156,593,554,77,162,31,6,24,90,16,29,101,1,5,0.292,0.326,0.5,0.826,129.7,1,jackson merrill,Jackson Merrill,SD,CF,740000.0,740000.0,740000.0,both,0.312110700011545,0.3992192416013489,129.7,0.0405,0.0489,0.1703,0.577,32.4324,121.6216,1.1162,30833.0,U25
Dansby Swanson,621020,/api/v1/people/621020,2024,30,CHC,NL,SS,149,593,534,82,129,27,2,16,66,19,54,144,2,3,0.242,0.312,0.39,0.702,97.7,1,dansby swanson,Dansby Swanson,CHC,SS,25000000.0,25000000.0,26000000.0,both,0.312110700011545,0.3992192416013489,97.7,0.027,0.0911,0.2428,0.443,0.64,2.64,0.0281,1562500.0,Veteran (30-34)
Josh Smith,669701,/api/v1/people/669701,2024,26,TEX,AL,3B,149,592,523,67,135,30,1,13,62,11,46,121,18,3,0.258,0.337,0.394,0.731,106.7,1,josh smith,Josh H. Smith,TEX,DH,749500.0,749500.0,749500.0,both,0.312110700011545,0.3992192416013489,106.7,0.022,0.0777,0.2044,0.416,17.3449,82.7218,0.9753,57654.0,Prime (25-29)
Seiya Suzuki,673548,/api/v1/people/673548,2024,29,CHC,NL,RF,132,585,512,74,145,27,6,21,73,16,63,160,6,4,0.283,0.366,0.482,0.848,138.0,1,seiya suzuki,Seiya Suzuki,CHC,DH,20000000.0,20000000.0,21000000.0,both,0.312110700011545,0.3992192416013489,138.0,0.0359,0.1077,0.2735,0.553,1.05,3.65,0.0424,952381.0,Prime (25-29)
Riley Greene,682985,/api/v1/people/682985,2024,23,DET,AL,LF,137,584,512,82,134,27,6,24,74,4,64,156,5,2,0.262,0.348,0.479,0.827,131.5,1,riley greene,Riley Greene,DET,LF,766300.0,766300.0,766300.0,both,0.312110700011545,0.3992192416013489,131.5,0.0411,0.1096,0.2671,0.54,31.3193,96.5679,1.0792,31929.0,U25
Ketel Marte,606466,/api/v1/people/606466,2024,30,AZ,NL,2B,136,583,504,93,147,23,2,36,95,7,65,106,5,9,0.292,0.372,0.56,0.932,159.5,1,ketel marte,Ketel Marte,ARI,2B,13000000.0,13000000.0,13600000.0,both,0.312110700011545,0.3992192416013489,159.5,0.0617,0.1115,0.1818,0.699,2.7692,7.3077,0.0717,361111.0,Veteran (30-34)
Jake Burger,669394,/api/v1/people/669394,2024,28,MIA,NL,1B,137,579,535,68,134,23,1,29,76,1,31,150,9,4,0.25,0.301,0.46,0.761,111.7,1,jake burger,Jake Burger,MIA,1B/3B/DH,760000.0,760000.0,760000.0,both,0.312110700011545,0.3992192416013489,111.7,0.0501,0.0535,0.2591,0.555,38.1579,100.0,1.0013,26207.0,Prime (25-29)
Jorge Soler,624585,/api/v1/people/624585,2024,32,ATL,NL,RF,142,574,493,84,119,34,1,21,64,1,68,141,6,4,0.241,0.338,0.442,0.78,119.0,2,jorge soler,Jorge Soler,ATL,RF/DH,7000000.0,2295674.0,10000000.0,both,0.312110700011545,0.3992192416013489,119.0,0.0366,0.1185,0.2456,0.451,3.0,9.1429,0.1114,333333.0,Veteran (30-34)
Jackson Chourio,694192,/api/v1/people/694192,2024,20,MIL,NL,LF,148,573,528,80,145,29,4,21,79,22,39,121,3,2,0.275,0.327,0.464,0.791,121.0,1,jackson chourio,Jackson Chourio,MIL,LF/RF,2000000.0,4000000.0,2250000.0,both,0.312110700011545,0.3992192416013489,121.0,0.0366,0.0681,0.2112,0.534,10.5,39.5,0.3955,95238.0,U25
Ceddanne Rafaela,678882,/api/v1/people/678882,2024,23,BOS,AL,CF,152,571,544,70,134,23,5,15,75,19,15,151,7,3,0.246,0.274,0.39,0.664,85.5,1,ceddanne rafaela,Ceddanne Rafaela,BOS,CF,1000000.0,3000000.0,1250000.0,both,0.312110700011545,0.3992192416013489,85.5,0.0263,0.0263,0.2644,0.493,15.0,75.0,0.664,66667.0,U25
Bryson Stott,681082,/api/v1/people/681082,2024,26,PHI,NL,2B,148,571,506,65,124,19,2,11,57,32,53,93,3,9,0.245,0.315,0.356,0.671,90.1,1,bryson stott,Bryson Stott,PHI,2B,768000.0,768000.0,768000.0,both,0.312110700011545,0.3992192416013489,90.1,0.0193,0.0928,0.1629,0.385,14.3229,74.2188,0.8737,69818.0,Prime (25-29)
Cody Bellinger,641355,/api/v1/people/641355,2024,28,CHC,NL,RF,130,569,516,72,137,23,3,18,78,9,45,89,3,5,0.266,0.325,0.426,0.751,110.8,1,cody bellinger,Cody Bellinger,CHC,RF/CF/1B,27500000.0,27500000.0,27500000.0,both,0.312110700011545,0.3992192416013489,110.8,0.0316,0.0791,0.1564,0.6,0.6545,2.8364,0.0273,1527778.0,Prime (25-29)
Michael Busch,683737,/api/v1/people/683737,2024,26,CHC,NL,1B,152,567,496,73,123,28,2,21,65,2,63,162,4,4,0.248,0.335,0.44,0.775,117.5,1,michael busch,Michael Busch,CHC,1B,741500.0,741500.0,741500.0,both,0.312110700011545,0.3992192416013489,117.5,0.037,0.1111,0.2857,0.428,28.321,87.6601,1.0452,35310.0,Prime (25-29)
Matt Vierling,663837,/api/v1/people/663837,2024,27,DET,AL,CF,144,567,518,80,133,28,5,16,57,6,41,121,3,5,0.257,0.312,0.423,0.735,105.9,1,matt vierling,Matt Vierling,DET,RF,766000.0,766000.0,766000.0,both,0.312110700011545,0.3992192416013489,105.9,0.0282,0.0723,0.2134,0.396,20.8877,74.4125,0.9595,47875.0,Prime (25-29)
Nathaniel Lowe,663993,/api/v1/people/663993,2024,28,TEX,AL,1B,140,565,486,62,129,16,1,16,69,2,71,125,4,4,0.265,0.361,0.401,0.762,116.1,1,nathaniel lowe,Nathaniel Lowe,TEX,1B,7500000.0,7500000.0,7500000.0,both,0.312110700011545,0.3992192416013489,116.1,0.0283,0.1257,0.2212,0.493,2.1333,9.2,0.1016,468750.0,Prime (25-29)
Colton Cowser,681297,/api/v1/people/681297,2024,24,BAL,AL,LF,153,561,499,77,121,24,3,24,69,9,52,172,7,3,0.242,0.321,0.447,0.768,114.8,1,colton cowser,Colton Cowser,BAL,LF,742800.0,742800.0,742800.0,both,0.312110700011545,0.3992192416013489,114.8,0.0428,0.0927,0.3066,0.451,32.3102,92.8918,1.0339,30950.0,U25
Wyatt Langford,694671,/api/v1/people/694671,2024,22,TEX,AL,LF,134,557,499,74,126,25,4,16,74,19,51,115,4,3,0.253,0.325,0.415,0.74,108.1,1,wyatt langford,Wyatt Langford,TEX,LF,740000.0,740000.0,740000.0,both,0.312110700011545,0.3992192416013489,108.1,0.0287,0.0916,0.2065,0.552,21.6216,100.0,1.0,46250.0,U25
Colt Keith,690993,/api/v1/people/690993,2024,22,DET,AL,2B,148,556,516,54,134,15,4,13,61,7,36,110,2,2,0.26,0.309,0.38,0.689,94.2,1,colt keith,Colt Keith,DET,2B,2500000.0,4500000.0,2833333.0,both,0.312110700011545,0.3992192416013489,94.2,0.0234,0.0647,0.1978,0.412,5.2,24.4,0.2756,192308.0,U25
Vinnie Pasquantino,686469,/api/v1/people/686469,2024,26,KC,AL,1B,131,554,496,64,130,30,2,19,97,1,40,71,4,13,0.262,0.315,0.446,0.761,112.6,1,vinnie pasquantino,Vinnie Pasquantino,KC,1B,752750.0,752750.0,752750.0,both,0.312110700011545,0.3992192416013489,112.6,0.0343,0.0722,0.1282,0.74,25.2408,128.8608,1.011,39618.0,Prime (25-29)
Lourdes Gurriel Jr.,666971,/api/v1/people/666971,2024,30,AZ,NL,LF,133,553,513,72,143,22,2,18,75,7,29,101,6,5,0.279,0.322,0.435,0.757,112.1,1,lourdes gurriel,Lourdes Gurriel Jr.,ARI,LF,10000000.0,10000000.0,10000000.0,both,0.312110700011545,0.3992192416013489,112.1,0.0325,0.0524,0.1826,0.564,1.8,7.5,0.0757,555556.0,Veteran (30-34)
Christian Walker,572233,/api/v1/people/572233,2024,33,AZ,NL,1B,130,552,479,72,120,26,0,26,84,2,55,133,10,8,0.251,0.335,0.468,0.803,124.6,1,christian walker,Christian Walker,ARI,1B,10900000.0,10900000.0,10900000.0,both,0.312110700011545,0.3992192416013489,124.6,0.0471,0.0996,0.2409,0.646,2.3853,7.7064,0.0737,419231.0,Veteran (30-34)
Zack Gelof,680869,/api/v1/people/680869,2024,24,OAK,AL,2B,138,547,497,60,105,20,2,17,49,25,38,188,4,5,0.211,0.27,0.362,0.632,77.2,1,zack gelof,Zack Gelof,OAK,2B,740000.0,740000.0,740000.0,both,0.312110700011545,0.3992192416013489,77.2,0.0311,0.0695,0.3437,0.355,22.973,66.2162,0.8541,43529.0,U25
Will Smith,669257,/api/v1/people/669257,2024,29,LAD,NL,C,128,544,476,77,118,24,2,20,75,1,51,105,9,8,0.248,0.327,0.433,0.76,113.2,1,will smith,Will Smith,LAD,C,13550000.0,38550000.0,16550000.0,both,0.312110700011545,0.3992192416013489,113.2,0.0368,0.0938,0.193,0.586,1.476,5.5351,0.0561,677500.0,Prime (25-29)
Steven Kwan,680757,/api/v1/people/680757,2024,26,CLE,AL,LF,122,540,480,83,140,16,3,14,44,12,53,51,5,0,0.292,0.368,0.425,0.793,124.4,1,steven kwan,Steven Kwan,CLE,LF,757600.0,757600.0,757600.0,both,0.312110700011545,0.3992192416013489,124.4,0.0259,0.0981,0.0944,0.361,18.4794,58.0781,1.0467,54114.0,Prime (25-29)
Brendan Rodgers,663898,/api/v1/people/663898,2024,27,COL,NL,2B,135,539,501,67,134,29,1,13,54,1,31,132,4,2,0.267,0.314,0.407,0.721,102.6,1,brendan rodgers,Brendan Rodgers,COL,2B,3200000.0,3200000.0,3200000.0,both,0.312110700011545,0.3992192416013489,102.6,0.0241,0.0575,0.2449,0.4,4.0625,16.875,0.2253,246154.0,Prime (25-29)
Justin Turner,457759,/api/v1/people/457759,2024,39,SEA,AL,1B,139,539,460,59,119,24,0,11,55,0,59,95,13,7,0.259,0.354,0.383,0.737,109.4,2,justin turner,Justin Turner,SEA,DH/1B,13000000.0,2903226.0,13500000.0,both,0.312110700011545,0.3992192416013489,109.4,0.0204,0.1095,0.1763,0.396,0.8462,4.2308,0.0567,1181818.0,Late (35+)
Trea Turner,607208,/api/v1/people/607208,2024,31,PHI,NL,SS,121,539,505,88,149,25,0,21,62,19,27,98,6,1,0.295,0.338,0.469,0.807,125.8,1,trea turner,Trea Turner,PHI,SS,27272727.0,27322727.0,27272727.0,both,0.312110700011545,0.3992192416013489,125.8,0.039,0.0501,0.1818,0.512,0.77,2.2733,0.0296,1298701.0,Veteran (30-34)
Jesús Sánchez,660821,/api/v1/people/660821,2024,26,MIA,NL,RF,149,537,489,60,123,25,1,18,64,16,41,140,4,2,0.252,0.313,0.417,0.73,104.7,1,jesus sanchez,Jesús Sánchez,MIA,LF,2100000.0,2100000.0,2100000.0,both,0.312110700011545,0.3992192416013489,104.7,0.0335,0.0764,0.2607,0.43,8.5714,30.4762,0.3476,116667.0,Prime (25-29)
Ty France,664034,/api/v1/people/664034,2024,29,CIN,NL,1B,140,535,479,46,112,24,0,13,51,1,38,114,13,5,0.234,0.305,0.365,0.67,89.2,2,ty france,Ty France,CIN,1B,6775000.0,1000000.0,6775000.0,both,0.312110700011545,0.3992192416013489,89.2,0.0243,0.071,0.2131,0.364,1.9188,7.5277,0.0989,521154.0,Prime (25-29)
Shea Langeliers,669127,/api/v1/people/669127,2024,26,OAK,AL,C,137,534,482,58,108,18,2,29,80,4,41,145,5,6,0.224,0.288,0.45,0.738,105.0,1,shea langeliers,Shea Langeliers,OAK,C,745000.0,745000.0,745000.0,both,0.312110700011545,0.3992192416013489,105.0,0.0543,0.0768,0.2715,0.584,38.9262,107.3826,0.9906,25690.0,Prime (25-29)
Corey Seager,608369,/api/v1/people/608369,2024,30,TEX,AL,SS,123,533,475,68,132,21,0,30,74,1,53,96,3,2,0.278,0.353,0.512,0.865,141.4,1,corey seager,Corey Seager,TEX,SS,34500000.0,34500000.0,35000000.0,both,0.312110700011545,0.3992192416013489,141.4,0.0563,0.0994,0.1801,0.602,0.8696,2.1449,0.0251,1150000.0,Veteran (30-34)
Leody Taveras,665750,/api/v1/people/665750,2024,25,TEX,AL,CF,151,529,480,59,110,17,3,12,44,23,42,112,0,4,0.229,0.289,0.352,0.641,80.8,1,leody taveras,Leody Taveras,TEX,CF,2550000.0,2550000.0,2550000.0,both,0.312110700011545,0.3992192416013489,80.8,0.0227,0.0794,0.2117,0.291,4.7059,17.2549,0.2514,212500.0,Prime (25-29)
Luis García Jr.,671277,/api/v1/people/671277,2024,24,WSH,NL,2B,140,528,500,58,141,25,1,18,70,22,27,86,0,1,0.282,0.318,0.444,0.762,113.1,1,luis garcia,Luis Garcia,BOS,RP/SU8,4250000.0,1370940.0,4250000.0,both,0.312110700011545,0.3992192416013489,113.1,0.0341,0.0511,0.1629,0.5,4.2353,16.4706,0.1793,236111.0,U25
Lane Thomas,657041,/api/v1/people/657041,2024,28,CLE,AL,CF,130,528,472,65,112,26,3,15,63,32,44,137,7,5,0.237,0.309,0.4,0.709,99.2,2,lane thomas,Lane Thomas,CLE,CF,5450000.0,1816662.0,5450000.0,both,0.312110700011545,0.3992192416013489,99.2,0.0284,0.0833,0.2595,0.485,2.7523,11.5596,0.1301,363333.0,Prime (25-29)
Sal Frelick,686217,/api/v1/people/686217,2024,24,MIL,NL,RF,145,524,475,66,123,22,4,2,32,18,39,78,4,1,0.259,0.32,0.335,0.655,86.4,1,sal frelick,Sal Frelick,MIL,RF,746500.0,746500.0,746500.0,both,0.312110700011545,0.3992192416013489,86.4,0.0038,0.0744,0.1489,0.221,2.6792,42.8667,0.8774,373250.0,U25
Andrew Benintendi,643217,/api/v1/people/643217,2024,29,CWS,AL,LF,135,522,477,50,109,20,0,20,64,3,41,96,1,3,0.229,0.289,0.396,0.685,91.8,1,andrew benintendi,Andrew Benintendi,CHW,LF,16500000.0,16500000.0,17100000.0,both,0.312110700011545,0.3992192416013489,91.8,0.0383,0.0785,0.1839,0.474,1.2121,3.8788,0.0415,825000.0,Prime (25-29)
Logan O'Hoppe,681351,/api/v1/people/681351,2024,24,LAA,AL,C,136,522,479,64,117,17,1,20,56,2,33,155,8,1,0.244,0.303,0.409,0.712,99.5,1,logan ohoppe,Logan O'Hoppe,LAA,C,760000.0,760000.0,760000.0,both,0.312110700011545,0.3992192416013489,99.5,0.0383,0.0632,0.2969,0.412,26.3158,73.6842,0.9368,38000.0,U25
Jacob Young,696285,/api/v1/people/696285,2024,24,WSH,NL,CF,150,521,468,75,120,24,1,3,36,33,30,102,12,2,0.256,0.316,0.331,0.647,84.2,1,jacob young,Jacob Young,WSH,CF,740000.0,712260.0,740000.0,both,0.312110700011545,0.3992192416013489,84.2,0.0058,0.0576,0.1958,0.24,4.0541,48.6486,0.8743,246667.0,U25
Heliot Ramos,671218,/api/v1/people/671218,2024,24,SF,NL,CF,121,518,475,54,128,23,3,22,72,6,37,135,2,4,0.269,0.322,0.469,0.791,120.6,1,heliot ramos,Heliot Ramos,SF,LF,740000.0,572832.0,740000.0,both,0.312110700011545,0.3992192416013489,120.6,0.0425,0.0714,0.2606,0.595,29.7297,97.2973,1.0689,33636.0,U25
Rhys Hoskins,656555,/api/v1/people/656555,2024,31,MIL,NL,1B,131,517,449,59,96,14,0,26,82,3,53,149,7,6,0.214,0.303,0.419,0.722,102.0,1,rhys hoskins,Rhys Hoskins,MIL,DH,12000000.0,12000000.0,12000000.0,both,0.312110700011545,0.3992192416013489,102.0,0.0503,0.1025,0.2882,0.626,2.1667,6.8333,0.0602,461538.0,Veteran (30-34)
Mookie Betts,605141,/api/v1/people/605141,2024,31,LAD,NL,SS,116,516,450,75,130,24,5,19,75,16,61,57,1,4,0.289,0.372,0.491,0.863,142.2,1,mookie betts,Mookie Betts,LAD,SS/RF/2B,25000000.0,22000000.0,30000000.0,both,0.312110700011545,0.3992192416013489,142.2,0.0368,0.1182,0.1105,0.647,0.76,3.0,0.0345,1315789.0,Veteran (30-34)
Andrew McCutchen,457705,/api/v1/people/457705,2024,37,PIT,NL,DH,120,515,448,66,104,18,1,20,50,3,58,133,7,2,0.232,0.328,0.411,0.739,108.0,1,andrew mccutchen,Andrew McCutchen,PIT,DH,5000000.0,5000000.0,5000000.0,both,0.312110700011545,0.3992192416013489,108.0,0.0388,0.1126,0.2583,0.417,4.0,10.0,0.1478,250000.0,Late (35+)
Tyler Stephenson,663886,/api/v1/people/663886,2024,27,CIN,NL,C,138,515,457,69,118,26,1,19,66,1,48,117,8,2,0.258,0.338,0.444,0.782,119.5,1,tyler stephenson,Tyler Stephenson,CIN,C,2525000.0,2525000.0,2525000.0,both,0.312110700011545,0.3992192416013489,119.5,0.0369,0.0932,0.2272,0.478,7.5248,26.1386,0.3097,132895.0,Prime (25-29)
Jake Meyers,676694,/api/v1/people/676694,2024,28,HOU,AL,CF,148,513,461,51,101,20,3,13,61,11,35,117,10,4,0.219,0.286,0.36,0.646,81.8,1,jake meyers,Jake Meyers,HOU,CF,767300.0,767300.0,767300.0,both,0.312110700011545,0.3992192416013489,81.8,0.0253,0.0682,0.2281,0.412,16.9425,79.4995,0.8419,59023.0,Prime (25-29)
Daulton Varsho,662139,/api/v1/people/662139,2024,27,TOR,AL,CF,136,513,459,73,98,21,7,18,58,10,48,137,4,1,0.214,0.293,0.407,0.7,95.8,1,daulton varsho,Daulton Varsho,TOR,CF,5650000.0,5650000.0,5650000.0,both,0.312110700011545,0.3992192416013489,95.8,0.0351,0.0936,0.2671,0.426,3.1858,10.2655,0.1239,313889.0,Prime (25-29)
Joey Ortiz,687401,/api/v1/people/687401,2024,25,MIL,NL,3B,142,511,440,58,105,25,6,11,60,11,56,103,6,6,0.239,0.329,0.398,0.727,105.1,1,joey ortiz,Joey Ortiz,MIL,3B,741500.0,741500.0,741500.0,both,0.312110700011545,0.3992192416013489,105.1,0.0215,0.1096,0.2016,0.423,14.8348,80.9171,0.9804,67409.0,Prime (25-29)
Jesse Winker,608385,/api/v1/people/608385,2024,30,NYM,NL,RF,145,508,430,63,109,23,0,14,58,14,63,106,10,3,0.253,0.36,0.405,0.765,116.8,2,jesse winker,Jesse Winker,NYM,LF,2000000.0,2000000.0,2000000.0,both,0.312110700011545,0.3992192416013489,116.8,0.0276,0.124,0.2087,0.4,7.0,29.0,0.3825,142857.0,Veteran (30-34)
Ryan Mountcastle,663624,/api/v1/people/663624,2024,27,BAL,AL,1B,124,507,473,54,128,30,2,13,63,3,27,114,1,6,0.271,0.308,0.425,0.733,105.1,1,ryan mountcastle,Ryan Mountcastle,BAL,1B,4137500.0,4137500.0,4137500.0,both,0.312110700011545,0.3992192416013489,105.1,0.0256,0.0533,0.2249,0.508,3.142,15.2266,0.1772,318269.0,Prime (25-29)
Gavin Sheets,657757,/api/v1/people/657757,2024,28,CWS,AL,RF,139,501,451,35,105,24,1,10,45,2,43,106,4,3,0.233,0.303,0.357,0.66,86.5,1,gavin sheets,Gavin Sheets,CHW,RF/1B/DH,756950.0,756950.0,756950.0,both,0.312110700011545,0.3992192416013489,86.5,0.02,0.0858,0.2116,0.324,13.2109,59.4491,0.8719,75695.0,Prime (25-29)
Charlie Blackmon,453568,/api/v1/people/453568,2024,37,COL,NL,DH,124,499,449,59,115,24,5,12,52,6,43,86,6,1,0.256,0.329,0.412,0.741,108.6,1,charlie blackmon,Charlie Blackmon,COL,DH/RF,13000000.0,14500000.0,14500000.0,both,0.312110700011545,0.3992192416013489,108.6,0.024,0.0862,0.1723,0.419,0.9231,4.0,0.057,1083333.0,Late (35+)
Cedric Mullins,656775,/api/v1/people/656775,2024,29,BAL,AL,CF,147,499,444,69,104,16,3,18,54,32,41,98,5,2,0.234,0.305,0.405,0.71,99.2,1,cedric mullins,Cedric Mullins,BAL,CF,6325000.0,6325000.0,6325000.0,both,0.312110700011545,0.3992192416013489,99.2,0.0361,0.0822,0.1964,0.367,2.8458,8.5375,0.1123,351389.0,Prime (25-29)
Isiah Kiner-Falefa,643396,/api/v1/people/643396,2024,29,PIT,NL,SS,133,496,465,53,125,18,4,8,43,11,16,78,10,2,0.269,0.306,0.376,0.682,92.2,2,isiah kinerfalefa,Isiah Kiner-Falefa,PIT,SS/3B,7500000.0,250000.0,7500000.0,both,0.312110700011545,0.3992192416013489,92.2,0.0161,0.0323,0.1573,0.323,1.0667,5.7333,0.0909,937500.0,Prime (25-29)
J.D. Martinez,502110,/api/v1/people/502110,2024,36,NYM,NL,DH,120,495,434,46,102,24,1,16,69,0,49,141,6,2,0.235,0.32,0.406,0.726,104.2,1,jd martinez,J.D. Martinez,NYM,DH/RF,9500000.0,4500000.0,12000000.0,both,0.312110700011545,0.3992192416013489,104.2,0.0323,0.099,0.2848,0.575,1.6842,7.2632,0.0764,593750.0,Late (35+)
Jake McCarthy,664983,/api/v1/people/664983,2024,26,AZ,NL,RF,142,495,442,66,126,13,7,8,56,25,31,78,14,3,0.285,0.349,0.4,0.749,112.0,1,jake mccarthy,Jake McCarthy,ARI,CF,766000.0,766000.0,766000.0,both,0.312110700011545,0.3992192416013489,112.0,0.0162,0.0626,0.1576,0.394,10.4439,73.107,0.9778,95750.0,Prime (25-29)
Ryan O'Hearn,656811,/api/v1/people/656811,2024,30,BAL,AL,1B,142,494,443,60,117,21,3,15,59,3,46,69,2,3,0.264,0.334,0.427,0.761,114.0,1,ryan ohearn,Ryan O'Hearn,BAL,1B/DH/OF,3500000.0,3500000.0,3500000.0,both,0.312110700011545,0.3992192416013489,114.0,0.0304,0.0931,0.1397,0.415,4.2857,16.8571,0.2174,233333.0,Veteran (30-34)
Jonah Heim,641680,/api/v1/people/641680,2024,29,TEX,AL,C,131,491,459,45,101,12,1,13,59,1,26,90,4,2,0.22,0.267,0.336,0.603,69.7,1,jonah heim,Jonah Heim,TEX,C,3050000.0,3050000.0,3050000.0,both,0.312110700011545,0.3992192416013489,69.7,0.0265,0.053,0.1833,0.45,4.2623,19.3443,0.1977,234615.0,Prime (25-29)
Michael Conforto,624424,/api/v1/people/624424,2024,31,SF,NL,LF,130,488,438,56,104,27,3,20,66,0,42,118,5,3,0.237,0.309,0.45,0.759,111.7,1,michael conforto,Michael Conforto,SF,DH,18000000.0,18000000.0,18000000.0,both,0.312110700011545,0.3992192416013489,111.7,0.041,0.0861,0.2418,0.508,1.1111,3.6667,0.0422,900000.0,Veteran (30-34)
Gavin Lux,666158,/api/v1/people/666158,2024,26,LAD,NL,2B,139,487,439,59,110,24,2,10,50,5,44,110,2,2,0.251,0.32,0.383,0.703,98.5,1,gavin lux,Gavin Lux,LAD,2B,1225000.0,1225000.0,1225000.0,both,0.312110700011545,0.3992192416013489,98.5,0.0205,0.0903,0.2259,0.36,8.1633,40.8163,0.5739,122500.0,Prime (25-29)
Connor Wong,657136,/api/v1/people/657136,2024,28,BOS,AL,C,126,487,447,54,125,24,1,13,52,8,28,114,9,2,0.28,0.333,0.425,0.758,113.2,1,connor wong,Connor Wong,BOS,C,760000.0,760000.0,760000.0,both,0.312110700011545,0.3992192416013489,113.2,0.0267,0.0575,0.2341,0.413,17.1053,68.4211,0.9974,58462.0,Prime (25-29)
Keibert Ruiz,660688,/api/v1/people/660688,2024,25,WSH,NL,C,127,485,459,46,105,21,0,13,57,3,16,54,5,5,0.229,0.26,0.359,0.619,73.2,1,keibert ruiz,Keibert Ruiz,WSH,C,6000000.0,6000000.0,6375000.0,both,0.312110700011545,0.3992192416013489,73.2,0.0268,0.033,0.1113,0.449,2.1667,9.5,0.1032,461538.0,Prime (25-29)
José Caballero,676609,/api/v1/people/676609,2024,27,TB,AL,SS,139,483,441,53,100,24,1,9,44,44,27,133,9,3,0.227,0.283,0.347,0.63,77.6,1,jose caballero,José Caballero,TB,SS,751700.0,751700.0,751700.0,both,0.312110700011545,0.3992192416013489,77.6,0.0186,0.0559,0.2754,0.317,11.9729,58.534,0.8381,83522.0,Prime (25-29)
Paul DeJong,657557,/api/v1/people/657557,2024,30,KC,AL,3B,139,482,445,54,101,17,0,24,56,2,23,156,9,5,0.227,0.276,0.427,0.703,95.4,2,paul dejong,Paul DeJong,KC,3B,1750000.0,714540.0,1900000.0,both,0.312110700011545,0.3992192416013489,95.4,0.0498,0.0477,0.3237,0.403,13.7143,32.0,0.4017,72917.0,Veteran (30-34)
Tommy Pham,502054,/api/v1/people/502054,2024,36,KC,AL,LF,116,478,440,49,109,20,3,9,39,7,35,106,2,1,0.248,0.305,0.368,0.673,89.9,3,tommy pham,Tommy Pham,KC,RF,3000000.0,467741.0,3000000.0,both,0.312110700011545,0.3992192416013489,89.9,0.0188,0.0732,0.2218,0.336,3.0,13.0,0.2243,333333.0,Late (35+)
Brandon Marsh,669016,/api/v1/people/669016,2024,26,PHI,NL,LF,135,476,418,55,104,17,3,16,60,19,50,154,2,5,0.249,0.328,0.419,0.747,110.0,1,brandon marsh,Brandon Marsh,PHI,CF,766500.0,766500.0,766500.0,both,0.312110700011545,0.3992192416013489,110.0,0.0336,0.105,0.3235,0.444,20.8741,78.2779,0.9746,47906.0,Prime (25-29)
Josh Rojas,668942,/api/v1/people/668942,2024,30,SEA,AL,3B,143,476,422,48,95,19,2,8,31,10,46,108,3,2,0.225,0.304,0.336,0.64,81.6,1,josh rojas,Josh Rojas,SEA,3B/OF/2B,3100000.0,3100000.0,3100000.0,both,0.312110700011545,0.3992192416013489,81.6,0.0168,0.0966,0.2269,0.217,2.5806,10.0,0.2065,387500.0,Veteran (30-34)
Mike Yastrzemski,573262,/api/v1/people/573262,2024,33,SF,NL,RF,140,474,428,60,99,16,9,18,57,3,38,124,6,1,0.231,0.302,0.437,0.739,106.2,1,mike yastrzemski,Mike Yastrzemski,SF,RF,7900000.0,7900000.0,7900000.0,both,0.312110700011545,0.3992192416013489,106.2,0.038,0.0802,0.2616,0.407,2.2785,7.2152,0.0935,438889.0,Veteran (30-34)
Tyler O'Neill,641933,/api/v1/people/641933,2024,29,BOS,AL,LF,113,473,411,74,99,18,0,31,61,4,53,159,7,2,0.241,0.336,0.511,0.847,135.7,1,tyler oneill,Tyler O'Neill,BOS,LF,5850000.0,5850000.0,5850000.0,both,0.312110700011545,0.3992192416013489,135.7,0.0655,0.1121,0.3362,0.54,5.2991,10.4274,0.1448,188710.0,Prime (25-29)
Jeff McNeil,643446,/api/v1/people/643446,2024,32,NYM,NL,2B,129,472,424,57,101,26,0,12,44,5,35,68,9,3,0.238,0.308,0.384,0.692,94.9,1,jeff mcneil,Jeff McNeil,NYM,2B,10250000.0,10250000.0,10250000.0,both,0.312110700011545,0.3992192416013489,94.9,0.0254,0.0742,0.1441,0.341,1.1707,4.2927,0.0675,854167.0,Veteran (30-34)
Michael Harris II,671739,/api/v1/people/671739,2024,23,ATL,NL,CF,110,470,440,58,116,14,3,16,48,10,23,94,4,3,0.264,0.304,0.418,0.722,102.1,1,michael harris,Michael Harris II,ATL,CF,5000000.0,5000000.0,5000000.0,both,0.312110700011545,0.3992192416013489,102.1,0.034,0.0489,0.2,0.436,3.2,9.6,0.1444,312500.0,U25
Ha-Seong Kim,673490,/api/v1/people/673490,2024,28,SD,NL,SS,121,470,403,60,94,16,3,11,47,22,58,77,2,3,0.233,0.33,0.37,0.7,98.4,1,haseong kim,Ha-seong Kim,SD,SS,7000000.0,7000000.0,7000000.0,both,0.312110700011545,0.3992192416013489,98.4,0.0234,0.1234,0.1638,0.388,1.5714,6.7143,0.1,636364.0,Prime (25-29)
Jorge Polanco,593871,/api/v1/people/593871,2024,30,SEA,AL,2B,118,469,417,43,89,11,0,16,45,4,46,137,4,2,0.213,0.296,0.355,0.651,83.8,1,jorge polanco,Jorge Polanco,SEA,2B,10500000.0,10500000.0,10500000.0,both,0.312110700011545,0.3992192416013489,83.8,0.0341,0.0981,0.2921,0.381,1.5238,4.2857,0.062,656250.0,Veteran (30-34)
Austin Riley,663586,/api/v1/people/663586,2024,27,ATL,NL,3B,110,469,425,63,109,26,2,19,56,0,37,118,5,2,0.256,0.322,0.461,0.783,118.6,1,austin riley,Austin Riley,ATL,3B,21000000.0,21000000.0,21000000.0,both,0.312110700011545,0.3992192416013489,118.6,0.0405,0.0789,0.2516,0.509,0.9048,2.6667,0.0373,1105263.0,Prime (25-29)
Ryan Jeffers,680777,/api/v1/people/680777,2024,27,MIN,AL,C,122,465,412,56,93,22,0,21,64,3,32,94,14,6,0.226,0.3,0.432,0.732,104.3,1,ryan jeffers,Ryan Jeffers,MIN,C,2425000.0,2425000.0,2425000.0,both,0.312110700011545,0.3992192416013489,104.3,0.0452,0.0688,0.2022,0.525,8.6598,26.3918,0.3019,115476.0,Prime (25-29)
Xander Bogaerts,593428,/api/v1/people/593428,2024,31,SD,NL,2B,111,463,428,50,113,15,1,11,44,13,28,79,1,6,0.264,0.307,0.381,0.688,93.8,1,xander bogaerts,Xander Bogaerts,SD,2B,25000000.0,25000000.0,25454545.0,both,0.312110700011545,0.3992192416013489,93.8,0.0238,0.0605,0.1706,0.396,0.44,1.76,0.0275,2272727.0,Veteran (30-34)
Jeimer Candelario,600869,/api/v1/people/600869,2024,30,CIN,NL,3B,112,463,427,47,96,23,2,20,56,4,27,114,6,3,0.225,0.279,0.429,0.708,96.9,1,jeimer candelario,Jeimer Candelario,CIN,3B,15000000.0,18000000.0,16000000.0,both,0.312110700011545,0.3992192416013489,96.9,0.0432,0.0583,0.2462,0.5,1.3333,3.7333,0.0472,750000.0,Veteran (30-34)
Mark Canha,592192,/api/v1/people/592192,2024,35,SF,NL,1B,125,462,393,46,95,20,0,7,42,7,51,96,13,5,0.242,0.344,0.346,0.69,96.9,2,mark canha,Mark Canha,SF,1B/DH/LF,11500000.0,3709680.0,11500000.0,both,0.312110700011545,0.3992192416013489,96.9,0.0152,0.1104,0.2078,0.336,0.6087,3.6522,0.06,1642857.0,Late (35+)
Gio Urshela,570482,/api/v1/people/570482,2024,32,ATL,NL,3B,128,461,432,34,108,19,1,9,52,0,23,72,1,5,0.25,0.286,0.361,0.647,82.1,2,giovanny urshela,Giovanny Urshela,ATL,3B,740000.0,163098.0,740000.0,both,0.312110700011545,0.3992192416013489,82.1,0.0195,0.0499,0.1562,0.406,12.1622,70.2703,0.8743,82222.0,Veteran (30-34)
Max Schuemann,680474,/api/v1/people/680474,2024,27,OAK,AL,SS,133,459,396,55,87,14,0,7,34,14,47,119,7,4,0.22,0.311,0.308,0.619,76.8,1,max schuemann,Max Schuemann,OAK,3B,740000.0,684216.0,740000.0,both,0.312110700011545,0.3992192416013489,76.8,0.0153,0.1024,0.2593,0.256,9.4595,45.9459,0.8365,105714.0,Prime (25-29)
Giancarlo Stanton,519317,/api/v1/people/519317,2024,34,NYY,AL,DH,114,459,417,49,97,20,0,27,72,0,38,143,2,2,0.233,0.298,0.475,0.773,114.5,1,giancarlo stanton,Giancarlo Stanton,NYY,DH,32000000.0,32250000.0,32250000.0,both,0.312110700011545,0.3992192416013489,114.5,0.0588,0.0828,0.3115,0.632,0.8438,2.25,0.0242,1185185.0,Veteran (30-34)
Michael Toglia,669911,/api/v1/people/669911,2024,25,COL,NL,1B,116,458,399,62,87,14,3,25,55,10,54,147,1,3,0.218,0.311,0.456,0.767,113.9,1,michael toglia,Michael Toglia,COL,RF,742000.0,582430.0,742000.0,both,0.312110700011545,0.3992192416013489,113.9,0.0546,0.1179,0.321,0.474,33.6927,74.124,1.0337,29680.0,Prime (25-29)
Luke Raley,670042,/api/v1/people/670042,2024,29,SEA,AL,LF,137,455,404,58,98,19,2,22,58,11,27,135,20,2,0.243,0.32,0.463,0.783,118.5,1,luke raley,Luke Raley,SEA,LF/1B/RF,754200.0,754200.0,754200.0,both,0.312110700011545,0.3992192416013489,118.5,0.0484,0.0593,0.2967,0.423,29.17,76.9027,1.0382,34282.0,Prime (25-29)
Davis Schneider,676914,/api/v1/people/676914,2024,25,TOR,AL,LF,135,454,397,48,76,19,1,13,46,6,47,144,5,5,0.191,0.282,0.343,0.625,76.3,1,davis schneider,Davis Schneider,TOR,3B,744900.0,744900.0,744900.0,both,0.312110700011545,0.3992192416013489,76.3,0.0286,0.1035,0.3172,0.341,17.452,61.7533,0.839,57300.0,Prime (25-29)
Mark Vientos,668901,/api/v1/people/668901,2024,24,NYM,NL,3B,111,454,413,58,110,22,0,27,71,0,33,135,3,5,0.266,0.322,0.516,0.838,132.4,1,mark vientos,Mark Vientos,NYM,3B,740000.0,556920.0,740000.0,both,0.312110700011545,0.3992192416013489,132.4,0.0595,0.0727,0.2974,0.64,36.4865,95.9459,1.1324,27407.0,U25
Ernie Clement,676391,/api/v1/people/676391,2024,28,TOR,AL,3B,139,452,434,48,114,21,3,12,51,12,11,41,3,2,0.263,0.284,0.408,0.692,93.2,1,ernie clement,Ernie Clement,TOR,SS,757700.0,757700.0,757700.0,both,0.312110700011545,0.3992192416013489,93.2,0.0265,0.0243,0.0907,0.367,15.8374,67.309,0.9133,63142.0,Prime (25-29)
Jo Adell,666176,/api/v1/people/666176,2024,25,LAA,AL,RF,130,451,405,54,84,15,2,20,62,15,35,126,7,3,0.207,0.28,0.402,0.682,90.4,1,jo adell,Jo Adell,LAA,RF,770000.0,770000.0,770000.0,both,0.312110700011545,0.3992192416013489,90.4,0.0443,0.0776,0.2794,0.477,25.974,80.5195,0.8857,38500.0,Prime (25-29)
Lawrence Butler,671732,/api/v1/people/671732,2024,23,OAK,AL,RF,125,451,412,63,108,24,2,22,57,18,35,108,0,4,0.262,0.317,0.49,0.807,124.3,1,lawrence butler,Lawrence Butler,OAK,RF,740000.0,600678.0,740000.0,both,0.312110700011545,0.3992192416013489,124.3,0.0488,0.0776,0.2395,0.456,29.7297,77.027,1.0905,33636.0,U25
J.P. Crawford,641487,/api/v1/people/641487,2024,29,SEA,AL,SS,105,451,392,55,79,16,2,9,37,5,52,102,6,1,0.202,0.304,0.321,0.625,77.8,1,jp crawford,J.P. Crawford,SEA,SS,10000000.0,10000000.0,11000000.0,both,0.312110700011545,0.3992192416013489,77.8,0.02,0.1153,0.2262,0.352,0.9,3.7,0.0625,1111111.0,Prime (25-29)
MJ Melendez,669004,/api/v1/people/669004,2024,25,KC,AL,LF,135,451,412,44,85,23,3,17,44,4,35,113,3,0,0.206,0.273,0.4,0.673,87.7,1,mj melendez,MJ Melendez,KC,LF/C,754750.0,754750.0,754750.0,both,0.312110700011545,0.3992192416013489,87.7,0.0377,0.0776,0.2506,0.326,22.524,58.2974,0.8917,44397.0,Prime (25-29)
Jarred Kelenic,672284,/api/v1/people/672284,2024,24,ATL,NL,LF,131,449,412,49,95,18,2,15,45,7,32,133,1,3,0.231,0.286,0.393,0.679,90.1,1,jarred kelenic,Jarred Kelenic,ATL,LF,760000.0,760000.0,760000.0,both,0.312110700011545,0.3992192416013489,90.1,0.0334,0.0713,0.2962,0.344,19.7368,59.2105,0.8934,50667.0,U25
Joc Pederson,592626,/api/v1/people/592626,2024,32,AZ,NL,DH,132,449,367,62,101,17,1,23,64,7,55,105,18,3,0.275,0.393,0.515,0.908,154.9,1,joc pederson,Joc Pederson,ARI,DH,9500000.0,9500000.0,9500000.0,both,0.312110700011545,0.3992192416013489,154.9,0.0512,0.1225,0.2339,0.485,2.4211,6.7368,0.0956,413043.0,Veteran (30-34)
Patrick Bailey,672275,/api/v1/people/672275,2024,25,SF,NL,C,121,448,401,46,94,16,1,8,46,4,39,100,0,7,0.234,0.298,0.339,0.637,80.4,1,patrick bailey,Patrick Bailey,SF,C,747500.0,747500.0,747500.0,both,0.312110700011545,0.3992192416013489,80.4,0.0179,0.0871,0.2232,0.38,10.7023,61.5385,0.8522,93438.0,Prime (25-29)
Jose Siri,642350,/api/v1/people/642350,2024,28,TB,AL,CF,130,448,402,50,75,16,1,18,47,14,31,170,7,4,0.187,0.255,0.366,0.621,73.4,1,jose siri,Jose Siri,TB,CF,757800.0,757800.0,757800.0,both,0.312110700011545,0.3992192416013489,73.4,0.0402,0.0692,0.3795,0.362,23.753,62.0216,0.8195,42100.0,Prime (25-29)
Wilyer Abreu,677800,/api/v1/people/677800,2024,25,BOS,AL,RF,132,447,399,59,101,33,2,15,58,8,40,125,3,5,0.253,0.322,0.459,0.781,118.1,1,wilyer abreu,Wilyer Abreu,BOS,RF,749500.0,749500.0,749500.0,both,0.312110700011545,0.3992192416013489,118.1,0.0336,0.0895,0.2796,0.439,20.0133,77.3849,1.042,49967.0,Prime (25-29)
Jordan Westburg,676059,/api/v1/people/676059,2024,25,BAL,AL,3B,107,447,416,57,110,26,5,18,63,6,22,97,7,1,0.264,0.312,0.481,0.793,120.4,1,jordan westburg,Jordan Westburg,BAL,2B,745800.0,745800.0,745800.0,both,0.312110700011545,0.3992192416013489,120.4,0.0403,0.0492,0.217,0.589,24.1352,84.473,1.0633,41433.0,Prime (25-29)
Jared Triolo,669707,/api/v1/people/669707,2024,26,PIT,NL,3B,125,446,394,41,85,10,1,9,46,8,42,118,5,5,0.216,0.296,0.315,0.611,73.7,1,jared triolo,Jared Triolo,PIT,3B,745000.0,745000.0,745000.0,both,0.312110700011545,0.3992192416013489,73.7,0.0202,0.0942,0.2646,0.368,12.0805,61.745,0.8201,82778.0,Prime (25-29)
Nicky Lopez,670032,/api/v1/people/670032,2024,29,CWS,AL,2B,124,445,398,40,96,12,3,1,21,5,37,67,4,0,0.241,0.312,0.294,0.606,73.6,1,nicky lopez,Nicky Lopez,CHW,SS,4300000.0,4300000.0,4300000.0,both,0.312110700011545,0.3992192416013489,73.6,0.0022,0.0831,0.1506,0.169,0.2326,4.8837,0.1409,4300000.0,Prime (25-29)
Andy Pages,681624,/api/v1/people/681624,2024,23,LAD,NL,CF,116,443,403,65,100,23,1,13,46,1,29,108,6,4,0.248,0.305,0.407,0.712,99.7,1,andy pages,Andy Pages,LAD,OF,740000.0,608634.0,740000.0,both,0.312110700011545,0.3992192416013489,99.7,0.0293,0.0655,0.2438,0.397,17.5676,62.1622,0.9622,56923.0,U25
Brayan Rocchio,677587,/api/v1/people/677587,2024,23,CLE,AL,SS,143,442,383,50,79,18,0,8,36,10,44,90,8,5,0.206,0.298,0.316,0.614,74.6,1,brayan rocchio,Brayan Rocchio,CLE,SS,740200.0,740200.0,740200.0,both,0.312110700011545,0.3992192416013489,74.6,0.0181,0.0995,0.2036,0.252,10.8079,48.6355,0.8295,92525.0,U25
Dylan Moore,664238,/api/v1/people/664238,2024,31,SEA,AL,SS,135,441,368,53,74,23,4,10,42,32,53,123,14,5,0.201,0.32,0.367,0.687,94.5,1,dylan moore,Dylan Moore,SEA,2B,3050000.0,3050000.0,3133333.0,both,0.312110700011545,0.3992192416013489,94.5,0.0227,0.1202,0.2789,0.311,3.2787,13.7705,0.2252,305000.0,Veteran (30-34)
Fernando Tatis Jr.,665487,/api/v1/people/665487,2024,25,SD,NL,RF,102,438,398,64,110,21,1,21,49,11,32,96,7,1,0.276,0.34,0.492,0.832,132.2,1,fernando tatis,Fernando Tatis Jr.,SD,RF,11000000.0,11000000.0,11714285.0,both,0.312110700011545,0.3992192416013489,132.2,0.0479,0.0731,0.2192,0.48,1.9091,4.4545,0.0756,523810.0,Prime (25-29)
Harrison Bader,664056,/api/v1/people/664056,2024,30,NYM,NL,CF,143,437,402,57,95,19,0,12,51,17,21,95,8,6,0.236,0.284,0.373,0.657,84.4,1,harrison bader,Harrison Bader,NYM,CF,9500000.0,10500000.0,10500000.0,both,0.312110700011545,0.3992192416013489,84.4,0.0275,0.0481,0.2174,0.357,1.2632,5.3684,0.0692,791667.0,Veteran (30-34)
Ozzie Albies,645277,/api/v1/people/645277,2024,27,ATL,NL,2B,99,435,399,52,100,29,1,10,53,8,27,65,5,4,0.251,0.303,0.404,0.707,98.3,1,ozzie albies,Ozzie Albies,ATL,2B,7000000.0,7000000.0,7000000.0,both,0.312110700011545,0.3992192416013489,98.3,0.023,0.0621,0.1494,0.535,1.4286,7.5714,0.101,700000.0,Prime (25-29)
Otto Lopez,672640,/api/v1/people/672640,2024,25,MIA,NL,2B,117,434,403,49,109,23,1,6,39,20,25,75,1,2,0.27,0.313,0.377,0.69,94.7,1,otto lopez,Otto Lopez,MIA,SS,740000.0,664326.0,740000.0,both,0.312110700011545,0.3992192416013489,94.7,0.0138,0.0576,0.1728,0.333,8.1081,52.7027,0.9324,123333.0,Prime (25-29)
Blake Perkins,663368,/api/v1/people/663368,2024,27,MIL,NL,CF,121,434,383,54,92,13,2,6,43,23,42,108,3,6,0.24,0.316,0.332,0.648,84.4,1,blake perkins,Blake Perkins,MIL,RF,800000.0,800000.0,800000.0,both,0.312110700011545,0.3992192416013489,84.4,0.0138,0.0968,0.2488,0.355,7.5,53.75,0.81,133333.0,Prime (25-29)
Mitch Garver,641598,/api/v1/people/641598,2024,33,SEA,AL,DH,114,430,367,37,63,17,0,15,51,0,53,133,7,3,0.172,0.286,0.341,0.627,77.1,1,mitch garver,Mitch Garver,SEA,DH,9500000.0,11500000.0,10500000.0,both,0.312110700011545,0.3992192416013489,77.1,0.0349,0.1233,0.3093,0.447,1.5789,5.3684,0.066,633333.0,Veteran (30-34)
Jose F Miranda,669304,/api/v1/people/669304,2024,26,MIN,AL,3B,121,429,401,44,114,28,4,9,49,2,18,66,6,4,0.284,0.322,0.441,0.763,113.6,1,jose miranda,Jose Miranda,MIN,3B,740000.0,692172.0,740000.0,both,0.312110700011545,0.3992192416013489,113.6,0.021,0.042,0.1538,0.405,12.1622,66.2162,1.0311,82222.0,Prime (25-29)
Mauricio Dubón,643289,/api/v1/people/643289,2024,29,HOU,AL,LF,137,428,402,45,108,25,0,4,47,3,16,55,2,5,0.269,0.296,0.361,0.657,85.3,1,mauricio dubon,Mauricio Dubon,HOU,RF,3500000.0,3500000.0,3500000.0,both,0.312110700011545,0.3992192416013489,85.3,0.0093,0.0374,0.1285,0.343,1.1429,13.4286,0.1877,875000.0,Prime (25-29)
Kyle Isbel,664728,/api/v1/people/664728,2024,27,KC,AL,CF,136,426,384,62,88,13,8,8,42,11,27,88,5,2,0.229,0.287,0.367,0.654,83.9,1,kyle isbel,Kyle Isbel,KC,CF,758250.0,758250.0,758250.0,both,0.312110700011545,0.3992192416013489,83.9,0.0188,0.0634,0.2066,0.309,10.5506,55.3907,0.8625,94781.0,Prime (25-29)
Brandon Lowe,664040,/api/v1/people/664040,2024,29,TB,AL,2B,107,425,385,56,94,19,3,21,58,5,33,112,5,2,0.244,0.311,0.473,0.784,118.1,1,brandon lowe,Brandon Lowe,TB,2B,8750000.0,8750000.0,8750000.0,both,0.312110700011545,0.3992192416013489,118.1,0.0494,0.0776,0.2635,0.542,2.4,6.6286,0.0896,416667.0,Prime (25-29)
Wenceel Pérez,672761,/api/v1/people/672761,2024,24,DET,AL,RF,112,425,389,51,94,16,6,9,37,9,32,92,1,1,0.242,0.3,0.383,0.683,92.1,1,wenceel perez,Wenceel Perez,DET,SS,740000.0,692172.0,740000.0,both,0.312110700011545,0.3992192416013489,92.1,0.0212,0.0753,0.2165,0.33,12.1622,50.0,0.923,82222.0,U25
Luis Robert Jr.,673357,/api/v1/people/673357,2024,26,CWS,AL,CF,100,425,393,47,88,19,0,14,35,23,28,141,2,1,0.224,0.278,0.379,0.657,84.0,1,luis robert,Luis Robert Jr.,CHW,CF,12500000.0,12500000.0,12500000.0,both,0.312110700011545,0.3992192416013489,84.0,0.0329,0.0659,0.3318,0.35,1.12,2.8,0.0526,892857.0,Prime (25-29)
Hunter Renfroe,592669,/api/v1/people/592669,2024,32,KC,AL,RF,120,424,385,44,88,18,0,15,52,1,36,84,2,1,0.229,0.297,0.392,0.689,93.4,1,hunter renfroe,Hunter Renfroe,KC,RF,5500000.0,5570000.0,5570000.0,both,0.312110700011545,0.3992192416013489,93.4,0.0354,0.0849,0.1981,0.433,2.7273,9.4545,0.1253,366667.0,Veteran (30-34)
Mitch Haniger,571745,/api/v1/people/571745,2024,33,SEA,AL,RF,121,423,380,42,79,12,0,12,44,0,40,126,2,1,0.208,0.286,0.334,0.62,75.3,1,mitch haniger,Mitch Haniger,SEA,RF,17000000.0,12000000.0,22000000.0,both,0.312110700011545,0.3992192416013489,75.3,0.0284,0.0946,0.2979,0.364,0.7059,2.5882,0.0365,1416667.0,Veteran (30-34)
Rowdy Tellez,642133,/api/v1/people/642133,2024,29,PIT,NL,1B,132,421,383,38,93,18,0,13,56,1,31,89,2,5,0.243,0.299,0.392,0.691,94.0,1,rowdy tellez,,,,,,,left_only,0.312110700011545,0.3992192416013489,94.0,0.0309,0.0736,0.2114,0.424,,,,,Prime (25-29)
Masataka Yoshida,807799,/api/v1/people/807799,2024,30,BOS,AL,DH,108,421,378,45,106,21,0,10,56,2,27,52,14,2,0.28,0.349,0.415,0.764,115.8,1,masataka yoshida,Masataka Yoshida,BOS,DH,18000000.0,18000000.0,18600000.0,both,0.312110700011545,0.3992192416013489,115.8,0.0238,0.0641,0.1235,0.519,0.5556,3.1111,0.0424,1800000.0,Veteran (30-34)
Mickey Moniak,666160,/api/v1/people/666160,2024,26,LAA,AL,CF,124,418,392,48,86,17,2,14,49,8,21,114,4,1,0.219,0.266,0.38,0.646,80.4,1,mickey moniak,Mickey Moniak,LAA,CF,770000.0,770000.0,770000.0,both,0.312110700011545,0.3992192416013489,80.4,0.0335,0.0502,0.2727,0.395,18.1818,63.6364,0.839,55000.0,Prime (25-29)
Connor Joe,656582,/api/v1/people/656582,2024,31,PIT,NL,1B,123,416,364,49,83,22,1,9,36,2,44,91,6,2,0.228,0.32,0.368,0.688,94.7,1,connor joe,Connor Joe,PIT,1B/RF,2125000.0,2125000.0,2125000.0,both,0.312110700011545,0.3992192416013489,94.7,0.0216,0.1058,0.2188,0.293,4.2353,16.9412,0.3238,236111.0,Veteran (30-34)
Austin Wells,669224,/api/v1/people/669224,2024,24,NYY,AL,C,115,414,354,42,81,18,1,13,55,1,47,87,5,7,0.229,0.322,0.395,0.717,102.1,1,austin wells,Austin Wells,NYY,C,750000.0,750000.0,750000.0,both,0.312110700011545,0.3992192416013489,102.1,0.0314,0.1135,0.2101,0.478,17.3333,73.3333,0.956,57692.0,U25
J.T. Realmuto,592663,/api/v1/people/592663,2024,33,PHI,NL,C,99,413,380,50,101,18,1,14,47,2,27,102,5,1,0.266,0.322,0.429,0.751,110.6,1,jt realmuto,J.T. Realmuto,PHI,C,23875000.0,23875000.0,23875000.0,both,0.312110700011545,0.3992192416013489,110.6,0.0339,0.0654,0.247,0.475,0.5864,1.9686,0.0315,1705357.0,Veteran (30-34)
Pete Crow-Armstrong,691718,/api/v1/people/691718,2024,22,CHC,NL,CF,123,410,372,46,88,13,6,10,47,27,21,98,6,3,0.237,0.286,0.384,0.67,87.8,1,pete crowarmstrong,Pete Crow-Armstrong,CHC,CF,740000.0,592795.0,740000.0,both,0.312110700011545,0.3992192416013489,87.8,0.0244,0.0512,0.239,0.382,13.5135,63.5135,0.9054,74000.0,U25
Lars Nootbaar,663457,/api/v1/people/663457,2024,26,STL,NL,RF,109,405,348,39,85,18,3,12,45,7,52,79,1,3,0.244,0.342,0.417,0.759,114.0,1,lars nootbaar,Lars Nootbaar,STL,LF,761000.0,761000.0,761000.0,both,0.312110700011545,0.3992192416013489,114.0,0.0296,0.1284,0.1951,0.413,15.7687,59.1327,0.9974,63417.0,Prime (25-29)
Jon Singleton,572138,/api/v1/people/572138,2024,32,HOU,AL,1B,119,405,355,46,83,13,1,13,42,0,47,111,0,3,0.234,0.321,0.386,0.707,99.5,1,jon singleton,Jon Singleton,HOU,1B,850000.0,850000.0,850000.0,both,0.312110700011545,0.3992192416013489,99.5,0.0321,0.116,0.2741,0.353,15.2941,49.4118,0.8318,65385.0,Veteran (30-34)
Nolan Gorman,669357,/api/v1/people/669357,2024,24,STL,NL,2B,107,402,365,42,74,15,0,19,50,6,34,151,1,2,0.203,0.271,0.4,0.671,87.0,1,nolan gorman,Nolan Gorman,STL,2B,755550.0,597114.0,755550.0,both,0.312110700011545,0.3992192416013489,87.0,0.0473,0.0846,0.3756,0.467,25.1472,66.177,0.8881,39766.0,U25
LaMonte Wade Jr.,664774,/api/v1/people/664774,2024,30,SF,NL,1B,117,401,331,45,86,16,0,8,34,2,62,90,4,3,0.26,0.38,0.381,0.761,117.2,1,lamonte wade,LaMonte Wade Jr.,SF,1B,3500000.0,3500000.0,3500000.0,both,0.312110700011545,0.3992192416013489,117.2,0.02,0.1546,0.2244,0.291,2.2857,9.7143,0.2174,437500.0,Veteran (30-34)
Seth Brown,664913,/api/v1/people/664913,2024,31,OAK,AL,LF,124,400,372,32,86,11,1,14,44,4,25,112,2,1,0.231,0.283,0.379,0.662,85.6,1,seth brown,Seth Brown,OAK,LF/1B/RF,2600000.0,2600000.0,2600000.0,both,0.312110700011545,0.3992192416013489,85.6,0.035,0.0625,0.28,0.355,5.3846,16.9231,0.2546,185714.0,Veteran (30-34)
Trevor Larnach,663616,/api/v1/people/663616,2024,27,MIN,AL,LF,112,400,355,59,92,17,0,15,52,4,40,89,3,2,0.259,0.338,0.434,0.772,117.0,1,trevor larnach,Trevor Larnach,MIN,LF,740000.0,660348.0,740000.0,both,0.312110700011545,0.3992192416013489,117.0,0.0375,0.1,0.2225,0.464,20.2703,70.2703,1.0432,49333.0,Prime (25-29)
Max Kepler,596146,/api/v1/people/596146,2024,31,MIN,AL,RF,105,399,368,43,93,21,1,8,42,1,22,80,5,3,0.253,0.302,0.38,0.682,91.9,1,max kepler,Max Kepler,MIN,RF,10000000.0,10000000.0,10000000.0,both,0.312110700011545,0.3992192416013489,91.9,0.0201,0.0551,0.2005,0.4,0.8,4.2,0.0682,1250000.0,Veteran (30-34)
Ke'Bryan Hayes,663647,/api/v1/people/663647,2024,27,PIT,NL,3B,96,396,365,38,85,9,0,4,25,11,23,75,4,4,0.233,0.283,0.29,0.573,63.3,1,kebryan hayes,Ke'Bryan Hayes,PIT,3B,7000000.0,7000000.0,7000000.0,both,0.312110700011545,0.3992192416013489,63.3,0.0101,0.0581,0.1894,0.26,0.5714,3.5714,0.0819,1750000.0,Prime (25-29)
Korey Lee,686676,/api/v1/people/686676,2024,25,CWS,AL,C,125,394,377,36,79,14,1,12,37,6,17,122,0,0,0.21,0.244,0.347,0.591,65.1,1,korey lee,Korey Lee,CHW,C,745000.0,745000.0,745000.0,both,0.312110700011545,0.3992192416013489,65.1,0.0305,0.0431,0.3096,0.296,16.1074,49.6644,0.7933,62083.0,Prime (25-29)
Enrique Hernández,571771,/api/v1/people/571771,2024,32,LAD,NL,3B,126,393,362,44,83,16,0,12,42,0,27,77,0,3,0.229,0.281,0.373,0.654,83.5,1,enrique hernandez,Enrique Hernandez,LAD,SS/OF,4000000.0,4000000.0,4000000.0,both,0.312110700011545,0.3992192416013489,83.5,0.0305,0.0687,0.1959,0.333,3.0,10.5,0.1635,333333.0,Veteran (30-34)
David Fry,681807,/api/v1/people/681807,2024,28,CLE,AL,DH,122,392,335,44,88,18,1,14,51,4,42,84,9,4,0.263,0.356,0.448,0.804,126.3,1,david fry,David Fry,CLE,C,741000.0,741000.0,741000.0,both,0.312110700011545,0.3992192416013489,126.3,0.0357,0.1071,0.2143,0.418,18.8934,68.8259,1.085,52929.0,Prime (25-29)
Santiago Espinal,669289,/api/v1/people/669289,2024,29,CIN,NL,3B,118,391,357,32,88,12,0,9,45,11,24,54,2,4,0.246,0.295,0.356,0.651,83.7,1,santiago espinal,Santiago Espinal,CIN,3B,2725000.0,2725000.0,2725000.0,both,0.312110700011545,0.3992192416013489,83.7,0.023,0.0614,0.1381,0.381,3.3028,16.5138,0.2389,302778.0,Prime (25-29)
Bo Naylor,666310,/api/v1/people/666310,2024,24,CLE,AL,C,123,389,354,39,71,10,2,13,39,6,29,122,2,2,0.201,0.264,0.35,0.614,72.3,1,bo naylor,Bo Naylor,CLE,C,742100.0,742100.0,742100.0,both,0.312110700011545,0.3992192416013489,72.3,0.0334,0.0746,0.3136,0.317,17.5179,52.5536,0.8274,57085.0,U25
Will Benson,666181,/api/v1/people/666181,2024,26,CIN,NL,LF,128,388,343,41,64,19,2,14,43,16,40,154,2,2,0.187,0.274,0.376,0.65,82.0,1,will benson,Will Benson,CIN,RF,750000.0,750000.0,750000.0,both,0.312110700011545,0.3992192416013489,82.0,0.0361,0.1031,0.3969,0.336,18.6667,57.3333,0.8667,53571.0,Prime (25-29)
Byron Buxton,621439,/api/v1/people/621439,2024,30,MIN,AL,CF,102,388,355,62,99,27,3,18,56,7,20,99,11,2,0.279,0.335,0.524,0.859,138.6,1,byron buxton,Byron Buxton,MIN,CF,15000000.0,15000000.0,15142857.0,both,0.312110700011545,0.3992192416013489,138.6,0.0464,0.0515,0.2552,0.549,1.2,3.7333,0.0573,833333.0,Veteran (30-34)
Geraldo Perdomo,672695,/api/v1/people/672695,2024,24,AZ,NL,SS,98,388,337,61,92,21,2,3,37,9,36,58,3,5,0.273,0.344,0.374,0.718,103.9,1,geraldo perdomo,Geraldo Perdomo,ARI,SS,786000.0,786000.0,786000.0,both,0.312110700011545,0.3992192416013489,103.9,0.0077,0.0928,0.1495,0.378,3.8168,47.0738,0.9135,262000.0,U25
Nick Gonzales,693304,/api/v1/people/693304,2024,25,PIT,NL,2B,94,387,359,42,97,19,3,7,49,5,18,74,5,4,0.27,0.311,0.398,0.709,99.3,1,nick gonzales,Nick Gonzales,PIT,2B,740000.0,564876.0,740000.0,both,0.312110700011545,0.3992192416013489,99.3,0.0181,0.0465,0.1912,0.521,9.4595,66.2162,0.9581,105714.0,Prime (25-29)
Josh Lowe,666139,/api/v1/people/666139,2024,26,TB,AL,RF,106,387,353,37,85,19,2,10,34,25,32,123,0,2,0.241,0.302,0.391,0.693,94.7,1,josh lowe,Josh Lowe,TB,RF/3B,755700.0,755700.0,755700.0,both,0.312110700011545,0.3992192416013489,94.7,0.0258,0.0827,0.3178,0.321,13.2328,44.9914,0.917,75570.0,Prime (25-29)
Alejandro Kirk,672386,/api/v1/people/672386,2024,25,TOR,AL,C,103,386,340,23,86,19,1,5,54,0,35,51,2,9,0.253,0.319,0.359,0.678,92.1,1,alejandro kirk,Alejandro Kirk,TOR,C,2800000.0,2800000.0,2800000.0,both,0.312110700011545,0.3992192416013489,92.1,0.013,0.0907,0.1321,0.524,1.7857,19.2857,0.2421,560000.0,Prime (25-29)
Tyler Freeman,671289,/api/v1/people/671289,2024,25,CLE,AL,CF,118,383,330,48,69,14,1,7,32,11,28,53,19,3,0.209,0.305,0.321,0.626,78.1,1,tyler freeman,Tyler Freeman,CLE,SS,742000.0,682119.0,742000.0,both,0.312110700011545,0.3992192416013489,78.1,0.0183,0.0731,0.1384,0.271,9.434,43.1267,0.8437,106000.0,Prime (25-29)
Jake Fraley,641584,/api/v1/people/641584,2024,29,CIN,NL,RF,116,382,350,44,97,19,2,5,26,20,26,70,3,3,0.277,0.33,0.386,0.716,102.4,1,jake fraley,Jake Fraley,CIN,DH,2150000.0,2150000.0,2150000.0,both,0.312110700011545,0.3992192416013489,102.4,0.0131,0.0681,0.1832,0.224,2.3256,12.093,0.333,430000.0,Prime (25-29)
Thairo Estrada,642731,/api/v1/people/642731,2024,28,SF,NL,2B,96,381,364,43,79,15,2,9,47,2,10,76,5,2,0.217,0.247,0.343,0.59,65.1,1,thairo estrada,Thairo Estrada,SF,2B,4700000.0,4700000.0,4700000.0,both,0.312110700011545,0.3992192416013489,65.1,0.0236,0.0262,0.1995,0.49,1.9149,10.0,0.1255,522222.0,Prime (25-29)
Spencer Horwitz,687462,/api/v1/people/687462,2024,26,TOR,AL,1B,97,381,328,46,87,19,0,12,40,0,42,70,7,4,0.265,0.357,0.433,0.79,122.8,1,spencer horwitz,Spencer Horwitz,TOR,1B/2B,740000.0,453492.0,740000.0,both,0.312110700011545,0.3992192416013489,122.8,0.0315,0.1102,0.1837,0.412,16.2162,54.0541,1.0676,61667.0,Prime (25-29)
Spencer Torkelson,679529,/api/v1/people/679529,2024,24,DET,AL,1B,92,381,342,45,75,21,1,10,37,0,33,105,4,1,0.219,0.295,0.374,0.669,88.2,1,spencer torkelson,Spencer Torkelson,DET,1B,765700.0,456987.0,765700.0,both,0.312110700011545,0.3992192416013489,88.2,0.0262,0.0866,0.2756,0.402,13.0599,48.3218,0.8737,76570.0,U25
Anthony Rizzo,519203,/api/v1/people/519203,2024,34,NYY,AL,1B,92,375,337,38,77,12,0,8,35,0,27,65,9,2,0.228,0.301,0.335,0.636,80.4,1,anthony rizzo,Anthony Rizzo,NYY,1B,17000000.0,17000000.0,17000000.0,both,0.312110700011545,0.3992192416013489,80.4,0.0213,0.072,0.1733,0.38,0.4706,2.0588,0.0374,2125000.0,Veteran (30-34)
Starling Marte,516782,/api/v1/people/516782,2024,35,NYM,NL,RF,94,370,335,46,90,13,3,7,40,16,27,81,3,2,0.269,0.327,0.388,0.715,102.0,1,starling marte,Starling Marte,NYM,RF,19500000.0,19500000.0,20750000.0,both,0.312110700011545,0.3992192416013489,102.0,0.0189,0.073,0.2189,0.426,0.359,2.0513,0.0367,2785714.0,Late (35+)
Lenyn Sosa,672820,/api/v1/people/672820,2024,24,CWS,AL,3B,100,369,351,28,89,13,0,8,35,3,12,77,3,1,0.254,0.283,0.359,0.642,80.6,1,lenyn sosa,Lenyn Sosa,CHW,2B/SS,740000.0,497250.0,740000.0,both,0.312110700011545,0.3992192416013489,80.6,0.0217,0.0325,0.2087,0.35,10.8108,47.2973,0.8676,92500.0,U25
Freddy Fermin,666023,/api/v1/people/666023,2024,29,KC,AL,C,111,368,339,40,92,14,0,6,36,2,23,66,2,3,0.271,0.319,0.366,0.685,93.9,1,freddy fermin,Freddy Fermin,KC,C,744500.0,744500.0,744500.0,both,0.312110700011545,0.3992192416013489,93.9,0.0163,0.0625,0.1793,0.324,8.0591,48.3546,0.9201,124083.0,Prime (25-29)
Carlos Correa,621043,/api/v1/people/621043,2024,29,MIN,AL,SS,86,367,319,55,99,20,2,14,54,0,40,61,3,4,0.31,0.388,0.517,0.905,153.8,1,carlos correa,Carlos Correa,MIN,SS,32000000.0,36100000.0,33333333.0,both,0.312110700011545,0.3992192416013489,153.8,0.0381,0.109,0.1662,0.628,0.4375,1.6875,0.0283,2285714.0,Prime (25-29)
Abraham Toro,647351,/api/v1/people/647351,2024,27,OAK,AL,3B,94,364,337,34,81,17,1,6,26,4,20,62,5,0,0.24,0.293,0.35,0.643,81.5,1,abraham toro,Abraham Toro,OAK,3B,1275000.0,1275000.0,1275000.0,both,0.312110700011545,0.3992192416013489,81.5,0.0165,0.0549,0.1703,0.277,4.7059,20.3922,0.5043,212500.0,Prime (25-29)
Miguel Amaya,665804,/api/v1/people/665804,2024,25,CHC,NL,C,117,363,328,32,76,13,2,8,47,0,23,62,4,3,0.232,0.288,0.357,0.645,81.7,1,miguel amaya,Miguel Amaya,CHC,C,746500.0,746500.0,746500.0,both,0.312110700011545,0.3992192416013489,81.7,0.022,0.0634,0.1708,0.402,10.7167,62.9605,0.864,93312.0,Prime (25-29)
Johan Rojas,679032,/api/v1/people/679032,2024,23,PHI,NL,CF,120,363,338,47,82,12,3,3,32,25,13,69,4,0,0.243,0.279,0.322,0.601,70.0,1,johan rojas,Johan Rojas,PHI,CF,745000.0,700875.0,745000.0,both,0.312110700011545,0.3992192416013489,70.0,0.0083,0.0358,0.1901,0.267,4.0268,42.953,0.8067,248333.0,U25
Jonny DeLuca,676356,/api/v1/people/676356,2024,25,TB,AL,RF,107,362,332,29,72,12,4,6,31,16,24,77,4,0,0.217,0.278,0.331,0.609,72.0,1,jonny deluca,Jonny DeLuca,TB,OF,742400.0,742400.0,742400.0,both,0.312110700011545,0.3992192416013489,72.0,0.0166,0.0663,0.2127,0.29,8.0819,41.7565,0.8203,123733.0,Prime (25-29)
Brandon Drury,592273,/api/v1/people/592273,2024,31,LAA,AL,2B,97,360,325,28,55,7,0,4,15,1,27,81,5,3,0.169,0.242,0.228,0.47,34.6,1,brandon drury,Brandon Drury,LAA,2B,8500000.0,8500000.0,8500000.0,both,0.312110700011545,0.3992192416013489,34.6,0.0111,0.075,0.225,0.155,0.4706,1.7647,0.0553,2125000.0,Veteran (30-34)
Willson Contreras,575929,/api/v1/people/575929,2024,32,STL,NL,C,84,358,301,48,79,17,0,15,36,4,45,96,12,0,0.262,0.38,0.468,0.848,139.0,1,willson contreras,Willson Contreras,STL,C,18000000.0,18000000.0,18000000.0,both,0.312110700011545,0.3992192416013489,139.0,0.0419,0.1257,0.2682,0.429,0.8333,2.0,0.0471,1200000.0,Veteran (30-34)
Michael Massey,686681,/api/v1/people/686681,2024,26,KC,AL,2B,100,356,332,45,86,17,2,14,45,1,15,56,3,4,0.259,0.294,0.449,0.743,106.7,1,michael massey,Michael Massey,KC,DH,757000.0,757000.0,757000.0,both,0.312110700011545,0.3992192416013489,106.7,0.0393,0.0421,0.1573,0.45,18.4941,59.4452,0.9815,54071.0,Prime (25-29)
Will Brennan,686823,/api/v1/people/686823,2024,26,CLE,AL,RF,114,353,330,37,87,13,2,8,30,4,19,48,3,1,0.264,0.309,0.388,0.697,96.2,1,will brennan,Will Brennan,CLE,RF,744900.0,704851.0,744900.0,both,0.312110700011545,0.3992192416013489,96.2,0.0227,0.0538,0.136,0.263,10.7397,40.2739,0.9357,93112.0,Prime (25-29)
Elias Díaz,553869,/api/v1/people/553869,2024,33,SD,NL,C,96,351,325,27,86,20,0,6,39,0,20,69,4,2,0.265,0.313,0.382,0.695,96.0,2,elias diaz,Elias Diaz,SD,C,1000000.0,150537.0,1000000.0,both,0.312110700011545,0.3992192416013489,96.0,0.0171,0.057,0.1966,0.406,6.0,39.0,0.695,166667.0,Veteran (30-34)
Gabriel Moreno,672515,/api/v1/people/672515,2024,24,AZ,NL,C,97,351,305,39,81,18,1,5,45,3,41,52,2,3,0.266,0.353,0.38,0.733,108.3,1,gabriel moreno,Gabriel Moreno,ARI,C,760100.0,760100.0,760100.0,both,0.312110700011545,0.3992192416013489,108.3,0.0142,0.1168,0.1481,0.464,6.5781,59.2027,0.9643,152020.0,U25
Mike Tauchman,643565,/api/v1/people/643565,2024,33,CHC,NL,RF,109,350,298,50,74,12,1,7,29,6,47,70,4,1,0.248,0.357,0.366,0.723,106.1,1,mike tauchman,Mike Tauchman,CHC,CF,1950000.0,1950000.0,1950000.0,both,0.312110700011545,0.3992192416013489,106.1,0.02,0.1343,0.2,0.266,3.5897,14.8718,0.3708,278571.0,Veteran (30-34)
Eloy Jiménez,650391,/api/v1/people/650391,2024,27,BAL,AL,DH,98,349,324,25,77,14,0,6,23,3,22,70,2,1,0.238,0.289,0.336,0.625,76.8,2,eloy jimenez,Eloy Jimenez,BAL,DH,13000000.0,1000000.0,13833333.0,both,0.312110700011545,0.3992192416013489,76.8,0.0172,0.063,0.2006,0.235,0.4615,1.7692,0.0481,2166667.0,Prime (25-29)
Jake Bauers,641343,/api/v1/people/641343,2024,28,MIL,NL,1B,117,346,302,45,60,9,2,12,43,13,39,118,5,0,0.199,0.301,0.361,0.662,86.9,1,jake bauers,Jake Bauers,MIL,1B/OF,1350000.0,1350000.0,1350000.0,both,0.312110700011545,0.3992192416013489,86.9,0.0347,0.1127,0.341,0.368,8.8889,31.8519,0.4904,112500.0,Prime (25-29)
Jake Cave,595909,/api/v1/people/595909,2024,31,COL,NL,RF,123,346,323,42,81,16,5,7,37,5,18,98,1,3,0.251,0.29,0.396,0.686,92.1,1,jake cave,Jake Cave,COL,RF,1000000.0,1000000.0,1000000.0,both,0.312110700011545,0.3992192416013489,92.1,0.0202,0.052,0.2832,0.301,7.0,37.0,0.686,142857.0,Veteran (30-34)
Amed Rosario,642708,/api/v1/people/642708,2024,28,CIN,NL,DH,103,346,332,29,93,18,3,3,32,13,9,73,4,1,0.28,0.306,0.38,0.686,93.2,3,amed rosario,Amed Rosario,CIN,SS,1500000.0,500030.0,1500000.0,both,0.312110700011545,0.3992192416013489,93.2,0.0087,0.026,0.211,0.311,2.0,21.3333,0.4573,500000.0,Prime (25-29)
Tyrone Taylor,621438,/api/v1/people/621438,2024,30,NYM,NL,RF,130,345,319,47,79,22,3,7,35,11,19,80,5,1,0.248,0.299,0.401,0.7,96.2,1,tyrone taylor,Tyrone Taylor,NYM,CF,2025000.0,2025000.0,2025000.0,both,0.312110700011545,0.3992192416013489,96.2,0.0203,0.0551,0.2319,0.269,3.4568,17.284,0.3457,289286.0,Veteran (30-34)
Manuel Margot,622534,/api/v1/people/622534,2024,29,MIN,AL,LF,129,343,315,37,75,17,1,4,31,5,21,54,3,3,0.238,0.289,0.337,0.626,77.0,1,manuel margot,Manuel Margot,MIN,RF,10000000.0,4000000.0,10000000.0,both,0.312110700011545,0.3992192416013489,77.0,0.0117,0.0612,0.1574,0.24,0.4,3.1,0.0626,2500000.0,Prime (25-29)
Francisco Alvarez,682626,/api/v1/people/682626,2024,22,NYM,NL,C,100,342,308,39,73,14,2,11,47,1,30,86,2,2,0.237,0.307,0.403,0.71,99.3,1,francisco alvarez,Francisco Alvarez,NYM,C,762500.0,762500.0,762500.0,both,0.312110700011545,0.3992192416013489,99.3,0.0322,0.0877,0.2515,0.47,14.4262,61.6393,0.9311,69318.0,U25
Tyler Fitzgerald,666149,/api/v1/people/666149,2024,26,SF,NL,SS,96,341,314,53,88,19,2,15,34,17,22,108,4,1,0.28,0.334,0.497,0.831,131.5,1,tyler fitzgerald,Tyler Fitzgerald,SF,SS,741875.0,638240.0,741875.0,both,0.312110700011545,0.3992192416013489,131.5,0.044,0.0645,0.3167,0.354,20.219,45.8298,1.1201,49458.0,Prime (25-29)
TJ Friedl,670770,/api/v1/people/670770,2024,28,CIN,NL,CF,85,341,297,35,67,5,1,13,55,9,26,52,12,4,0.226,0.31,0.38,0.69,94.5,1,tj friedl,T.J. Friedl,CIN,CF,750000.0,750000.0,750000.0,both,0.312110700011545,0.3992192416013489,94.5,0.0381,0.0762,0.1525,0.647,17.3333,73.3333,0.92,57692.0,Prime (25-29)
Travis d'Arnaud,518595,/api/v1/people/518595,2024,35,ATL,NL,C,99,341,307,40,73,16,0,15,48,1,24,89,6,4,0.238,0.302,0.436,0.738,106.0,1,travis darnaud,Travis d'Arnaud,ATL,C,8000000.0,8000000.0,8000000.0,both,0.312110700011545,0.3992192416013489,106.0,0.044,0.0704,0.261,0.485,1.875,6.0,0.0922,533333.0,Late (35+)
Kyle Tucker,663656,/api/v1/people/663656,2024,27,HOU,AL,RF,78,339,277,56,80,13,0,23,49,11,56,54,1,2,0.289,0.408,0.585,0.993,177.3,1,kyle tucker,Kyle Tucker,HOU,RF,12000000.0,12000000.0,12000000.0,both,0.312110700011545,0.3992192416013489,177.3,0.0678,0.1652,0.1593,0.628,1.9167,4.0833,0.0828,521739.0,Prime (25-29)
Jake Rogers,668670,/api/v1/people/668670,2024,29,DET,AL,C,102,337,310,43,61,16,1,10,36,1,22,99,3,2,0.197,0.255,0.352,0.607,69.9,1,jake rogers,Jake Rogers,DET,C,1700000.0,1700000.0,1700000.0,both,0.312110700011545,0.3992192416013489,69.9,0.0297,0.0653,0.2938,0.353,5.8824,21.1765,0.3571,170000.0,Prime (25-29)
Miguel Rojas,500743,/api/v1/people/500743,2024,35,LAD,NL,SS,103,337,307,41,87,21,0,6,36,8,23,34,3,2,0.283,0.337,0.41,0.747,110.7,1,miguel rojas,Miguel Rojas,LAD,SS,5000000.0,5000000.0,5750000.0,both,0.312110700011545,0.3992192416013489,110.7,0.0178,0.0682,0.1009,0.35,1.2,7.2,0.1494,833333.0,Late (35+)
Bo Bichette,666182,/api/v1/people/666182,2024,26,TOR,AL,SS,81,336,311,29,70,16,1,4,31,5,20,64,3,2,0.225,0.277,0.322,0.599,69.4,1,bo bichette,Bo Bichette,TOR,SS,11000000.0,11000000.0,12083333.0,both,0.312110700011545,0.3992192416013489,69.4,0.0119,0.0595,0.1905,0.383,0.3636,2.8182,0.0545,2750000.0,Prime (25-29)
James Wood,695578,/api/v1/people/695578,2024,21,WSH,NL,LF,79,336,295,43,78,13,4,9,41,14,39,97,2,0,0.264,0.354,0.427,0.781,120.4,1,james wood,James Wood,WSH,LF,740000.0,360087.0,740000.0,both,0.312110700011545,0.3992192416013489,120.4,0.0268,0.1161,0.2887,0.519,12.1622,55.4054,1.0554,82222.0,U25
Nick Fortes,663743,/api/v1/people/663743,2024,27,MIA,NL,C,110,335,308,28,70,16,0,4,29,0,11,41,4,5,0.227,0.259,0.318,0.577,62.6,1,nick fortes,Nick Fortes,MIA,C,759000.0,759000.0,759000.0,both,0.312110700011545,0.3992192416013489,62.6,0.0119,0.0328,0.1224,0.264,5.2701,38.2082,0.7602,189750.0,Prime (25-29)
Whit Merrifield,593160,/api/v1/people/593160,2024,35,ATL,NL,2B,95,335,293,44,65,9,3,4,15,17,35,52,3,0,0.222,0.311,0.314,0.625,78.3,2,whit merrifield,Whit Merrifield,ATL,2B/RF,740000.0,274482.0,740000.0,both,0.312110700011545,0.3992192416013489,78.3,0.0119,0.1045,0.1552,0.158,5.4054,20.2703,0.8446,185000.0,Late (35+)
Michael Siani,672279,/api/v1/people/672279,2024,24,STL,NL,CF,124,334,298,42,68,7,2,2,20,20,21,92,3,1,0.228,0.285,0.285,0.57,62.7,1,michael siani,,,,,,,left_only,0.312110700011545,0.3992192416013489,62.7,0.006,0.0629,0.2754,0.161,,,,,U25
Adam Duvall,594807,/api/v1/people/594807,2024,35,ATL,NL,LF,104,330,303,29,55,10,0,11,30,0,21,99,5,1,0.182,0.245,0.323,0.568,59.4,1,adam duvall,Adam Duvall,ATL,RF,3000000.0,3000000.0,3000000.0,both,0.312110700011545,0.3992192416013489,59.4,0.0333,0.0636,0.3,0.288,3.6667,10.0,0.1893,272727.0,Late (35+)
Ben Rortvedt,666163,/api/v1/people/666163,2024,26,TB,AL,C,112,328,290,27,66,13,0,3,31,1,34,88,4,0,0.228,0.317,0.303,0.62,77.5,1,ben rortvedt,Ben Rortvedt,TB,C,755400.0,755400.0,755400.0,both,0.312110700011545,0.3992192416013489,77.5,0.0091,0.1037,0.2683,0.277,3.9714,41.0379,0.8208,251800.0,Prime (25-29)
Oswaldo Cabrera,665828,/api/v1/people/665828,2024,25,NYY,AL,3B,109,326,299,47,74,11,0,8,36,4,21,63,1,3,0.247,0.296,0.365,0.661,86.3,1,oswaldo cabrera,Oswaldo Cabrera,NYY,LF/2B,783000.0,783000.0,783000.0,both,0.312110700011545,0.3992192416013489,86.3,0.0245,0.0644,0.1933,0.33,10.2171,45.977,0.8442,97875.0,Prime (25-29)
Royce Lewis,668904,/api/v1/people/668904,2024,25,MIN,AL,3B,82,325,292,40,68,16,0,16,47,0,28,74,0,5,0.233,0.295,0.452,0.747,107.7,1,royce lewis,Royce Lewis,MIN,3B,745700.0,745700.0,745700.0,both,0.312110700011545,0.3992192416013489,107.7,0.0492,0.0862,0.2277,0.573,21.4563,63.028,1.0017,46606.0,Prime (25-29)
Zach McKinstry,656716,/api/v1/people/656716,2024,29,DET,AL,SS,118,325,297,32,64,14,5,4,23,16,24,69,2,2,0.215,0.277,0.337,0.614,73.2,1,zach mckinstry,Zach McKinstry,DET,2B,764400.0,764400.0,764400.0,both,0.312110700011545,0.3992192416013489,73.2,0.0123,0.0738,0.2123,0.195,5.2329,30.089,0.8032,191100.0,Prime (25-29)
Danny Jansen,643376,/api/v1/people/643376,2024,29,BOS,AL,C,91,324,278,35,57,13,0,9,24,0,40,61,3,3,0.205,0.309,0.349,0.658,86.4,2,danny jansen,Danny Jansen,BOS,C,5200000.0,1817204.0,5200000.0,both,0.312110700011545,0.3992192416013489,86.4,0.0278,0.1235,0.1883,0.264,1.7308,4.6154,0.1265,577778.0,Prime (25-29)
Miguel Andujar,609280,/api/v1/people/609280,2024,29,OAK,AL,LF,75,319,302,31,86,14,1,4,30,3,13,42,3,1,0.285,0.32,0.377,0.697,97.0,1,miguel andujar,Miguel Andujar,OAK,3B,1700000.0,1700000.0,1700000.0,both,0.312110700011545,0.3992192416013489,97.0,0.0125,0.0408,0.1317,0.4,2.3529,17.6471,0.41,425000.0,Prime (25-29)
Eddie Rosario,592696,/api/v1/people/592696,2024,32,ATL,NL,LF,91,319,297,33,52,12,0,10,35,9,16,77,0,4,0.175,0.215,0.316,0.531,48.0,2,eddie rosario,Eddie Rosario,ATL,LF,740000.0,123318.0,740000.0,both,0.312110700011545,0.3992192416013489,48.0,0.0313,0.0502,0.2414,0.385,13.5135,47.2973,0.7176,74000.0,Veteran (30-34)
David Hamilton,666152,/api/v1/people/666152,2024,26,BOS,AL,SS,98,317,294,47,73,17,1,8,28,33,22,80,1,0,0.248,0.303,0.395,0.698,96.0,1,david hamilton,David Hamilton,BOS,SS,740000.0,700128.0,740000.0,both,0.312110700011545,0.3992192416013489,96.0,0.0252,0.0694,0.2524,0.286,10.8108,37.8378,0.9432,92500.0,Prime (25-29)
Richie Palacios,680700,/api/v1/people/680700,2024,27,TB,AL,2B,92,316,264,46,59,8,1,5,21,19,45,67,5,1,0.223,0.346,0.318,0.664,90.5,1,richie palacios,,,,,,,left_only,0.312110700011545,0.3992192416013489,90.5,0.0158,0.1424,0.212,0.228,,,,,Prime (25-29)
Christian Vázquez,543877,/api/v1/people/543877,2024,33,MIN,AL,C,93,315,294,29,65,10,0,7,27,3,11,65,1,4,0.221,0.248,0.327,0.575,61.4,1,christian vazquez,Christian Vazquez,MIN,C,10000000.0,10000000.0,10000000.0,both,0.312110700011545,0.3992192416013489,61.4,0.0222,0.0349,0.2063,0.29,0.7,2.7,0.0575,1428571.0,Veteran (30-34)
Christian Yelich,592885,/api/v1/people/592885,2024,32,MIL,NL,LF,73,315,270,44,85,12,3,11,42,21,40,58,2,1,0.315,0.406,0.504,0.91,156.3,1,christian yelich,Christian Yelich,MIL,LF,26000000.0,22050000.0,26000000.0,both,0.312110700011545,0.3992192416013489,156.3,0.0349,0.127,0.1841,0.575,0.4231,1.6154,0.035,2363636.0,Veteran (30-34)
Kevin Pillar,607680,/api/v1/people/607680,2024,35,LAA,AL,CF,100,314,284,38,65,16,1,8,45,12,16,69,10,3,0.229,0.291,0.377,0.668,87.7,2,kevin pillar,Kevin Pillar,LAA,CF,740000.0,608710.0,740000.0,both,0.312110700011545,0.3992192416013489,87.7,0.0255,0.051,0.2197,0.45,10.8108,60.8108,0.9027,92500.0,Late (35+)
Carson Kelly,608348,/api/v1/people/608348,2024,29,TEX,AL,C,91,313,281,32,67,9,1,9,37,0,25,55,6,1,0.238,0.313,0.374,0.687,94.0,2,carson kelly,Carson Kelly,TEX,C,3500000.0,1166654.0,3500000.0,both,0.312110700011545,0.3992192416013489,94.0,0.0288,0.0799,0.1757,0.407,2.5714,10.5714,0.1963,388889.0,Prime (25-29)
Joey Meneses,608841,/api/v1/people/608841,2024,32,WSH,NL,1B,76,313,281,19,65,11,0,3,42,2,21,63,5,6,0.231,0.291,0.302,0.593,68.9,1,joey meneses,Joey Meneses,WSH,1B/DH,752000.0,404300.0,752000.0,both,0.312110700011545,0.3992192416013489,68.9,0.0096,0.0671,0.2013,0.553,3.9894,55.8511,0.7886,250667.0,Veteran (30-34)
Kevin Newman,621028,/api/v1/people/621028,2024,30,AZ,NL,SS,111,311,288,41,80,17,1,3,28,8,15,48,0,2,0.278,0.311,0.375,0.686,93.6,1,kevin newman,Kevin Newman,ARI,SS,1000000.0,946237.0,1000000.0,both,0.312110700011545,0.3992192416013489,93.6,0.0096,0.0482,0.1543,0.252,3.0,28.0,0.686,333333.0,Veteran (30-34)
Ramón Laureano,657656,/api/v1/people/657656,2024,29,ATL,NL,RF,98,309,286,35,74,16,1,11,33,8,15,96,7,1,0.259,0.311,0.437,0.748,109.1,2,ramon laureano,Ramon Laureano,ATL,LF,740000.0,421668.0,740000.0,both,0.312110700011545,0.3992192416013489,109.1,0.0356,0.0485,0.3107,0.337,14.8649,44.5946,1.0108,67273.0,Prime (25-29)
Donovan Solano,456781,/api/v1/people/456781,2024,36,SD,NL,X,96,309,283,31,81,13,0,8,35,2,22,65,3,1,0.286,0.343,0.417,0.76,114.4,1,donovan solano,Donovan Solano,SD,DH/SS,1000000.0,790322.0,1000000.0,both,0.312110700011545,0.3992192416013489,114.4,0.0259,0.0712,0.2104,0.365,8.0,35.0,0.76,125000.0,Late (35+)
Rob Refsnyder,608701,/api/v1/people/608701,2024,33,BOS,AL,LF,93,307,272,32,77,16,1,11,40,2,28,78,5,1,0.283,0.359,0.471,0.83,133.0,1,rob refsnyder,Rob Refsnyder,BOS,RF,1850000.0,1850000.0,1850000.0,both,0.312110700011545,0.3992192416013489,133.0,0.0358,0.0912,0.2541,0.43,5.9459,21.6216,0.4486,168182.0,Veteran (30-34)
Dominic Smith,642086,/api/v1/people/642086,2024,29,CIN,NL,DH,93,307,275,33,64,22,0,6,34,1,28,76,4,0,0.233,0.313,0.378,0.691,95.0,2,dominic smith,Dominic Smith,CIN,1B/LF,740000.0,43758.0,740000.0,both,0.312110700011545,0.3992192416013489,95.0,0.0195,0.0912,0.2476,0.366,8.1081,45.9459,0.9338,123333.0,Prime (25-29)
Luis Rengifo,650859,/api/v1/people/650859,2024,27,LAA,AL,3B,78,304,283,41,85,13,1,6,30,24,16,44,4,0,0.3,0.347,0.417,0.764,115.6,1,luis rengifo,Luis Rengifo,LAA,2B,4400000.0,4400000.0,4400000.0,both,0.312110700011545,0.3992192416013489,115.6,0.0197,0.0526,0.1447,0.385,1.3636,6.8182,0.1736,733333.0,Prime (25-29)
Xavier Edwards,669364,/api/v1/people/669364,2024,24,MIA,NL,SS,70,303,265,39,87,12,5,1,26,31,33,52,0,4,0.328,0.397,0.423,0.82,133.2,1,xavier edwards,Xavier Edwards,MIA,SS,740000.0,604656.0,740000.0,both,0.312110700011545,0.3992192416013489,133.2,0.0033,0.1089,0.1716,0.371,1.3514,35.1351,1.1081,740000.0,U25
Ildemaro Vargas,545121,/api/v1/people/545121,2024,32,WSH,NL,3B,97,303,272,21,67,16,0,1,30,9,19,31,2,5,0.246,0.295,0.316,0.611,73.7,1,ildemaro vargas,Ildemaro Vargas,WSH,2B,1100000.0,1100000.0,1100000.0,both,0.312110700011545,0.3992192416013489,73.7,0.0033,0.0627,0.1023,0.309,0.9091,27.2727,0.5555,1100000.0,Veteran (30-34)
Emmanuel Rivera,656896,/api/v1/people/656896,2024,28,BAL,AL,3B,124,302,265,24,63,9,2,5,29,2,26,69,5,5,0.238,0.312,0.343,0.655,85.9,2,emmanuel rivera,Emmanuel Rivera,BAL,3B,740000.0,155142.0,740000.0,both,0.312110700011545,0.3992192416013489,85.9,0.0166,0.0861,0.2285,0.234,6.7568,39.1892,0.8851,148000.0,Prime (25-29)
Edouard Julien,666397,/api/v1/people/666397,2024,25,MIN,AL,2B,94,301,266,36,53,9,0,8,21,6,33,102,2,0,0.199,0.292,0.323,0.615,74.5,1,edouard julien,Edouard Julien,MIN,2B,746750.0,481800.0,746750.0,both,0.312110700011545,0.3992192416013489,74.5,0.0266,0.1096,0.3389,0.223,10.7131,28.1219,0.8236,93344.0,Prime (25-29)
Ramón Urías,602104,/api/v1/people/602104,2024,30,BAL,AL,3B,100,301,272,39,69,9,2,11,37,1,23,55,5,1,0.254,0.322,0.423,0.745,109.1,1,ramon urias,Ramon Urias,BAL,3B/SS,2100000.0,2100000.0,2100000.0,both,0.312110700011545,0.3992192416013489,109.1,0.0365,0.0764,0.1827,0.37,5.2381,17.619,0.3548,190909.0,Veteran (30-34)
Michael A. Taylor,572191,/api/v1/people/572191,2024,33,PIT,NL,CF,113,300,269,35,52,9,1,5,21,12,23,105,0,4,0.193,0.253,0.29,0.543,53.7,1,michael taylor,,,,,,,left_only,0.312110700011545,0.3992192416013489,53.7,0.0167,0.0767,0.35,0.186,,,,,Veteran (30-34)
Luis Campusano,669134,/api/v1/people/669134,2024,25,SD,NL,C,91,299,277,37,63,13,0,8,40,0,20,41,1,1,0.227,0.281,0.361,0.642,80.5,1,luis campusano,Luis Campusano,SD,C,754700.0,681744.0,754700.0,both,0.312110700011545,0.3992192416013489,80.5,0.0268,0.0669,0.1371,0.44,10.6002,53.0012,0.8507,94338.0,Prime (25-29)
Parker Meadows,678009,/api/v1/people/678009,2024,24,DET,AL,CF,82,298,270,39,66,12,6,9,28,9,25,76,1,1,0.244,0.31,0.433,0.743,107.8,1,parker meadows,Parker Meadows,DET,CF,746900.0,548235.0,746900.0,both,0.312110700011545,0.3992192416013489,107.8,0.0302,0.0839,0.255,0.341,12.0498,37.4883,0.9948,82989.0,U25
Nolan Jones,666134,/api/v1/people/666134,2024,26,COL,NL,LF,79,297,256,28,58,13,1,3,28,5,36,91,1,3,0.227,0.321,0.32,0.641,83.0,1,nolan jones,Nolan Jones,COL,LF/3B,745000.0,745000.0,745000.0,both,0.312110700011545,0.3992192416013489,83.0,0.0101,0.1212,0.3064,0.354,4.0268,37.5839,0.8604,248333.0,Prime (25-29)
Kerry Carpenter,681481,/api/v1/people/681481,2024,26,DET,AL,RF,87,296,264,37,75,16,5,18,57,0,22,75,4,3,0.284,0.345,0.587,0.932,157.6,1,kerry carpenter,Kerry Carpenter,DET,DH,761000.0,761000.0,761000.0,both,0.312110700011545,0.3992192416013489,157.6,0.0608,0.0743,0.2534,0.655,23.6531,74.9014,1.2247,42278.0,Prime (25-29)
Victor Robles,645302,/api/v1/people/645302,2024,27,SEA,AL,CF,91,295,254,44,78,20,0,4,28,34,21,53,11,3,0.307,0.381,0.433,0.814,130.5,2,victor robles,Victor Robles,SEA,RF,740000.0,465426.0,740000.0,both,0.312110700011545,0.3992192416013489,130.5,0.0136,0.0712,0.1797,0.308,5.4054,37.8378,1.1,185000.0,Prime (25-29)
Adam Frazier,624428,/api/v1/people/624428,2024,32,KC,AL,2B,104,294,262,35,53,10,1,4,22,3,22,59,7,0,0.202,0.282,0.294,0.576,64.0,1,adam frazier,Adam Frazier,KC,2B,2000000.0,2000000.0,2000000.0,both,0.312110700011545,0.3992192416013489,64.0,0.0136,0.0748,0.2007,0.212,2.0,11.0,0.288,500000.0,Veteran (30-34)
Max Muncy,571970,/api/v1/people/571970,2024,33,LAD,NL,3B,73,293,237,47,55,17,0,15,48,1,45,77,5,6,0.232,0.358,0.494,0.852,138.4,1,max muncy,Max Muncy,LAD,3B,7000000.0,12000000.0,9500000.0,both,0.312110700011545,0.3992192416013489,138.4,0.0512,0.1536,0.2628,0.658,2.1429,6.8571,0.1217,466667.0,Veteran (30-34)
Jose Iglesias,578428,/api/v1/people/578428,2024,34,NYM,NL,2B,85,291,270,39,91,16,1,4,26,6,12,39,8,1,0.337,0.381,0.448,0.829,134.3,1,jose iglesias,Jose Iglesias,NYM,3B,1500000.0,,1500000.0,both,0.312110700011545,0.3992192416013489,134.3,0.0137,0.0412,0.134,0.306,2.6667,17.3333,0.5527,375000.0,Veteran (30-34)
Javier Báez,595879,/api/v1/people/595879,2024,31,DET,AL,SS,80,289,272,25,50,12,0,6,37,8,12,69,2,3,0.184,0.221,0.294,0.515,44.5,1,javier baez,Javier Báez,DET,SS,25000000.0,25000000.0,25000000.0,both,0.312110700011545,0.3992192416013489,44.5,0.0208,0.0415,0.2388,0.462,0.24,1.48,0.0206,4166667.0,Veteran (30-34)
Ezequiel Duran,677649,/api/v1/people/677649,2024,25,TEX,AL,3B,92,285,268,26,66,11,0,3,20,1,14,63,2,1,0.246,0.288,0.321,0.609,72.7,1,ezequiel duran,Ezequiel Duran,TEX,2B,754500.0,620568.0,754500.0,both,0.312110700011545,0.3992192416013489,72.7,0.0105,0.0491,0.2211,0.217,3.9761,26.5076,0.8072,251500.0,Prime (25-29)
Joey Bart,663698,/api/v1/people/663698,2024,27,PIT,NL,C,80,282,253,38,67,11,0,13,45,0,22,73,6,1,0.265,0.337,0.462,0.799,123.7,1,joey bart,Joey Bart,PIT,C,770000.0,712062.0,770000.0,both,0.312110700011545,0.3992192416013489,123.7,0.0461,0.078,0.2589,0.562,16.8831,58.4416,1.0377,59231.0,Prime (25-29)
Kevin Kiermaier,595281,/api/v1/people/595281,2024,34,LAD,NL,CF,116,281,259,31,51,9,3,5,26,6,12,86,2,1,0.197,0.237,0.313,0.55,54.3,2,kevin kiermaier,Kevin Kiermaier,LAD,CF,10500000.0,1840000.0,10500000.0,both,0.312110700011545,0.3992192416013489,54.3,0.0178,0.0427,0.306,0.224,0.4762,2.4762,0.0524,2100000.0,Veteran (30-34)
Jacob Stallings,607732,/api/v1/people/607732,2024,34,COL,NL,C,82,281,243,31,64,17,1,9,36,0,27,65,9,1,0.263,0.357,0.453,0.81,127.9,1,jacob stallings,Jacob Stallings,COL,C,1500000.0,1500000.0,1500000.0,both,0.312110700011545,0.3992192416013489,127.9,0.032,0.0961,0.2313,0.439,6.0,24.0,0.54,166667.0,Veteran (30-34)
Gary Sánchez,596142,/api/v1/people/596142,2024,31,MIL,NL,DH,89,280,245,30,54,7,1,11,37,0,27,76,5,3,0.22,0.307,0.392,0.699,96.6,1,gary sanchez,Gary Sánchez,MIL,DH/C,3000000.0,3000000.0,3000000.0,both,0.312110700011545,0.3992192416013489,96.6,0.0393,0.0964,0.2714,0.416,3.6667,12.3333,0.233,272727.0,Veteran (30-34)
Randal Grichuk,545341,/api/v1/people/545341,2024,32,AZ,NL,RF,106,279,254,40,74,20,2,12,46,0,20,46,3,2,0.291,0.348,0.528,0.876,143.8,1,randal grichuk,Randal Grichuk,ARI,RF,1500000.0,1500000.0,1500000.0,both,0.312110700011545,0.3992192416013489,143.8,0.043,0.0717,0.1649,0.434,8.0,30.6667,0.584,125000.0,Veteran (30-34)
Vidal Bruján,660644,/api/v1/people/660644,2024,26,MIA,NL,2B,102,278,248,32,55,14,2,2,16,5,25,54,4,0,0.222,0.303,0.319,0.622,77.0,1,vidal brujan,Vidal Brujan,MIA,2B,745800.0,745800.0,745800.0,both,0.312110700011545,0.3992192416013489,77.0,0.0072,0.0899,0.1942,0.157,2.6817,21.4535,0.834,372900.0,Prime (25-29)
Tyler Nevin,663527,/api/v1/people/663527,2024,27,OAK,AL,1B,87,278,245,22,50,10,0,7,20,1,25,64,5,3,0.204,0.288,0.331,0.619,75.2,1,tyler nevin,Tyler Nevin,OAK,1B/OF/3B,740000.0,640458.0,740000.0,both,0.312110700011545,0.3992192416013489,75.2,0.0252,0.0899,0.2302,0.23,9.4595,27.027,0.8365,105714.0,Prime (25-29)
Jack Suwinski,669261,/api/v1/people/669261,2024,25,PIT,NL,CF,88,277,247,29,45,8,0,9,26,9,27,79,1,1,0.182,0.264,0.324,0.588,65.7,1,jack suwinski,Jack Suwinski,PIT,LF,755000.0,454608.0,755000.0,both,0.312110700011545,0.3992192416013489,65.7,0.0325,0.0975,0.2852,0.295,11.9205,34.4371,0.7788,83889.0,Prime (25-29)
Nick Gordon,624503,/api/v1/people/624503,2024,28,MIA,NL,LF,95,275,260,29,59,11,1,8,32,5,11,67,1,3,0.227,0.258,0.369,0.627,75.1,1,nick gordon,Nick Gordon,MIA,SS,900000.0,900000.0,900000.0,both,0.312110700011545,0.3992192416013489,75.1,0.0291,0.04,0.2436,0.337,8.8889,35.5556,0.6967,112500.0,Prime (25-29)
Victor Caratini,605170,/api/v1/people/605170,2024,30,HOU,AL,C,87,274,245,30,66,8,1,8,30,0,23,53,3,3,0.269,0.336,0.408,0.744,109.9,1,victor caratini,Victor Caratini,HOU,C,6000000.0,6000000.0,6000000.0,both,0.312110700011545,0.3992192416013489,109.9,0.0292,0.0839,0.1934,0.345,1.3333,5.0,0.124,750000.0,Veteran (30-34)
Edmundo Sosa,624641,/api/v1/people/624641,2024,28,PHI,NL,SS,90,274,249,39,64,12,4,7,31,7,13,66,8,2,0.257,0.313,0.422,0.735,106.0,1,edmundo sosa,Edmundo Sosa,PHI,3B,1700000.0,1700000.0,1700000.0,both,0.312110700011545,0.3992192416013489,106.0,0.0255,0.0474,0.2409,0.344,4.1176,18.2353,0.4324,242857.0,Prime (25-29)
Jonah Bride,681146,/api/v1/people/681146,2024,28,MIA,NL,1B,71,272,232,30,64,10,0,11,39,0,30,55,3,7,0.276,0.357,0.461,0.818,129.9,1,jonah bride,Jonah Bride,MIA,1B,750000.0,391104.0,750000.0,both,0.312110700011545,0.3992192416013489,129.9,0.0404,0.1103,0.2022,0.549,14.6667,52.0,1.0907,68182.0,Prime (25-29)
Brett Wisely,689172,/api/v1/people/689172,2024,25,SF,NL,2B,91,272,252,25,60,13,1,4,31,2,13,65,2,3,0.238,0.278,0.345,0.623,75.5,1,brett wisely,Brett Wisely,SF,2B,740000.0,525161.0,740000.0,both,0.312110700011545,0.3992192416013489,75.5,0.0147,0.0478,0.239,0.341,5.4054,41.8919,0.8419,185000.0,Prime (25-29)
Chas McCormick,676801,/api/v1/people/676801,2024,29,HOU,AL,LF,94,267,242,32,51,6,1,5,27,8,17,72,4,3,0.211,0.271,0.306,0.577,63.5,1,chas mccormick,Chas McCormick,HOU,CF,2850000.0,2850000.0,2850000.0,both,0.312110700011545,0.3992192416013489,63.5,0.0187,0.0637,0.2697,0.287,1.7544,9.4737,0.2025,570000.0,Prime (25-29)
Nick Senzel,669222,/api/v1/people/669222,2024,29,CWS,AL,3B,74,267,236,25,46,11,0,7,18,1,28,61,1,0,0.195,0.283,0.331,0.614,73.6,2,nick senzel,Nick Senzel,CHW,3B,740000.0,159120.0,740000.0,both,0.312110700011545,0.3992192416013489,73.6,0.0262,0.1049,0.2285,0.243,9.4595,24.3243,0.8297,105714.0,Prime (25-29)
Dylan Carlson,666185,/api/v1/people/666185,2024,25,TB,AL,LF,96,265,235,19,49,7,0,3,25,2,22,75,5,3,0.209,0.287,0.277,0.564,61.3,2,dylan carlson,Dylan Carlson,TB,LF,2350000.0,684946.0,2350000.0,both,0.312110700011545,0.3992192416013489,61.3,0.0113,0.083,0.283,0.26,1.2766,10.6383,0.24,783333.0,Prime (25-29)
Sean Murphy,669221,/api/v1/people/669221,2024,29,ATL,NL,C,72,264,233,19,45,5,1,10,25,0,27,67,3,1,0.193,0.284,0.352,0.636,79.2,1,sean murphy,Sean Murphy,ATL,C,9000000.0,9000000.0,9000000.0,both,0.312110700011545,0.3992192416013489,79.2,0.0379,0.1023,0.2538,0.347,1.1111,2.7778,0.0707,900000.0,Prime (25-29)
Kyle Higashioka,543309,/api/v1/people/543309,2024,34,SD,NL,C,84,263,246,29,54,10,1,17,45,2,15,74,0,1,0.22,0.263,0.476,0.739,103.5,1,kyle higashioka,Kyle Higashioka,SD,C,2180000.0,2180000.0,2180000.0,both,0.312110700011545,0.3992192416013489,103.5,0.0646,0.057,0.2814,0.536,7.7982,20.6422,0.339,128235.0,Veteran (30-34)
Joey Loperfido,694388,/api/v1/people/694388,2024,25,TOR,AL,LF,81,262,243,24,52,13,4,4,25,4,13,95,4,1,0.214,0.264,0.35,0.614,72.3,2,joey loperfido,Joey Loperfido,TOR,LF,740000.0,238680.0,740000.0,both,0.312110700011545,0.3992192416013489,72.3,0.0153,0.0496,0.3626,0.309,5.4054,33.7838,0.8297,185000.0,Prime (25-29)
Matt Wallner,670242,/api/v1/people/670242,2024,26,MIN,AL,RF,75,261,220,26,57,17,1,13,37,3,24,95,16,1,0.259,0.372,0.523,0.895,150.2,1,matt wallner,Matt Wallner,MIN,DH,745550.0,416832.0,745550.0,both,0.312110700011545,0.3992192416013489,150.2,0.0498,0.092,0.364,0.493,17.4368,49.6278,1.2005,57350.0,Prime (25-29)
Joey Gallo,608336,/api/v1/people/608336,2024,30,WSH,NL,1B,76,260,223,24,36,9,0,10,27,3,32,102,4,1,0.161,0.277,0.336,0.613,72.9,1,joey gallo,Joey Gallo,WSH,1B/OF,2500000.0,2700000.0,2700000.0,both,0.312110700011545,0.3992192416013489,72.9,0.0385,0.1231,0.3923,0.355,4.0,10.8,0.2452,250000.0,Veteran (30-34)
David Peralta,444482,/api/v1/people/444482,2024,36,SD,NL,RF,91,260,236,35,63,11,0,8,28,2,22,54,2,0,0.267,0.335,0.415,0.75,111.3,1,david peralta,David Peralta,SD,LF,1000000.0,698924.0,1000000.0,both,0.312110700011545,0.3992192416013489,111.3,0.0308,0.0846,0.2077,0.308,8.0,28.0,0.75,125000.0,Late (35+)
Iván Herrera,671056,/api/v1/people/671056,2024,24,STL,NL,C,72,259,229,37,69,12,1,5,27,5,25,53,2,2,0.301,0.372,0.428,0.8,126.4,1,ivan herrera,Iván Herrera,STL,C,743150.0,567290.0,743150.0,both,0.312110700011545,0.3992192416013489,126.4,0.0193,0.0965,0.2046,0.375,6.7281,36.3318,1.0765,148630.0,U25
Jason Heyward,518792,/api/v1/people/518792,2024,34,HOU,AL,RF,87,258,228,33,48,12,2,10,37,5,22,53,4,3,0.211,0.288,0.412,0.7,95.5,2,jason heyward,Jason Heyward,HOU,RF/CF,740000.0,123318.0,740000.0,both,0.312110700011545,0.3992192416013489,95.5,0.0388,0.0853,0.2054,0.425,13.5135,50.0,0.9459,74000.0,Veteran (30-34)
Austin Martin,668885,/api/v1/people/668885,2024,25,MIN,AL,LF,93,257,233,41,59,18,1,1,16,7,20,47,2,0,0.253,0.318,0.352,0.67,90.1,1,austin martin,Austin Martin,MIN,SS,740000.0,560898.0,740000.0,both,0.312110700011545,0.3992192416013489,90.1,0.0039,0.0778,0.1829,0.172,1.3514,21.6216,0.9054,740000.0,Prime (25-29)
Austin Hays,669720,/api/v1/people/669720,2024,28,PHI,NL,LF,85,255,235,26,60,18,0,5,20,2,9,59,8,2,0.255,0.303,0.396,0.699,96.3,2,austin hays,Austin Hays,PHI,LF,6300000.0,2201615.0,6300000.0,both,0.312110700011545,0.3992192416013489,96.3,0.0196,0.0353,0.2314,0.235,0.7937,3.1746,0.111,1260000.0,Prime (25-29)
Willie Calhoun,641432,/api/v1/people/641432,2024,29,LAA,AL,DH,68,254,229,26,56,16,0,5,20,0,23,31,1,1,0.245,0.315,0.38,0.695,96.1,1,willie calhoun,Willie Calhoun,LAA,OF,1000000.0,580608.0,1000000.0,both,0.312110700011545,0.3992192416013489,96.1,0.0197,0.0906,0.122,0.294,5.0,20.0,0.695,200000.0,Prime (25-29)
Taylor Walls,670764,/api/v1/people/670764,2024,27,TB,AL,SS,84,252,218,27,40,5,3,1,14,16,31,67,0,3,0.183,0.282,0.248,0.53,52.5,1,taylor walls,Taylor Walls,TB,SS,757300.0,757300.0,757300.0,both,0.312110700011545,0.3992192416013489,52.5,0.004,0.123,0.2659,0.167,1.3205,18.4867,0.6999,757300.0,Prime (25-29)
Juan Yepez,660766,/api/v1/people/660766,2024,26,WSH,NL,1B,62,249,226,32,64,15,0,6,26,2,18,42,1,3,0.283,0.335,0.429,0.764,114.8,1,juan yepez,Juan Yepez,WSH,1B,740000.0,342108.0,740000.0,both,0.312110700011545,0.3992192416013489,114.8,0.0241,0.0723,0.1687,0.419,8.1081,35.1351,1.0324,123333.0,Prime (25-29)
Elehuris Montero,660707,/api/v1/people/660707,2024,25,COL,NL,1B,67,247,224,23,46,10,0,4,28,0,20,56,0,3,0.205,0.267,0.304,0.571,61.7,1,elehuris montero,Elehuris Montero,COL,3B,745000.0,380475.0,745000.0,both,0.312110700011545,0.3992192416013489,61.7,0.0162,0.081,0.2267,0.418,5.3691,37.5839,0.7664,186250.0,Prime (25-29)
Harold Ramírez,623912,/api/v1/people/623912,2024,29,WSH,NL,DH,73,246,238,28,62,7,1,2,29,6,5,50,2,1,0.261,0.28,0.324,0.604,70.9,2,harold ramirez,,,,,,,left_only,0.312110700011545,0.3992192416013489,70.9,0.0081,0.0203,0.2033,0.397,,,,,Prime (25-29)
Chris Taylor,621035,/api/v1/people/621035,2024,33,LAD,NL,LF,87,246,213,28,43,7,1,4,23,5,28,76,2,2,0.202,0.298,0.3,0.598,70.6,1,chris taylor,Chris Taylor,LAD,2B,13000000.0,13000000.0,13000000.0,both,0.312110700011545,0.3992192416013489,70.6,0.0163,0.1138,0.3089,0.264,0.3077,1.7692,0.046,3250000.0,Veteran (30-34)
Robbie Grossman,543257,/api/v1/people/543257,2024,34,KC,AL,DH,86,245,208,21,44,8,0,3,16,3,34,58,1,2,0.212,0.322,0.293,0.615,76.6,3,robbie grossman,Robbie Grossman,KC,RF,1500000.0,233885.0,1500000.0,both,0.312110700011545,0.3992192416013489,76.6,0.0122,0.1388,0.2367,0.186,2.0,10.6667,0.41,500000.0,Veteran (30-34)
Andy Ibáñez,628451,/api/v1/people/628451,2024,31,DET,AL,X,99,244,224,30,54,9,1,5,32,2,15,63,3,2,0.241,0.295,0.357,0.652,83.9,1,andy ibanez,Andy Ibanez,DET,2B,766100.0,766100.0,766100.0,both,0.312110700011545,0.3992192416013489,83.9,0.0205,0.0615,0.2582,0.323,6.5266,41.77,0.8511,153220.0,Veteran (30-34)
Triston Casas,671213,/api/v1/people/671213,2024,24,BOS,AL,1B,63,243,212,28,51,8,0,13,32,0,30,77,1,0,0.241,0.337,0.462,0.799,123.7,1,triston casas,Triston Casas,BOS,1B/3B,760000.0,760000.0,760000.0,both,0.312110700011545,0.3992192416013489,123.7,0.0535,0.1235,0.3169,0.508,17.1053,42.1053,1.0513,58462.0,U25
Yasmani Grandal,518735,/api/v1/people/518735,2024,35,PIT,NL,C,72,243,215,26,49,10,0,9,27,1,24,46,0,1,0.228,0.304,0.4,0.704,97.6,1,yasmani grandal,Yasmani Grandal,PIT,C,2500000.0,2500000.0,2500000.0,both,0.312110700011545,0.3992192416013489,97.6,0.037,0.0988,0.1893,0.375,3.6,10.8,0.2816,277778.0,Late (35+)
Kyle Farmer,571657,/api/v1/people/571657,2024,33,MIN,AL,2B,107,242,215,26,46,13,1,5,25,3,19,49,6,2,0.214,0.293,0.353,0.646,82.3,1,kyle farmer,Kyle Farmer,MIN,SS,6250000.0,6250000.0,6250000.0,both,0.312110700011545,0.3992192416013489,82.3,0.0207,0.0785,0.2025,0.234,0.8,4.0,0.1034,1250000.0,Veteran (30-34)
Wilmer Flores,527038,/api/v1/people/527038,2024,32,SF,NL,1B,71,242,214,19,44,12,0,4,26,0,20,33,3,5,0.206,0.277,0.318,0.595,68.4,1,wilmer flores,Wilmer Flores,SF,1B,6500000.0,6500000.0,6500000.0,both,0.312110700011545,0.3992192416013489,68.4,0.0165,0.0826,0.1364,0.366,0.6154,4.0,0.0915,1625000.0,Veteran (30-34)
Noelvi Marte,682622,/api/v1/people/682622,2024,22,CIN,NL,3B,66,242,229,24,48,9,0,4,18,9,9,75,3,1,0.21,0.248,0.301,0.549,54.9,1,noelvi marte,Noelvi Marte,CIN,SS,740000.0,377957.0,740000.0,both,0.312110700011545,0.3992192416013489,54.9,0.0165,0.0372,0.3099,0.273,5.4054,24.3243,0.7419,185000.0,U25
Tim Anderson,641313,/api/v1/people/641313,2024,31,MIA,NL,SS,65,241,234,16,50,3,0,0,9,4,7,68,0,0,0.214,0.237,0.226,0.463,32.5,1,tim anderson,,,,,,,left_only,0.312110700011545,0.3992192416013489,32.5,0.0,0.029,0.2822,0.138,,,,,Veteran (30-34)
Dominic Fletcher,666150,/api/v1/people/666150,2024,26,CWS,AL,RF,72,241,223,14,46,8,0,1,17,0,11,58,3,1,0.206,0.252,0.256,0.508,44.9,1,dominic fletcher,Dominic Fletcher,CHW,RF,742900.0,595106.0,742900.0,both,0.312110700011545,0.3992192416013489,44.9,0.0041,0.0456,0.2407,0.236,1.3461,22.8833,0.6838,742900.0,Prime (25-29)
Anthony Rendon,543685,/api/v1/people/543685,2024,34,LAA,AL,3B,57,238,206,21,45,10,0,0,14,6,23,35,5,4,0.218,0.307,0.267,0.574,65.2,1,anthony rendon,Anthony Rendon,LAA,3B,38000000.0,38000000.0,38571428.0,both,0.312110700011545,0.3992192416013489,65.2,0.0,0.0966,0.1471,0.246,0.0,0.3684,0.0151,,Veteran (30-34)
Miguel Vargas,678246,/api/v1/people/678246,2024,24,CWS,AL,3B,72,237,206,22,31,7,0,5,16,3,25,57,3,3,0.15,0.249,0.257,0.506,44.2,2,miguel vargas,Miguel Vargas,CHW,3B,740000.0,246636.0,740000.0,both,0.312110700011545,0.3992192416013489,44.2,0.0211,0.1055,0.2405,0.222,6.7568,21.6216,0.6838,148000.0,U25
Jose Trevino,624431,/api/v1/people/624431,2024,31,NYY,AL,C,74,234,209,26,45,5,0,8,28,1,20,41,2,2,0.215,0.288,0.354,0.642,80.9,1,jose trevino,Jose Trevino,NYY,C,2730000.0,2730000.0,2730000.0,both,0.312110700011545,0.3992192416013489,80.9,0.0342,0.0855,0.1752,0.378,2.9304,10.2564,0.2352,341250.0,Veteran (30-34)
Stuart Fairchild,656413,/api/v1/people/656413,2024,28,CIN,NL,CF,94,233,209,33,45,8,0,8,30,13,17,60,4,1,0.215,0.286,0.368,0.654,83.8,1,stuart fairchild,Stuart Fairchild,CIN,OF,750000.0,750000.0,750000.0,both,0.312110700011545,0.3992192416013489,83.8,0.0343,0.073,0.2575,0.319,10.6667,40.0,0.872,93750.0,Prime (25-29)
James McCann,543510,/api/v1/people/543510,2024,34,BAL,AL,C,66,233,214,27,50,9,0,8,31,1,13,56,2,4,0.234,0.279,0.388,0.667,86.6,1,james mccann,James McCann,BAL,C,12000000.0,4000000.0,12150000.0,both,0.312110700011545,0.3992192416013489,86.6,0.0343,0.0558,0.2403,0.47,0.6667,2.5833,0.0556,1500000.0,Veteran (30-34)
Garrett Hampson,641658,/api/v1/people/641658,2024,29,KC,AL,CF,113,231,213,16,49,13,1,0,16,7,14,59,0,2,0.23,0.275,0.3,0.575,63.3,1,garrett hampson,Garrett Hampson,KC,SS,2000000.0,2000000.0,2000000.0,both,0.312110700011545,0.3992192416013489,63.3,0.0,0.0606,0.2554,0.142,0.0,8.0,0.2875,,Prime (25-29)
Justyn-Henry Malloy,669234,/api/v1/people/669234,2024,24,DET,AL,DH,71,230,202,18,41,7,1,8,21,1,23,85,3,2,0.203,0.291,0.366,0.657,84.9,1,justynhenry malloy,Justyn-Henry Malloy,DET,DH,740000.0,421720.0,740000.0,both,0.312110700011545,0.3992192416013489,84.9,0.0348,0.1,0.3696,0.296,10.8108,28.3784,0.8878,92500.0,U25
Nelson Velázquez,676369,/api/v1/people/676369,2024,25,KC,AL,DH,64,230,205,31,41,8,1,8,27,2,19,61,3,3,0.2,0.274,0.366,0.64,79.5,1,nelson velazquez,Nelson Velazquez,KC,DH/OF,747000.0,357424.0,747000.0,both,0.312110700011545,0.3992192416013489,79.5,0.0348,0.0826,0.2652,0.422,10.7095,36.1446,0.8568,93375.0,Prime (25-29)
Nick Ahmed,605113,/api/v1/people/605113,2024,34,SD,NL,2B,71,228,210,20,48,6,1,2,17,2,11,51,1,3,0.229,0.267,0.295,0.562,59.4,3,nick ahmed,Nick Ahmed,SD,SS,1000000.0,37632.0,1000000.0,both,0.312110700011545,0.3992192416013489,59.4,0.0088,0.0482,0.2237,0.239,2.0,17.0,0.562,500000.0,Veteran (30-34)
DJ LeMahieu,518934,/api/v1/people/518934,2024,35,NYY,AL,1B,67,228,201,19,41,5,0,2,26,0,19,35,1,6,0.204,0.269,0.259,0.528,51.1,1,dj lemahieu,D.J. LeMahieu,NYY,3B,15000000.0,15000000.0,15000000.0,both,0.312110700011545,0.3992192416013489,51.1,0.0088,0.0833,0.1535,0.388,0.1333,1.7333,0.0352,7500000.0,Late (35+)
Addison Barger,680718,/api/v1/people/680718,2024,24,TOR,AL,3B,69,225,208,20,41,11,0,7,28,2,14,60,1,1,0.197,0.25,0.351,0.601,68.0,1,addison barger,Addison Barger,TOR,3B,740000.0,405756.0,740000.0,both,0.312110700011545,0.3992192416013489,68.0,0.0311,0.0622,0.2667,0.406,9.4595,37.8378,0.8122,105714.0,U25
Cavan Biggio,624415,/api/v1/people/624415,2024,29,ATL,NL,2B,78,224,188,27,37,5,0,5,19,2,24,72,8,0,0.197,0.314,0.303,0.617,76.5,3,cavan biggio,Cavan Biggio,ATL,2B,740000.0,35802.0,740000.0,both,0.312110700011545,0.3992192416013489,76.5,0.0223,0.1071,0.3214,0.244,6.7568,25.6757,0.8338,148000.0,Prime (25-29)
Hunter Goodman,696100,/api/v1/people/696100,2024,24,COL,NL,RF,70,224,211,24,40,9,0,13,36,1,8,64,3,2,0.19,0.228,0.417,0.645,77.5,1,hunter goodman,Hunter Goodman,COL,RF,740000.0,580860.0,740000.0,both,0.312110700011545,0.3992192416013489,77.5,0.058,0.0357,0.2857,0.514,17.5676,48.6486,0.8716,56923.0,U25
Garrett Mitchell,669003,/api/v1/people/669003,2024,25,MIL,NL,CF,69,224,196,33,50,12,3,8,21,11,25,71,1,0,0.255,0.342,0.469,0.811,127.1,1,garrett mitchell,Garrett Mitchell,MIL,CF,744300.0,744300.0,744300.0,both,0.312110700011545,0.3992192416013489,127.1,0.0357,0.1116,0.317,0.304,10.7484,28.2144,1.0896,93038.0,Prime (25-29)
Enmanuel Valdez,665839,/api/v1/people/665839,2024,25,BOS,AL,2B,76,223,201,23,43,12,0,6,28,1,17,53,0,4,0.214,0.27,0.363,0.633,77.4,1,enmanuel valdez,Enmanuel Valdez,BOS,2B,743500.0,447664.0,743500.0,both,0.312110700011545,0.3992192416013489,77.4,0.0269,0.0762,0.2377,0.368,8.0699,37.6597,0.8514,123917.0,Prime (25-29)
Ronald Acuña Jr.,660670,/api/v1/people/660670,2024,26,ATL,NL,RF,49,222,192,38,48,8,1,4,15,16,27,53,3,0,0.25,0.351,0.365,0.716,103.9,1,ronald acuna,Ronald Acuña Jr.,ATL,RF,17000000.0,17000000.0,17000000.0,both,0.312110700011545,0.3992192416013489,103.9,0.018,0.1216,0.2387,0.306,0.2353,0.8824,0.0421,4250000.0,Prime (25-29)
Daniel Schneemann,682177,/api/v1/people/682177,2024,27,CLE,AL,SS,73,221,193,17,42,10,2,5,22,3,25,70,0,3,0.218,0.303,0.368,0.671,89.3,1,daniel schneemann,Daniel Schneemann,CLE,SS,740000.0,477419.0,740000.0,both,0.312110700011545,0.3992192416013489,89.3,0.0226,0.1131,0.3167,0.301,6.7568,29.7297,0.9068,148000.0,Prime (25-29)
Pedro Pagés,686780,/api/v1/people/686780,2024,25,STL,NL,C,68,218,202,19,48,3,2,7,27,2,13,58,0,2,0.238,0.281,0.376,0.657,84.2,1,pedro pages,Pedro Pages,STL,C,740000.0,656370.0,740000.0,both,0.312110700011545,0.3992192416013489,84.2,0.0321,0.0596,0.2661,0.397,9.4595,36.4865,0.8878,105714.0,Prime (25-29)
Romy Gonzalez,663853,/api/v1/people/663853,2024,27,BOS,AL,X,89,216,199,25,53,10,1,6,29,11,12,58,1,4,0.266,0.306,0.417,0.723,102.5,1,romy gonzalez,Romy Gonzalez,BOS,3B,740000.0,688194.0,740000.0,both,0.312110700011545,0.3992192416013489,102.5,0.0278,0.0556,0.2685,0.326,8.1081,39.1892,0.977,123333.0,Prime (25-29)
Tyler Soderstrom,691016,/api/v1/people/691016,2024,22,OAK,AL,1B,61,213,189,18,44,10,0,9,26,0,20,53,3,1,0.233,0.315,0.429,0.744,108.4,1,tyler soderstrom,Tyler Soderstrom,OAK,1B,740000.0,620568.0,740000.0,both,0.312110700011545,0.3992192416013489,108.4,0.0423,0.0939,0.2488,0.426,12.1622,35.1351,1.0054,82222.0,U25
Austin Slater,596103,/api/v1/people/596103,2024,31,BAL,AL,LF,84,212,177,24,37,4,0,2,18,3,26,60,5,4,0.209,0.321,0.266,0.587,69.5,3,austin slater,Austin Slater,BAL,LF,4000000.0,246667.0,4000000.0,both,0.312110700011545,0.3992192416013489,69.5,0.0094,0.1226,0.283,0.214,0.5,4.5,0.1468,2000000.0,Veteran (30-34)
Trey Lipscomb,702358,/api/v1/people/702358,2024,24,WSH,NL,3B,61,211,190,20,38,3,0,1,10,11,16,40,2,1,0.2,0.268,0.232,0.5,44.0,1,trey lipscomb,Trey Lipscomb,WSH,3B,740000.0,391743.0,740000.0,both,0.312110700011545,0.3992192416013489,44.0,0.0047,0.0758,0.1896,0.164,1.3514,13.5135,0.6757,740000.0,U25
Leo Jiménez,677870,/api/v1/people/677870,2024,23,TOR,AL,SS,63,210,179,18,41,11,0,4,19,0,12,59,16,3,0.229,0.329,0.358,0.687,95.1,1,leo jimenez,,,,,,,left_only,0.312110700011545,0.3992192416013489,95.1,0.019,0.0571,0.281,0.302,,,,,U25
Trent Grisham,663757,/api/v1/people/663757,2024,27,NYY,AL,CF,76,209,179,21,34,8,0,9,31,1,22,57,4,2,0.19,0.29,0.385,0.675,89.4,1,trent grisham,Trent Grisham,NYY,CF,5500000.0,5500000.0,5500000.0,both,0.312110700011545,0.3992192416013489,89.4,0.0431,0.1053,0.2727,0.408,1.6364,5.6364,0.1227,611111.0,Prime (25-29)
Kyle Stowers,669065,/api/v1/people/669065,2024,26,MIA,NL,LF,69,209,192,15,40,11,2,3,24,0,13,74,3,1,0.208,0.268,0.333,0.601,69.3,2,kyle stowers,Kyle Stowers,MIA,CF,740000.0,242658.0,740000.0,both,0.312110700011545,0.3992192416013489,69.3,0.0144,0.0622,0.3541,0.348,4.0541,32.4324,0.8122,246667.0,Prime (25-29)
Jackson Holliday,702616,/api/v1/people/702616,2024,20,BAL,AL,2B,60,208,190,28,36,4,2,5,23,4,15,69,2,1,0.189,0.255,0.311,0.566,59.6,1,jackson holliday,Jackson Holliday,BAL,2B,740000.0,310322.0,740000.0,both,0.312110700011545,0.3992192416013489,59.6,0.024,0.0721,0.3317,0.383,6.7568,31.0811,0.7649,148000.0,U25
Jorge Mateo,622761,/api/v1/people/622761,2024,29,BAL,AL,2B,68,208,192,30,44,14,2,5,18,13,10,48,1,3,0.229,0.267,0.401,0.668,86.0,1,jorge mateo,Jorge Mateo,BAL,SS,2700000.0,2700000.0,2700000.0,both,0.312110700011545,0.3992192416013489,86.0,0.024,0.0481,0.2308,0.265,1.8519,6.6667,0.2474,540000.0,Prime (25-29)
Travis Jankowski,608671,/api/v1/people/608671,2024,33,TEX,AL,RF,104,207,190,19,38,5,0,1,12,11,12,44,5,0,0.2,0.266,0.242,0.508,45.8,1,travis jankowski,Travis Jankowski,TEX,DH,1700000.0,1700000.0,1700000.0,both,0.312110700011545,0.3992192416013489,45.8,0.0048,0.058,0.2126,0.115,0.5882,7.0588,0.2988,1700000.0,Veteran (30-34)
Jhonkensy Noel,678877,/api/v1/people/678877,2024,22,CLE,AL,RF,67,198,179,25,39,7,1,13,28,0,13,63,5,1,0.218,0.288,0.486,0.774,114.0,1,jhonkensy noel,Jhonkensy Noel,CLE,RF,740000.0,381935.0,740000.0,both,0.312110700011545,0.3992192416013489,114.0,0.0657,0.0657,0.3182,0.418,17.5676,37.8378,1.0459,56923.0,U25
Edward Olivares,658668,/api/v1/people/658668,2024,28,PIT,NL,RF,55,196,174,22,39,4,0,5,23,1,16,37,2,4,0.224,0.291,0.333,0.624,76.6,1,edward olivares,Edward Olivares,PIT,LF,1350000.0,1350000.0,1350000.0,both,0.312110700011545,0.3992192416013489,76.6,0.0255,0.0816,0.1888,0.418,3.7037,17.037,0.4622,270000.0,Prime (25-29)
Connor Norby,681393,/api/v1/people/681393,2024,24,MIA,NL,3B,45,194,178,32,42,9,0,9,20,3,15,64,0,1,0.236,0.294,0.438,0.732,103.9,2,connor norby,Connor Norby,MIA,2B,740000.0,163098.0,740000.0,both,0.312110700011545,0.3992192416013489,103.9,0.0464,0.0773,0.3299,0.444,12.1622,27.027,0.9892,82222.0,U25
DJ Stewart,621466,/api/v1/people/621466,2024,30,NYM,NL,RF,74,194,158,16,28,4,0,5,19,1,31,48,4,1,0.177,0.325,0.297,0.622,78.5,1,dj stewart,D.J. Stewart,NYM,DH,1380000.0,1380000.0,1380000.0,both,0.312110700011545,0.3992192416013489,78.5,0.0258,0.1598,0.2474,0.257,3.6232,13.7681,0.4507,276000.0,Veteran (30-34)
Corey Julks,667452,/api/v1/people/667452,2024,28,CWS,AL,RF,66,189,173,17,37,7,0,3,14,5,15,50,0,1,0.214,0.275,0.306,0.581,64.8,1,corey julks,Corey Julks,CHW,CF,755700.0,495686.0,755700.0,both,0.312110700011545,0.3992192416013489,64.8,0.0159,0.0794,0.2646,0.212,3.9698,18.5259,0.7688,251900.0,Prime (25-29)
Dominic Canzone,686527,/api/v1/people/686527,2024,26,SEA,AL,RF,67,188,168,20,33,7,0,8,17,1,18,53,0,2,0.196,0.271,0.381,0.652,82.3,1,dominic canzone,Dominic Canzone,SEA,RF,743700.0,615692.0,743700.0,both,0.312110700011545,0.3992192416013489,82.3,0.0426,0.0957,0.2819,0.254,10.757,22.8587,0.8767,92962.0,Prime (25-29)
Josh Jung,673962,/api/v1/people/673962,2024,26,TEX,AL,3B,46,188,178,19,47,5,1,7,16,4,8,48,1,1,0.264,0.298,0.421,0.719,100.9,1,josh jung,Josh Jung,TEX,3B,756000.0,756000.0,756000.0,both,0.312110700011545,0.3992192416013489,100.9,0.0372,0.0426,0.2553,0.348,9.2593,21.164,0.9511,108000.0,Prime (25-29)
Luis Guillorme,641645,/api/v1/people/641645,2024,29,AZ,NL,2B,79,187,161,14,33,9,1,0,10,4,23,36,0,2,0.205,0.301,0.273,0.574,64.8,3,luis guillorme,Luis Guillorme,ARI,2B,740000.0,123318.0,740000.0,both,0.312110700011545,0.3992192416013489,64.8,0.0,0.123,0.1925,0.127,0.0,13.5135,0.7757,,Prime (25-29)
Garrett Stubbs,596117,/api/v1/people/596117,2024,31,PHI,NL,C,56,187,164,18,34,4,1,1,11,5,17,50,4,1,0.207,0.296,0.262,0.558,60.5,1,garrett stubbs,Garrett Stubbs,PHI,C,850000.0,850000.0,850000.0,both,0.312110700011545,0.3992192416013489,60.5,0.0053,0.0909,0.2674,0.196,1.1765,12.9412,0.6565,850000.0,Veteran (30-34)
Daz Cameron,663662,/api/v1/people/663662,2024,27,OAK,AL,LF,66,186,170,22,34,5,1,5,15,5,13,51,1,2,0.2,0.258,0.329,0.587,65.1,1,daz cameron,Daz Cameron,OAK,LF,740000.0,521118.0,740000.0,both,0.312110700011545,0.3992192416013489,65.1,0.0269,0.0699,0.2742,0.227,6.7568,20.2703,0.7932,148000.0,Prime (25-29)
Matt Thaiss,642136,/api/v1/people/642136,2024,29,LAA,AL,C,57,186,157,14,32,9,0,2,16,3,28,58,0,1,0.204,0.323,0.299,0.622,78.4,1,matt thaiss,Matt Thaiss,LAA,C/1B,770000.0,770000.0,770000.0,both,0.312110700011545,0.3992192416013489,78.4,0.0108,0.1505,0.3118,0.281,2.5974,20.7792,0.8078,385000.0,Prime (25-29)
Blaze Alexander,677942,/api/v1/people/677942,2024,25,AZ,NL,SS,61,185,166,19,41,7,0,3,21,3,15,49,3,0,0.247,0.321,0.343,0.664,88.8,1,blaze alexander,Blaze Alexander,ARI,SS,740000.0,413763.0,740000.0,both,0.312110700011545,0.3992192416013489,88.8,0.0162,0.0811,0.2649,0.344,4.0541,28.3784,0.8973,246667.0,Prime (25-29)
Brooks Lee,686797,/api/v1/people/686797,2024,23,MIN,AL,SS,50,185,172,9,38,6,1,3,27,3,11,27,0,2,0.221,0.265,0.32,0.585,65.1,1,brooks lee,Brooks Lee,MIN,SS,740000.0,350064.0,740000.0,both,0.312110700011545,0.3992192416013489,65.1,0.0162,0.0595,0.1459,0.54,4.0541,36.4865,0.7905,246667.0,U25
Jordan Beck,687597,/api/v1/people/687597,2024,23,COL,NL,LF,55,184,170,14,32,6,0,3,13,7,12,65,1,1,0.188,0.245,0.276,0.521,47.6,1,jordan beck,Jordan Beck,COL,OF,740000.0,608709.0,740000.0,both,0.312110700011545,0.3992192416013489,47.6,0.0163,0.0652,0.3533,0.236,4.0541,17.5676,0.7041,246667.0,U25
Cristian Pache,665506,/api/v1/people/665506,2024,25,MIA,NL,CF,88,183,165,13,33,8,1,1,16,1,17,64,0,1,0.2,0.273,0.279,0.552,57.4,3,cristian pache,Cristian Pache,MIA,CF,760500.0,216717.0,760500.0,both,0.312110700011545,0.3992192416013489,57.4,0.0055,0.0929,0.3497,0.182,1.3149,21.0388,0.7258,760500.0,Prime (25-29)
Alex Kirilloff,666135,/api/v1/people/666135,2024,26,MIN,AL,LF,57,178,159,20,32,8,3,5,20,0,15,47,1,3,0.201,0.27,0.384,0.654,82.7,1,alex kirilloff,Alex Kirilloff,MIN,1B/OF,1350000.0,1350000.0,1350000.0,both,0.312110700011545,0.3992192416013489,82.7,0.0281,0.0843,0.264,0.351,3.7037,14.8148,0.4844,270000.0,Prime (25-29)
Ben Rice,700250,/api/v1/people/700250,2024,25,NYY,AL,1B,50,178,152,20,26,6,0,7,23,0,20,48,1,5,0.171,0.264,0.349,0.613,72.0,1,ben rice,Ben Rice,NYY,C,740000.0,302328.0,740000.0,both,0.312110700011545,0.3992192416013489,72.0,0.0393,0.1124,0.2697,0.46,9.4595,31.0811,0.8284,105714.0,Prime (25-29)
Jordan Walker,691023,/api/v1/people/691023,2024,22,STL,NL,RF,51,178,164,16,33,10,1,5,20,1,10,50,2,2,0.201,0.253,0.366,0.619,72.7,1,jordan walker,Jordan Walker,STL,RF,747450.0,265254.0,747450.0,both,0.312110700011545,0.3992192416013489,72.7,0.0281,0.0562,0.2809,0.392,6.6894,26.7576,0.8281,149490.0,U25
Junior Caminero,691406,/api/v1/people/691406,2024,20,TB,AL,3B,43,177,165,15,41,9,1,6,18,2,11,38,1,0,0.248,0.299,0.424,0.723,102.0,1,junior caminero,Junior Caminero,TB,3B,740000.0,186966.0,740000.0,both,0.312110700011545,0.3992192416013489,102.0,0.0339,0.0621,0.2147,0.419,8.1081,24.3243,0.977,123333.0,U25
Patrick Wisdom,621550,/api/v1/people/621550,2024,32,CHC,NL,X,75,174,158,16,27,7,2,8,23,5,10,59,4,1,0.171,0.237,0.392,0.629,74.1,1,patrick wisdom,Patrick Wisdom,CHC,3B,2725000.0,2725000.0,2725000.0,both,0.312110700011545,0.3992192416013489,74.1,0.046,0.0575,0.3391,0.307,2.9358,8.4404,0.2308,340625.0,Veteran (30-34)
Derek Hill,656537,/api/v1/people/656537,2024,28,MIA,NL,CF,53,172,162,19,39,4,2,7,25,6,5,56,2,1,0.241,0.271,0.42,0.691,92.0,3,derek hill,Derek Hill,MIA,OF,740000.0,218790.0,740000.0,both,0.312110700011545,0.3992192416013489,92.0,0.0407,0.0291,0.3256,0.472,9.4595,33.7838,0.9338,105714.0,Prime (25-29)
Brett Baty,683146,/api/v1/people/683146,2024,24,NYM,NL,3B,50,171,153,15,35,3,0,4,16,0,16,42,1,0,0.229,0.306,0.327,0.633,80.0,1,brett baty,Brett Baty,NYM,3B,750000.0,270144.0,750000.0,both,0.312110700011545,0.3992192416013489,80.0,0.0234,0.0936,0.2456,0.32,5.3333,21.3333,0.844,187500.0,U25
Nick Loftin,679845,/api/v1/people/679845,2024,25,KC,AL,2B,57,171,148,15,28,4,0,1,14,1,19,24,1,2,0.189,0.282,0.236,0.518,49.5,1,nick loftin,Nick Loftin,KC,SS,741900.0,366988.0,741900.0,both,0.312110700011545,0.3992192416013489,49.5,0.0058,0.1111,0.1404,0.246,1.3479,18.8705,0.6982,741900.0,Prime (25-29)
Angel Martínez,682657,/api/v1/people/682657,2024,22,CLE,AL,CF,43,169,151,16,35,7,0,3,11,3,15,33,0,2,0.232,0.298,0.338,0.636,80.1,1,angel martinez,Angel Martinez,CLE,DH,740000.0,688279.0,740000.0,both,0.312110700011545,0.3992192416013489,80.1,0.0178,0.0888,0.1953,0.256,4.0541,14.8649,0.8595,246667.0,U25
José Tena,677588,/api/v1/people/677588,2024,23,WSH,NL,3B,44,168,161,14,43,5,0,3,15,6,7,41,0,0,0.267,0.298,0.354,0.652,84.2,2,jose tena,José Tena,WSH,3B,740000.0,198900.0,740000.0,both,0.312110700011545,0.3992192416013489,84.2,0.0179,0.0417,0.244,0.341,4.0541,20.2703,0.8811,246667.0,U25
Nick Martini,605361,/api/v1/people/605361,2024,34,CIN,NL,DH,52,163,146,23,31,4,2,5,24,1,9,38,4,3,0.212,0.272,0.37,0.642,79.8,1,nick martini,Nick Martini,CIN,DH,750000.0,633024.0,750000.0,both,0.312110700011545,0.3992192416013489,79.8,0.0307,0.0552,0.2331,0.462,6.6667,32.0,0.856,150000.0,Veteran (30-34)
Evan Carter,694497,/api/v1/people/694497,2024,21,TEX,AL,LF,45,162,144,23,27,6,2,5,15,2,15,43,2,1,0.188,0.272,0.361,0.633,77.6,1,evan carter,Evan Carter,TEX,LF,745000.0,745000.0,745000.0,both,0.312110700011545,0.3992192416013489,77.6,0.0309,0.0926,0.2654,0.333,6.7114,20.1342,0.8497,149000.0,U25
Gabriel Arias,672356,/api/v1/people/672356,2024,24,CLE,AL,3B,53,161,153,15,34,9,1,3,15,5,6,53,1,1,0.222,0.255,0.353,0.608,70.1,1,gabriel arias,Gabriel Arias,CLE,SS,744100.0,420056.0,744100.0,both,0.312110700011545,0.3992192416013489,70.1,0.0186,0.0373,0.3292,0.283,4.0317,20.1586,0.8171,248033.0,U25
Sam Hilliard,656541,/api/v1/people/656541,2024,30,COL,NL,LF,58,158,138,26,33,5,1,10,27,5,14,56,0,2,0.239,0.305,0.507,0.812,124.7,1,sam hilliard,Sam Hilliard,COL,CF,800000.0,800000.0,800000.0,both,0.312110700011545,0.3992192416013489,124.7,0.0633,0.0886,0.3544,0.466,12.5,33.75,1.015,80000.0,Veteran (30-34)
Jung Hoo Lee,808982,/api/v1/people/808982,2024,25,SF,NL,CF,37,158,145,15,38,4,0,2,8,2,10,13,1,2,0.262,0.31,0.331,0.641,82.2,1,jung hoo lee,Jung Hoo Lee,SF,CF,7000000.0,12000000.0,8250000.0,both,0.312110700011545,0.3992192416013489,82.2,0.0127,0.0633,0.0823,0.216,0.2857,1.1429,0.0916,3500000.0,Prime (25-29)
Reese McGuire,624512,/api/v1/people/624512,2024,29,BOS,AL,C,53,158,139,10,29,3,0,3,18,3,13,39,2,3,0.209,0.28,0.295,0.575,63.6,1,reese mcguire,Reese McGuire,BOS,C,1500000.0,1500000.0,1500000.0,both,0.312110700011545,0.3992192416013489,63.6,0.019,0.0823,0.2468,0.34,2.0,12.0,0.3833,500000.0,Prime (25-29)
Pavin Smith,656976,/api/v1/people/656976,2024,28,AZ,NL,1B,60,158,137,26,37,11,0,9,36,1,18,31,0,3,0.27,0.348,0.547,0.895,148.5,1,pavin smith,Pavin Smith,ARI,OF/1B,1000000.0,516096.0,1000000.0,both,0.312110700011545,0.3992192416013489,148.5,0.057,0.1139,0.1962,0.6,9.0,36.0,0.895,111111.0,Prime (25-29)
Matt Carpenter,572761,/api/v1/people/572761,2024,38,STL,NL,DH,59,157,137,15,32,7,0,4,15,0,15,51,2,2,0.234,0.314,0.372,0.686,93.8,1,matt carpenter,Matt Carpenter,STL,DH,740000.0,740000.0,740000.0,both,0.312110700011545,0.3992192416013489,93.8,0.0255,0.0955,0.3248,0.254,5.4054,20.2703,0.927,185000.0,Late (35+)
J.D. Davis,605204,/api/v1/people/605204,2024,31,NYY,AL,1B,46,157,142,13,31,5,0,4,6,0,12,39,3,0,0.218,0.293,0.338,0.631,78.5,2,jd davis,,,,,,,left_only,0.312110700011545,0.3992192416013489,78.5,0.0255,0.0764,0.2484,0.13,,,,,Veteran (30-34)
Kyle McCann,668832,/api/v1/people/668832,2024,26,OAK,AL,C,54,157,140,13,33,4,0,5,15,0,16,59,1,0,0.236,0.318,0.371,0.689,94.8,1,kyle mccann,Kyle McCann,OAK,C,740000.0,740000.0,740000.0,both,0.312110700011545,0.3992192416013489,94.8,0.0318,0.1019,0.3758,0.278,6.7568,20.2703,0.9311,148000.0,Prime (25-29)
Austin Barnes,605131,/api/v1/people/605131,2024,34,LAD,NL,C,54,156,140,12,37,3,0,1,11,3,14,36,0,0,0.264,0.331,0.307,0.638,83.0,1,austin barnes,Austin Barnes,LAD,C,3500000.0,3500000.0,3500000.0,both,0.312110700011545,0.3992192416013489,83.0,0.0064,0.0897,0.2308,0.204,0.2857,3.1429,0.1823,3500000.0,Veteran (30-34)
Kyle Manzardo,700932,/api/v1/people/700932,2024,23,CLE,AL,DH,53,156,145,11,34,12,0,5,15,0,9,41,1,1,0.234,0.282,0.421,0.703,95.8,1,kyle manzardo,Kyle Manzardo,CLE,DH,740000.0,290430.0,740000.0,both,0.312110700011545,0.3992192416013489,95.8,0.0321,0.0577,0.2628,0.283,6.7568,20.2703,0.95,148000.0,U25
Luis Matos,682641,/api/v1/people/682641,2024,22,SF,NL,RF,45,156,150,14,32,5,0,5,25,0,5,24,0,1,0.213,0.237,0.347,0.584,62.9,1,luis matos,Luis Matos,SF,OF,740000.0,278460.0,740000.0,both,0.312110700011545,0.3992192416013489,62.9,0.0321,0.0321,0.1538,0.556,6.7568,33.7838,0.7892,148000.0,U25
James Outman,681546,/api/v1/people/681546,2024,27,LAD,NL,CF,53,156,136,12,20,4,0,4,11,2,16,55,4,0,0.147,0.256,0.265,0.521,48.4,1,james outman,James Outman,LAD,CF,770000.0,335340.0,770000.0,both,0.312110700011545,0.3992192416013489,48.4,0.0256,0.1026,0.3526,0.208,5.1948,14.2857,0.6766,192500.0,Prime (25-29)
Tyler Wade,642180,/api/v1/people/642180,2024,29,SD,NL,3B,90,156,138,28,30,3,0,0,8,8,11,29,2,0,0.217,0.285,0.239,0.524,51.2,1,tyler wade,Tyler Wade,SD,3B,850000.0,850000.0,850000.0,both,0.312110700011545,0.3992192416013489,51.2,0.0,0.0705,0.1859,0.089,0.0,9.4118,0.6165,,Prime (25-29)
Kris Bryant,592178,/api/v1/people/592178,2024,32,COL,NL,DH,37,155,133,9,29,5,0,2,15,0,13,48,8,1,0.218,0.323,0.301,0.624,78.9,1,kris bryant,Kris Bryant,COL,1B/OF,27000000.0,27000000.0,28000000.0,both,0.312110700011545,0.3992192416013489,78.9,0.0129,0.0839,0.3097,0.405,0.0741,0.5556,0.0231,13500000.0,Veteran (30-34)
Alex Jackson,656577,/api/v1/people/656577,2024,28,TB,AL,C,58,155,139,17,17,7,0,3,12,1,12,53,2,1,0.122,0.201,0.237,0.438,23.8,1,alex jackson,Alex Jackson,TB,C/OF,740000.0,497250.0,740000.0,both,0.312110700011545,0.3992192416013489,23.8,0.0194,0.0774,0.3419,0.207,4.0541,16.2162,0.5919,246667.0,Prime (25-29)
Victor Scott II,687363,/api/v1/people/687363,2024,23,STL,NL,CF,53,155,145,14,26,9,0,2,10,5,6,42,2,2,0.179,0.219,0.283,0.502,41.1,1,victor scott,Victor Scott II,STL,CF,740000.0,262548.0,740000.0,both,0.312110700011545,0.3992192416013489,41.1,0.0129,0.0387,0.271,0.189,2.7027,13.5135,0.6784,370000.0,U25
Luke Maile,571912,/api/v1/people/571912,2024,33,CIN,NL,C,55,154,135,8,24,4,0,2,8,2,13,52,4,1,0.178,0.268,0.252,0.52,49.0,1,luke maile,Luke Maile,CIN,C,3000000.0,3000000.0,3000000.0,both,0.312110700011545,0.3992192416013489,49.0,0.013,0.0844,0.3377,0.145,0.6667,2.6667,0.1733,1500000.0,Veteran (30-34)
Tommy Edman,669242,/api/v1/people/669242,2024,29,LAD,NL,CF,37,153,139,20,33,5,1,6,20,6,11,30,1,2,0.237,0.294,0.417,0.711,98.7,1,tommy edman,Tommy Edman,LAD,CF,7000000.0,2470968.0,7000000.0,both,0.312110700011545,0.3992192416013489,98.7,0.0392,0.0719,0.1961,0.541,0.8571,2.8571,0.1016,1166667.0,Prime (25-29)
Christian Bethancourt,542194,/api/v1/people/542194,2024,32,CHC,NL,C,62,147,139,18,29,7,0,5,22,3,5,36,1,0,0.209,0.241,0.367,0.608,69.1,2,christian bethancourt,Christian Bethancourt,CHC,C,740000.0,258570.0,740000.0,both,0.312110700011545,0.3992192416013489,69.1,0.034,0.034,0.2449,0.355,6.7568,29.7297,0.8216,148000.0,Veteran (30-34)
Martín Maldonado,455117,/api/v1/people/455117,2024,37,CWS,AL,C,48,147,135,9,16,3,0,4,11,0,8,51,1,0,0.119,0.174,0.23,0.404,13.4,1,martin maldonado,,,,,,,left_only,0.312110700011545,0.3992192416013489,13.4,0.0272,0.0544,0.3469,0.229,,,,,Late (35+)
Austin Hedges,595978,/api/v1/people/595978,2024,31,CLE,AL,C,66,146,132,12,20,3,0,2,15,2,6,50,3,2,0.152,0.203,0.22,0.423,20.1,1,austin hedges,Austin Hedges,CLE,C,4000000.0,4000000.0,4000000.0,both,0.312110700011545,0.3992192416013489,20.1,0.0137,0.0411,0.3425,0.227,0.5,3.75,0.1058,2000000.0,Veteran (30-34)
Jonathan Aranda,666018,/api/v1/people/666018,2024,26,TB,AL,1B,44,143,128,22,30,7,0,6,14,0,12,32,2,1,0.234,0.308,0.43,0.738,106.4,1,jonathan aranda,Jonathan Aranda,TB,1B,742800.0,391412.0,742800.0,both,0.312110700011545,0.3992192416013489,106.4,0.042,0.0839,0.2238,0.318,8.0775,18.8476,0.9935,123800.0,Prime (25-29)
Andruw Monasterio,655316,/api/v1/people/655316,2024,27,MIL,NL,3B,59,142,125,14,26,5,0,1,16,6,16,40,1,0,0.208,0.303,0.272,0.575,65.2,1,andruw monasterio,Andruw Monasterio,MIL,SS,752500.0,683774.0,752500.0,both,0.312110700011545,0.3992192416013489,65.2,0.007,0.1127,0.2817,0.271,1.3289,21.2625,0.7641,752500.0,Prime (25-29)
Danny Mendick,664901,/api/v1/people/664901,2024,30,CWS,AL,3B,47,141,132,13,26,7,0,3,8,6,6,35,2,0,0.197,0.243,0.318,0.561,57.5,1,danny mendick,Danny Mendick,CHW,2B/SS,1000000.0,462336.0,1000000.0,both,0.312110700011545,0.3992192416013489,57.5,0.0213,0.0426,0.2482,0.17,3.0,8.0,0.561,333333.0,Veteran (30-34)
Tomás Nido,621512,/api/v1/people/621512,2024,30,CHC,NL,C,49,140,130,14,25,4,0,4,12,0,5,35,0,2,0.192,0.219,0.315,0.534,49.1,2,tomas nido,,,,,,,left_only,0.312110700011545,0.3992192416013489,49.1,0.0286,0.0357,0.25,0.245,,,,,Veteran (30-34)
Darell Hernaiz,687231,/api/v1/people/687231,2024,22,OAK,AL,3B,48,135,120,8,23,3,0,1,12,1,11,27,1,2,0.192,0.261,0.242,0.503,44.2,1,darell hernaiz,Darell Hernaiz,OAK,SS,740000.0,596700.0,740000.0,both,0.312110700011545,0.3992192416013489,44.2,0.0074,0.0815,0.2,0.25,1.3514,16.2162,0.6797,740000.0,U25
Dairon Blanco,680118,/api/v1/people/680118,2024,31,KC,AL,X,88,132,120,37,31,4,0,4,13,31,8,32,1,1,0.258,0.308,0.392,0.7,96.9,1,dairon blanco,Dairon Blanco,KC,OF,743750.0,743750.0,743750.0,both,0.312110700011545,0.3992192416013489,96.9,0.0303,0.0606,0.2424,0.148,5.3782,17.479,0.9412,185938.0,Veteran (30-34)
Andrés Chaparro,665953,/api/v1/people/665953,2024,25,WSH,NL,DH,33,132,121,12,26,12,0,4,15,1,7,24,4,0,0.215,0.28,0.413,0.693,93.2,1,andres chaparro,Andres Chaparro,WSH,DH,740000.0,189936.0,740000.0,both,0.312110700011545,0.3992192416013489,93.2,0.0303,0.053,0.1818,0.455,5.4054,20.2703,0.9365,185000.0,Prime (25-29)
Dylan Crews,686611,/api/v1/people/686611,2024,22,WSH,NL,RF,31,132,119,12,26,5,1,3,8,12,11,26,1,1,0.218,0.288,0.353,0.641,80.7,1,dylan crews,Dylan Crews,WSH,RF,740000.0,138495.0,740000.0,both,0.312110700011545,0.3992192416013489,80.7,0.0227,0.0833,0.197,0.258,4.0541,10.8108,0.8662,246667.0,U25
Curtis Mead,678554,/api/v1/people/678554,2024,23,TB,AL,2B,38,132,122,10,29,3,0,1,7,2,6,30,2,1,0.238,0.282,0.287,0.569,62.2,1,curtis mead,Curtis Mead,TB,3B,742300.0,255424.0,742300.0,both,0.312110700011545,0.3992192416013489,62.2,0.0076,0.0455,0.2273,0.184,1.3472,9.4301,0.7665,742300.0,U25
Riley Adams,656180,/api/v1/people/656180,2024,28,WSH,NL,C,41,130,116,10,26,5,1,2,8,1,10,35,2,2,0.224,0.292,0.336,0.628,77.7,1,riley adams,Riley Adams,WSH,C,750900.0,485936.0,750900.0,both,0.312110700011545,0.3992192416013489,77.7,0.0154,0.0769,0.2692,0.195,2.6635,10.6539,0.8363,375450.0,Prime (25-29)
Grant McCray,687529,/api/v1/people/687529,2024,23,SF,NL,CF,37,130,124,13,25,3,2,5,10,5,6,56,0,0,0.202,0.238,0.379,0.617,71.2,1,grant mccray,Grant McCray,SF,CF,740000.0,182988.0,740000.0,both,0.312110700011545,0.3992192416013489,71.2,0.0385,0.0462,0.4308,0.27,6.7568,13.5135,0.8338,148000.0,U25
Luis Torrens,620443,/api/v1/people/620443,2024,28,NYM,NL,C,48,130,118,14,27,8,0,3,15,0,9,28,2,1,0.229,0.292,0.373,0.665,87.0,1,luis torrens,Luis Torrens,NYM,C,1000000.0,787097.0,1000000.0,both,0.312110700011545,0.3992192416013489,87.0,0.0231,0.0692,0.2154,0.312,3.0,15.0,0.665,333333.0,Prime (25-29)
Mike Trout,545361,/api/v1/people/545361,2024,32,LAA,AL,CF,29,126,109,17,24,1,2,10,14,6,16,27,1,0,0.22,0.325,0.541,0.866,139.6,1,mike trout,Mike Trout,LAA,CF,35450000.0,35450000.0,37116667.0,both,0.312110700011545,0.3992192416013489,139.6,0.0794,0.127,0.2143,0.483,0.2821,0.3949,0.0244,3545000.0,Veteran (30-34)
Curt Casali,592200,/api/v1/people/592200,2024,35,SF,NL,C,41,125,108,12,21,3,0,1,8,0,13,22,2,0,0.194,0.293,0.25,0.543,56.5,1,curt casali,Curt Casali,SF,C,1000000.0,1000000.0,1000000.0,both,0.312110700011545,0.3992192416013489,56.5,0.008,0.104,0.176,0.195,1.0,8.0,0.543,1000000.0,Late (35+)
Michael Stefanic,683021,/api/v1/people/683021,2024,28,LAA,AL,2B,40,124,110,8,24,4,0,0,8,0,10,20,3,0,0.218,0.301,0.255,0.556,60.3,1,michael stefanic,Michael Stefanic,LAA,2B,750000.0,564480.0,750000.0,both,0.312110700011545,0.3992192416013489,60.3,0.0,0.0806,0.1613,0.2,0.0,10.6667,0.7413,,Prime (25-29)
Christian Encarnacion-Strand,687952,/api/v1/people/687952,2024,24,CIN,NL,1B,29,123,116,13,22,6,0,2,16,0,4,35,1,2,0.19,0.22,0.293,0.513,43.9,1,christian encarnacionstrand,Christian Encarnacion-Strand,CIN,1B,740000.0,740000.0,740000.0,both,0.312110700011545,0.3992192416013489,43.9,0.0163,0.0325,0.2846,0.552,2.7027,21.6216,0.6932,370000.0,U25
Brett Harris,695391,/api/v1/people/695391,2024,26,OAK,AL,3B,36,123,103,15,15,3,0,3,12,0,17,25,2,1,0.146,0.276,0.262,0.538,54.1,1,brett harris,Brett Harris,OAK,3B,740000.0,206856.0,740000.0,both,0.312110700011545,0.3992192416013489,54.1,0.0244,0.1382,0.2033,0.333,4.0541,16.2162,0.727,246667.0,Prime (25-29)
Henry Davis,680779,/api/v1/people/680779,2024,24,PIT,NL,C,37,122,104,9,15,4,0,1,5,0,13,45,1,2,0.144,0.242,0.212,0.454,30.6,1,henry davis,Henry Davis,PIT,C,747500.0,285349.0,747500.0,both,0.312110700011545,0.3992192416013489,30.6,0.0082,0.1066,0.3689,0.135,1.3378,6.689,0.6074,747500.0,U25
Brooks Baldwin,681460,/api/v1/people/681460,2024,23,CWS,AL,2B,33,121,114,9,24,6,0,2,8,4,6,31,0,0,0.211,0.25,0.316,0.566,59.3,1,brooks baldwin,Brooks Baldwin,CHW,3B,740000.0,290430.0,740000.0,both,0.312110700011545,0.3992192416013489,59.3,0.0165,0.0496,0.2562,0.242,2.7027,10.8108,0.7649,370000.0,U25
José Abreu,547989,/api/v1/people/547989,2024,37,HOU,AL,1B,35,120,113,10,14,2,0,2,7,0,4,28,2,1,0.124,0.167,0.195,0.362,2.4,1,jose abreu,,,,,,,left_only,0.312110700011545,0.3992192416013489,2.4,0.0167,0.0333,0.2333,0.2,,,,,Late (35+)
Kody Clemens,665019,/api/v1/people/665019,2024,28,PHI,NL,X,44,120,114,17,25,9,1,5,18,0,5,29,1,0,0.219,0.258,0.447,0.705,94.6,1,kody clemens,Kody Clemens,PHI,2B,740000.0,385866.0,740000.0,both,0.312110700011545,0.3992192416013489,94.6,0.0417,0.0417,0.2417,0.409,6.7568,24.3243,0.9527,148000.0,Prime (25-29)
Jerar Encarnacion,666464,/api/v1/people/666464,2024,26,SF,NL,DH,35,119,113,13,28,5,0,5,19,1,5,34,0,1,0.248,0.277,0.425,0.702,95.2,1,jerar encarnacion,Jerar Encarnacion,SF,OF,740000.0,230724.0,740000.0,both,0.312110700011545,0.3992192416013489,95.2,0.042,0.042,0.2857,0.543,6.7568,25.6757,0.9486,148000.0,Prime (25-29)
Trey Sweeney,700242,/api/v1/people/700242,2024,24,DET,AL,SS,36,119,110,11,24,5,0,4,17,2,7,32,1,1,0.218,0.269,0.373,0.642,79.6,1,trey sweeney,Trey Sweeney,DET,SS,740000.0,179032.0,740000.0,both,0.312110700011545,0.3992192416013489,79.6,0.0336,0.0588,0.2689,0.472,5.4054,22.973,0.8676,185000.0,U25
Garrett Cooper,643265,/api/v1/people/643265,2024,33,BOS,AL,1B,36,116,107,6,22,5,1,1,11,0,7,35,2,0,0.206,0.267,0.299,0.566,60.4,2,garrett cooper,,,,,,,left_only,0.312110700011545,0.3992192416013489,60.4,0.0086,0.0603,0.3017,0.306,,,,,Veteran (30-34)
Vaughn Grissom,687093,/api/v1/people/687093,2024,23,BOS,AL,2B,31,114,105,10,20,3,0,0,6,2,7,24,1,1,0.19,0.246,0.219,0.465,33.7,1,vaughn grissom,Vaughn Grissom,BOS,SS,742000.0,570427.0,742000.0,both,0.312110700011545,0.3992192416013489,33.7,0.0,0.0614,0.2105,0.194,0.0,8.0863,0.6267,,U25
Jose Herrera,645444,/api/v1/people/645444,2024,27,AZ,NL,C,42,114,97,11,22,4,1,1,13,0,9,27,0,1,0.227,0.29,0.32,0.61,73.1,1,jose herrera,Jose Herrera,ARI,C,740000.0,397800.0,740000.0,both,0.312110700011545,0.3992192416013489,73.1,0.0088,0.0789,0.2368,0.31,1.3514,17.5676,0.8243,740000.0,Prime (25-29)
Heston Kjerstad,677008,/api/v1/people/677008,2024,25,BAL,AL,DH,39,114,99,8,25,2,0,4,14,1,10,33,5,0,0.253,0.351,0.394,0.745,111.2,1,heston kjerstad,Heston Kjerstad,BAL,OF,740000.0,473440.0,740000.0,both,0.312110700011545,0.3992192416013489,111.2,0.0351,0.0877,0.2895,0.359,5.4054,18.9189,1.0068,185000.0,Prime (25-29)
Alex Call,669743,/api/v1/people/669743,2024,29,WSH,NL,RF,30,113,99,15,34,9,0,3,14,5,12,19,2,0,0.343,0.425,0.525,0.95,167.7,1,alex call,Alex Call,WSH,LF,740000.0,290394.0,740000.0,both,0.312110700011545,0.3992192416013489,167.7,0.0265,0.1062,0.1681,0.467,4.0541,18.9189,1.2838,246667.0,Prime (25-29)
Casey Schmitt,669477,/api/v1/people/669477,2024,25,SF,NL,2B,40,113,107,11,27,4,1,6,16,0,4,25,1,1,0.252,0.283,0.477,0.76,110.2,1,casey schmitt,Casey Schmitt,SF,3B,740000.0,286416.0,740000.0,both,0.312110700011545,0.3992192416013489,110.2,0.0531,0.0354,0.2212,0.4,8.1081,21.6216,1.027,123333.0,Prime (25-29)
Estevan Florial,664314,/api/v1/people/664314,2024,26,CLE,AL,LF,36,111,98,11,17,6,2,3,11,2,11,41,1,0,0.173,0.264,0.367,0.631,76.5,1,estevan florial,Estevan Florial,CLE,CF,748500.0,261560.0,748500.0,both,0.312110700011545,0.3992192416013489,76.5,0.027,0.0991,0.3694,0.306,4.008,14.6961,0.843,249500.0,Prime (25-29)
Ryan Noda,676116,/api/v1/people/676116,2024,28,OAK,AL,1B,36,111,95,8,13,4,0,1,4,0,14,37,1,0,0.137,0.255,0.211,0.466,34.6,1,ryan noda,Ryan Noda,OAK,1B,745000.0,200250.0,745000.0,both,0.312110700011545,0.3992192416013489,34.6,0.009,0.1261,0.3333,0.111,1.3423,5.3691,0.6255,745000.0,Prime (25-29)
Luis Urías,649966,/api/v1/people/649966,2024,27,SEA,AL,3B,41,109,94,11,18,7,0,4,16,0,9,34,6,0,0.191,0.303,0.394,0.697,95.8,1,luis urias,Luis Urias,SEA,3B,5000000.0,5000000.0,5000000.0,both,0.312110700011545,0.3992192416013489,95.8,0.0367,0.0826,0.3119,0.39,0.8,3.2,0.1394,1250000.0,Prime (25-29)
Sean Bouchard,656248,/api/v1/people/656248,2024,28,COL,NL,RF,31,108,91,14,17,7,0,1,8,4,12,33,2,2,0.187,0.29,0.297,0.587,67.3,1,sean bouchard,Sean Bouchard,COL,RF/1B,740000.0,310284.0,740000.0,both,0.312110700011545,0.3992192416013489,67.3,0.0093,0.1111,0.3056,0.258,1.3514,10.8108,0.7932,740000.0,Prime (25-29)
Dane Myers,667472,/api/v1/people/667472,2024,28,MIA,NL,RF,44,108,95,17,25,6,1,3,19,4,8,36,3,2,0.263,0.333,0.442,0.775,117.4,1,dane myers,Dane Myers,MIA,OF,740000.0,616590.0,740000.0,both,0.312110700011545,0.3992192416013489,117.4,0.0278,0.0741,0.3333,0.432,4.0541,25.6757,1.0473,246667.0,Prime (25-29)
Bryan Ramos,682868,/api/v1/people/682868,2024,22,CWS,AL,3B,32,108,99,13,20,4,0,3,11,0,7,22,0,1,0.202,0.252,0.333,0.585,64.2,1,bryan ramos,Bryan Ramos,CHW,3B,740000.0,210860.0,740000.0,both,0.312110700011545,0.3992192416013489,64.2,0.0278,0.0648,0.2037,0.344,4.0541,14.8649,0.7905,246667.0,U25
Niko Kavadas,694359,/api/v1/people/694359,2024,25,LAA,AL,DH,30,106,93,11,17,2,0,4,8,1,11,41,2,0,0.183,0.283,0.333,0.616,74.1,1,niko kavadas,Niko Kavadas,LAA,1B,740000.0,175032.0,740000.0,both,0.312110700011545,0.3992192416013489,74.1,0.0377,0.1038,0.3868,0.267,5.4054,10.8108,0.8324,185000.0,Prime (25-29)
Miles Mastrobuoni,670156,/api/v1/people/670156,2024,28,CHC,NL,3B,50,106,98,9,19,3,0,0,4,2,7,17,0,1,0.194,0.245,0.224,0.469,34.6,1,miles mastrobuoni,Miles Mastrobuoni,CHC,LF,746000.0,421155.0,746000.0,both,0.312110700011545,0.3992192416013489,34.6,0.0,0.066,0.1604,0.08,0.0,5.3619,0.6287,,Prime (25-29)
Trevor Story,596115,/api/v1/people/596115,2024,31,BOS,AL,SS,26,106,94,8,24,7,0,2,10,6,11,33,1,0,0.255,0.34,0.394,0.734,107.6,1,trevor story,Trevor Story,BOS,SS,22500000.0,22500000.0,22500000.0,both,0.312110700011545,0.3992192416013489,107.6,0.0189,0.1038,0.3113,0.385,0.0889,0.4444,0.0326,11250000.0,Veteran (30-34)
Nick Allen,669397,/api/v1/people/669397,2024,25,OAK,AL,SS,41,105,97,6,17,4,0,1,4,0,5,20,0,0,0.175,0.216,0.247,0.463,31.1,1,nick allen,Nick Allen,OAK,SS,745000.0,276345.0,745000.0,both,0.312110700011545,0.3992192416013489,31.1,0.0095,0.0476,0.1905,0.098,1.3423,5.3691,0.6215,745000.0,Prime (25-29)
Oliver Dunn,686554,/api/v1/people/686554,2024,26,MIL,NL,3B,41,104,95,11,21,2,2,1,7,3,6,40,2,0,0.221,0.282,0.316,0.598,69.5,1,oliver dunn,Oliver Dunn,MIL,2B,740000.0,290394.0,740000.0,both,0.312110700011545,0.3992192416013489,69.5,0.0096,0.0577,0.3846,0.171,1.3514,9.4595,0.8081,740000.0,Prime (25-29)
Alek Thomas,677950,/api/v1/people/677950,2024,24,AZ,NL,CF,39,103,95,13,18,5,1,3,17,4,7,17,0,0,0.189,0.245,0.358,0.603,68.2,1,alek thomas,Alek Thomas,ARI,CF,769500.0,591591.0,769500.0,both,0.312110700011545,0.3992192416013489,68.2,0.0291,0.068,0.165,0.436,3.8986,22.0923,0.7836,256500.0,U25
Jacob Wilson,805779,/api/v1/people/805779,2024,22,OAK,AL,SS,28,103,92,11,23,2,2,0,3,0,8,10,1,1,0.25,0.314,0.315,0.629,79.5,1,jacob wilson,Jacob Wilson,OAK,SS,740000.0,286416.0,740000.0,both,0.312110700011545,0.3992192416013489,79.5,0.0,0.0777,0.0971,0.107,0.0,4.0541,0.85,,U25
Ben Gamel,592325,/api/v1/people/592325,2024,32,HOU,AL,RF,38,99,81,22,20,4,0,1,4,1,18,24,0,0,0.247,0.384,0.333,0.717,106.4,2,ben gamel,Ben Gamel,HOU,LF,1200000.0,245176.0,1200000.0,both,0.312110700011545,0.3992192416013489,106.4,0.0101,0.1818,0.2424,0.105,0.8333,3.3333,0.5975,1200000.0,Veteran (30-34)
Aaron Schunk,668845,/api/v1/people/668845,2024,26,COL,NL,2B,39,98,94,14,22,3,0,2,7,0,4,31,0,0,0.234,0.265,0.33,0.595,67.6,1,aaron schunk,Aaron Schunk,COL,3B,740000.0,373978.0,740000.0,both,0.312110700011545,0.3992192416013489,67.6,0.0204,0.0408,0.3163,0.179,2.7027,9.4595,0.8041,370000.0,Prime (25-29)
Weston Wilson,642215,/api/v1/people/642215,2024,29,PHI,NL,LF,41,98,88,13,25,7,1,3,10,3,8,29,1,1,0.284,0.347,0.489,0.836,133.7,1,weston wilson,Weston Wilson,PHI,1B,740000.0,361998.0,740000.0,both,0.312110700011545,0.3992192416013489,133.7,0.0306,0.0816,0.2959,0.244,4.0541,13.5135,1.1297,246667.0,Prime (25-29)
Tucker Barnhart,571466,/api/v1/people/571466,2024,33,AZ,NL,C,31,96,81,13,14,3,0,0,6,1,13,31,0,0,0.173,0.287,0.21,0.497,44.6,1,tucker barnhart,,,,,,,left_only,0.312110700011545,0.3992192416013489,44.6,0.0,0.1354,0.3229,0.194,,,,,Veteran (30-34)
Yan Gomes,543228,/api/v1/people/543228,2024,36,CHC,NL,C,34,96,91,7,14,2,0,2,7,0,2,36,1,1,0.154,0.179,0.242,0.421,18.0,1,yan gomes,,,,,,,left_only,0.312110700011545,0.3992192416013489,18.0,0.0208,0.0208,0.375,0.206,,,,,Late (35+)
Ali Sánchez,645305,/api/v1/people/645305,2024,27,MIA,NL,C,31,96,84,5,14,2,0,0,4,2,4,24,1,1,0.167,0.211,0.19,0.401,15.2,1,ali sanchez,Ali Sanchez,MIA,C,740000.0,294372.0,740000.0,both,0.312110700011545,0.3992192416013489,15.2,0.0,0.0417,0.25,0.129,0.0,5.4054,0.5419,,Prime (25-29)
Alika Williams,675961,/api/v1/people/675961,2024,25,PIT,NL,2B,37,96,87,13,18,4,2,0,5,1,3,22,1,0,0.207,0.242,0.299,0.541,52.4,1,alika williams,Alika Williams,PIT,SS,745000.0,476595.0,745000.0,both,0.312110700011545,0.3992192416013489,52.4,0.0,0.0312,0.2292,0.135,0.0,6.7114,0.7262,,Prime (25-29)
Miguel Sanó,593934,/api/v1/people/593934,2024,31,LAA,AL,3B,28,95,83,9,17,3,0,2,6,0,9,36,2,1,0.205,0.295,0.313,0.608,72.9,1,miguel sano,,,,,,,left_only,0.312110700011545,0.3992192416013489,72.9,0.0211,0.0947,0.3789,0.214,,,,,Veteran (30-34)
Jace Jung,690291,/api/v1/people/690291,2024,23,DET,AL,3B,34,94,79,14,19,5,0,0,3,0,15,29,0,0,0.241,0.362,0.304,0.666,92.1,1,jace jung,Jace Jung,DET,3B,740000.0,179032.0,740000.0,both,0.312110700011545,0.3992192416013489,92.1,0.0,0.1596,0.3085,0.088,0.0,4.0541,0.9,,U25
Nick Madrigal,663611,/api/v1/people/663611,2024,27,CHC,NL,3B,51,94,86,5,19,3,0,0,10,1,4,10,3,0,0.221,0.28,0.256,0.536,53.8,1,nick madrigal,Nick Madrigal,CHC,2B,1810000.0,1810000.0,1810000.0,both,0.312110700011545,0.3992192416013489,53.8,0.0,0.0426,0.1064,0.196,0.0,5.5249,0.2961,,Prime (25-29)
Bobby Dalbec,666915,/api/v1/people/666915,2024,29,BOS,AL,1B,37,93,83,6,11,2,0,1,8,3,8,43,1,0,0.133,0.217,0.193,0.41,17.9,1,bobby dalbec,Bobby Dalbec,BOS,1B,760000.0,358348.0,760000.0,both,0.312110700011545,0.3992192416013489,17.9,0.0108,0.086,0.4624,0.216,1.3158,10.5263,0.5395,760000.0,Prime (25-29)
Andrew Knizner,668800,/api/v1/people/668800,2024,29,TEX,AL,C,37,93,90,5,15,1,0,1,9,0,1,22,1,1,0.167,0.183,0.211,0.394,11.5,1,andrew knizner,Andrew Knizner,ARI,C,1825000.0,520027.0,1825000.0,both,0.312110700011545,0.3992192416013489,11.5,0.0108,0.0108,0.2366,0.243,0.5479,4.9315,0.2159,1825000.0,Prime (25-29)
Trey Cabbage,663550,/api/v1/people/663550,2024,27,HOU,AL,RF,45,91,86,12,18,8,0,1,8,1,4,34,1,0,0.209,0.253,0.337,0.59,65.5,1,trey cabbage,Trey Cabbage,HOU,3B,740000.0,346129.0,740000.0,both,0.312110700011545,0.3992192416013489,65.5,0.011,0.044,0.3736,0.178,1.3514,10.8108,0.7973,740000.0,Prime (25-29)
Nathan Lukes,664770,/api/v1/people/664770,2024,29,TOR,AL,LF,22,91,76,13,23,4,2,1,10,1,10,9,0,3,0.303,0.371,0.447,0.818,130.8,1,nathan lukes,Nathan Lukes,TOR,CF,740000.0,123318.0,740000.0,both,0.312110700011545,0.3992192416013489,130.8,0.011,0.1099,0.0989,0.455,1.3514,13.5135,1.1054,740000.0,Prime (25-29)
Griffin Conine,665052,/api/v1/people/665052,2024,26,MIA,NL,RF,30,89,82,14,22,4,1,3,12,0,6,28,1,0,0.268,0.326,0.451,0.777,117.4,1,griffin conine,Griffin Conine,MIA,RF,740000.0,135252.0,740000.0,both,0.312110700011545,0.3992192416013489,117.4,0.0337,0.0674,0.3146,0.4,4.0541,16.2162,1.05,246667.0,Prime (25-29)
Zack Short,670097,/api/v1/people/670097,2024,29,ATL,NL,3B,42,88,70,11,9,3,0,0,5,2,14,24,1,0,0.129,0.282,0.171,0.453,33.2,3,zack short,Zack Short,ATL,3B,747300.0,309386.0,747300.0,both,0.312110700011545,0.3992192416013489,33.2,0.0,0.1591,0.2727,0.119,0.0,6.6908,0.6062,,Prime (25-29)
Adrian Del Castillo,680728,/api/v1/people/680728,2024,24,AZ,NL,C,25,87,80,12,25,5,0,4,19,1,7,28,0,0,0.313,0.368,0.525,0.893,149.4,1,adrian del castillo,Adrian Del Castillo,ARI,C,740000.0,218817.0,740000.0,both,0.312110700011545,0.3992192416013489,149.4,0.046,0.0805,0.3218,0.76,5.4054,25.6757,1.2068,185000.0,U25
Dillon Dingler,693307,/api/v1/people/693307,2024,25,DET,AL,C,27,87,84,2,14,5,2,1,11,0,3,30,0,0,0.167,0.195,0.31,0.505,40.1,1,dillon dingler,Dillon Dingler,DET,C,740000.0,250645.0,740000.0,both,0.312110700011545,0.3992192416013489,40.1,0.0115,0.0345,0.3448,0.407,1.3514,14.8649,0.6824,740000.0,Prime (25-29)
Leo Rivas,660844,/api/v1/people/660844,2024,26,SEA,AL,SS,43,86,73,10,17,1,1,0,8,3,10,24,1,0,0.233,0.333,0.274,0.607,75.3,1,leo rivas,,,,,,,left_only,0.312110700011545,0.3992192416013489,75.3,0.0,0.1163,0.2791,0.186,,,,,Prime (25-29)
Nick Sogard,686765,/api/v1/people/686765,2024,26,BOS,AL,2B,31,86,77,13,21,4,0,0,8,3,7,25,0,2,0.273,0.326,0.325,0.651,85.9,1,nick sogard,Nick Sogard,BOS,2B,740000.0,194922.0,740000.0,both,0.312110700011545,0.3992192416013489,85.9,0.0,0.0814,0.2907,0.258,0.0,10.8108,0.8797,,Prime (25-29)
Will Wagner,695238,/api/v1/people/695238,2024,25,TOR,AL,2B,24,86,82,8,25,6,0,2,11,0,4,16,0,0,0.305,0.337,0.451,0.788,120.9,1,will wagner,Will Wagner,TOR,2B,740000.0,190944.0,740000.0,both,0.312110700011545,0.3992192416013489,120.9,0.0233,0.0465,0.186,0.458,2.7027,14.8649,1.0649,370000.0,Prime (25-29)
Akil Baddoo,668731,/api/v1/people/668731,2024,25,DET,AL,LF,31,82,73,7,10,2,2,2,5,1,8,27,0,1,0.137,0.22,0.301,0.521,45.9,1,akil baddoo,Akil Baddoo,DET,LF,1550000.0,1550000.0,1550000.0,both,0.312110700011545,0.3992192416013489,45.9,0.0244,0.0976,0.3293,0.161,1.2903,3.2258,0.3361,775000.0,Prime (25-29)
Jihwan Bae,678225,/api/v1/people/678225,2024,24,PIT,NL,CF,29,81,74,11,14,2,0,0,6,6,6,24,0,1,0.189,0.247,0.216,0.463,33.2,1,jihwan bae,Ji-Hwan Bae,PIT,2B,755000.0,345015.0,755000.0,both,0.312110700011545,0.3992192416013489,33.2,0.0,0.0741,0.2963,0.207,0.0,7.947,0.6132,,U25
Marco Luciano,682617,/api/v1/people/682617,2024,22,SF,NL,2B,27,81,76,10,16,5,1,0,3,0,5,28,0,0,0.211,0.259,0.303,0.562,58.9,1,marco luciano,Marco Luciano,SF,SS,740000.0,258570.0,740000.0,both,0.312110700011545,0.3992192416013489,58.9,0.0,0.0617,0.3457,0.111,0.0,4.0541,0.7595,,U25
Brandon Crawford,543063,/api/v1/people/543063,2024,37,STL,NL,SS,29,80,71,5,12,5,0,1,4,0,8,26,1,0,0.169,0.263,0.282,0.545,54.9,1,brandon crawford,,,,,,,left_only,0.312110700011545,0.3992192416013489,54.9,0.0125,0.1,0.325,0.138,,,,,Late (35+)
José Azócar,640492,/api/v1/people/640492,2024,28,SD,NL,LF,61,79,73,13,16,2,0,0,2,5,5,19,0,0,0.219,0.269,0.247,0.516,48.1,1,jose azocar,Jose Azocar,NYM,OF,745700.0,,745700.0,both,0.312110700011545,0.3992192416013489,48.1,0.0,0.0633,0.2405,0.033,0.0,2.682,0.692,,Prime (25-29)
José Fermín,665877,/api/v1/people/665877,2024,25,STL,NL,X,45,79,71,7,11,1,1,0,4,2,7,11,1,0,0.155,0.241,0.197,0.438,26.6,1,jose fermin,Jose Fermin,STL,2B,740000.0,377910.0,740000.0,both,0.312110700011545,0.3992192416013489,26.6,0.0,0.0886,0.1392,0.089,0.0,5.4054,0.5919,,Prime (25-29)
Daniel Vogelbach,596129,/api/v1/people/596129,2024,31,TOR,AL,DH,31,79,70,5,13,5,0,1,8,0,9,17,0,0,0.186,0.278,0.3,0.578,64.2,1,dan vogelbach,,,,,,,left_only,0.312110700011545,0.3992192416013489,64.2,0.0127,0.1139,0.2152,0.258,,,,,Veteran (30-34)
Nasim Nuñez,683083,/api/v1/people/683083,2024,23,WSH,NL,SS,51,78,61,14,15,1,0,0,1,8,12,15,0,0,0.246,0.37,0.262,0.632,84.2,1,nasim nunez,Nasim Nunez,WSH,SS,740000.0,740000.0,740000.0,both,0.312110700011545,0.3992192416013489,84.2,0.0,0.1538,0.1923,0.02,0.0,1.3514,0.8541,,U25
Joshua Palacios,641943,/api/v1/people/641943,2024,28,PIT,NL,RF,23,78,67,10,15,2,0,2,9,1,10,12,1,0,0.224,0.333,0.343,0.676,92.6,1,joshua palacios,Joshua Palacios,PIT,CF,740000.0,202878.0,740000.0,both,0.312110700011545,0.3992192416013489,92.6,0.0256,0.1282,0.1538,0.391,2.7027,12.1622,0.9135,370000.0,Prime (25-29)
Chuckie Robinson,642020,/api/v1/people/642020,2024,29,CWS,AL,C,26,76,70,2,9,0,0,0,0,0,5,20,1,0,0.129,0.197,0.129,0.326,-4.6,1,chuckie robinson,Chuckie Robinson,CHW,C,740000.0,411730.0,740000.0,both,0.312110700011545,0.3992192416013489,-4.6,0.0,0.0658,0.2632,0.0,0.0,0.0,0.4405,,Prime (25-29)
Zach DeLoach,676113,/api/v1/people/676113,2024,25,CWS,AL,RF,22,75,67,10,14,5,0,1,5,0,8,21,0,0,0.209,0.293,0.328,0.621,76.0,1,zach deloach,Zach DeLoach,CHW,OF,740000.0,163098.0,740000.0,both,0.312110700011545,0.3992192416013489,76.0,0.0133,0.1067,0.28,0.227,1.3514,6.7568,0.8392,740000.0,Prime (25-29)
Bligh Madris,676632,/api/v1/people/676632,2024,28,DET,AL,1B,21,75,67,8,18,3,0,1,5,0,6,20,0,1,0.269,0.324,0.358,0.682,93.5,1,bligh madris,Bligh Madris,DET,OF,740000.0,107406.0,740000.0,both,0.312110700011545,0.3992192416013489,93.5,0.0133,0.08,0.2667,0.238,1.3514,6.7568,0.9216,740000.0,Prime (25-29)
Jon Berti,542932,/api/v1/people/542932,2024,34,NYY,AL,3B,25,74,66,10,18,0,0,1,6,5,6,14,1,0,0.273,0.342,0.318,0.66,89.2,1,jon berti,Jon Berti,NYY,2B,3625000.0,3625000.0,3625000.0,both,0.312110700011545,0.3992192416013489,89.2,0.0135,0.0811,0.1892,0.24,0.2759,1.6552,0.1821,3625000.0,Veteran (30-34)
Eric Wagaman,676572,/api/v1/people/676572,2024,26,LAA,AL,3B,18,74,72,6,18,5,0,2,10,0,2,17,0,0,0.25,0.27,0.403,0.673,87.5,1,eric wagaman,Eric Wagaman,LAA,1B,740000.0,75582.0,740000.0,both,0.312110700011545,0.3992192416013489,87.5,0.027,0.027,0.2297,0.556,2.7027,13.5135,0.9095,370000.0,Prime (25-29)
Bryce Johnson,669369,/api/v1/people/669369,2024,28,SD,NL,RF,47,73,63,9,13,2,0,0,4,1,7,12,0,0,0.206,0.286,0.238,0.524,51.3,1,bryce johnson,Bryce Johnson,SD,CF,740000.0,278460.0,740000.0,both,0.312110700011545,0.3992192416013489,51.3,0.0,0.0959,0.1644,0.085,0.0,5.4054,0.7081,,Prime (25-29)
Jacob Amaya,676070,/api/v1/people/676070,2024,25,CWS,AL,SS,24,72,68,4,12,1,0,0,3,1,4,28,0,0,0.176,0.222,0.191,0.413,19.0,2,jacob amaya,Jacob Amaya,CHW,SS,740000.0,171054.0,740000.0,both,0.312110700011545,0.3992192416013489,19.0,0.0,0.0556,0.3889,0.125,0.0,4.0541,0.5581,,Prime (25-29)
Ryan Bliss,669208,/api/v1/people/669208,2024,24,SEA,AL,2B,33,71,63,10,14,3,1,2,9,5,5,22,1,0,0.222,0.29,0.397,0.687,92.4,1,ryan bliss,Ryan Bliss,SEA,SS,740000.0,238680.0,740000.0,both,0.312110700011545,0.3992192416013489,92.4,0.0282,0.0704,0.3099,0.273,2.7027,12.1622,0.9284,370000.0,U25
Jack López,605346,/api/v1/people/605346,2024,31,LAA,AL,2B,27,71,67,4,17,3,0,1,6,0,2,25,1,0,0.254,0.286,0.343,0.629,77.6,1,jack lopez,Jack López,LAA,SS,740000.0,175032.0,740000.0,both,0.312110700011545,0.3992192416013489,77.6,0.0141,0.0282,0.3521,0.222,1.3514,8.1081,0.85,740000.0,Veteran (30-34)
Brian Serven,661531,/api/v1/people/661531,2024,29,TOR,AL,C,28,71,63,6,10,4,0,0,3,0,5,22,2,0,0.159,0.243,0.222,0.465,33.5,1,brian serven,Brian Serven,TOR,C,750000.0,298368.0,750000.0,both,0.312110700011545,0.3992192416013489,33.5,0.0,0.0704,0.3099,0.107,0.0,4.0,0.62,,Prime (25-29)
Eric Haase,606992,/api/v1/people/606992,2024,31,MIL,NL,C,30,69,66,10,18,1,0,5,14,0,3,28,0,0,0.273,0.304,0.515,0.819,126.4,1,eric haase,Eric Haase,MIL,C,1000000.0,560720.0,1050000.0,both,0.312110700011545,0.3992192416013489,126.4,0.0725,0.0435,0.4058,0.467,5.0,14.0,0.819,200000.0,Veteran (30-34)
Omar Narváez,553882,/api/v1/people/553882,2024,32,NYM,NL,C,28,69,65,4,10,2,0,0,5,0,3,12,0,0,0.154,0.191,0.185,0.376,7.5,1,omar narvaez,,,,,,,left_only,0.312110700011545,0.3992192416013489,7.5,0.0,0.0435,0.1739,0.179,,,,,Veteran (30-34)
Jacob Hurtubise,674441,/api/v1/people/674441,2024,26,CIN,NL,LF,29,68,54,7,10,1,1,0,4,2,6,18,3,1,0.185,0.297,0.241,0.538,55.5,1,jacob hurtubise,Jacob Hurtubise,CIN,OF,740000.0,155142.0,740000.0,both,0.312110700011545,0.3992192416013489,55.5,0.0,0.0882,0.2647,0.138,0.0,5.4054,0.727,,Prime (25-29)
Jasson Domínguez,691176,/api/v1/people/691176,2024,21,NYY,AL,LF,18,67,56,8,10,1,0,2,4,5,11,19,0,0,0.179,0.313,0.304,0.617,76.4,1,jasson dominguez,Jasson Domínguez,NYY,OF,745800.0,392980.0,745800.0,both,0.312110700011545,0.3992192416013489,76.4,0.0299,0.1642,0.2836,0.222,2.6817,5.3634,0.8273,372900.0,U25
Braden Shewmake,669699,/api/v1/people/669699,2024,26,CWS,AL,SS,29,67,64,4,8,2,0,1,4,5,1,10,0,2,0.125,0.134,0.203,0.337,-6.2,1,braden shewmake,Braden Shewmake,CHW,SS,740350.0,202980.0,740350.0,both,0.312110700011545,0.3992192416013489,-6.2,0.0149,0.0149,0.1493,0.138,1.3507,5.4029,0.4552,740350.0,Prime (25-29)
Alan Trejo,676701,/api/v1/people/676701,2024,28,COL,NL,2B,28,67,63,4,9,0,0,0,1,0,2,15,1,0,0.143,0.182,0.143,0.325,-5.9,1,alan trejo,,,,,,,left_only,0.312110700011545,0.3992192416013489,-5.9,0.0,0.0299,0.2239,0.036,,,,,Prime (25-29)
Jonatan Clase,682729,/api/v1/people/682729,2024,22,TOR,AL,CF,26,66,61,7,15,2,0,1,5,3,3,17,2,0,0.246,0.303,0.328,0.631,79.2,2,jonatan clase,Jonatan Clase,TOR,OF,740000.0,39780.0,740000.0,both,0.312110700011545,0.3992192416013489,79.2,0.0152,0.0455,0.2576,0.192,1.3514,6.7568,0.8527,740000.0,U25
Zach Dezenzo,701305,/api/v1/people/701305,2024,24,HOU,AL,1B,19,65,62,5,15,2,0,2,8,0,3,22,0,0,0.242,0.277,0.371,0.648,81.7,1,zach dezenzo,Zach Dezenzo,HOU,SS,740000.0,218817.0,740000.0,both,0.312110700011545,0.3992192416013489,81.7,0.0308,0.0462,0.3385,0.421,2.7027,10.8108,0.8757,370000.0,U25
Yuli Gurriel,493329,/api/v1/people/493329,2024,40,KC,AL,1B,18,65,54,7,13,3,0,0,6,1,9,15,0,2,0.241,0.338,0.296,0.634,82.4,1,yulieski gurriel,Yulieski Gurriel,KC,1B,1000000.0,150537.0,1000000.0,both,0.312110700011545,0.3992192416013489,82.4,0.0,0.1385,0.2308,0.333,0.0,6.0,0.634,,Late (35+)
Ryan Kreidler,668952,/api/v1/people/668952,2024,26,DET,AL,SS,35,65,59,9,7,0,0,1,2,5,6,19,0,0,0.119,0.2,0.169,0.369,6.4,1,ryan kreidler,Ryan Kreidler,DET,SS,740000.0,210834.0,740000.0,both,0.312110700011545,0.3992192416013489,6.4,0.0154,0.0923,0.2923,0.057,1.3514,2.7027,0.4986,740000.0,Prime (25-29)
Esteury Ruiz,665923,/api/v1/people/665923,2024,25,OAK,AL,LF,29,65,55,10,11,2,1,2,8,5,4,20,2,2,0.2,0.27,0.382,0.652,82.2,1,esteury ruiz,Esteury Ruiz,OAK,LF,745000.0,688860.0,745000.0,both,0.312110700011545,0.3992192416013489,82.2,0.0308,0.0615,0.3077,0.276,2.6846,10.7383,0.8752,372500.0,Prime (25-29)
Pablo Reyes,622569,/api/v1/people/622569,2024,30,NYM,NL,X,22,64,60,5,11,2,0,0,5,1,3,19,1,0,0.183,0.234,0.217,0.451,29.3,2,pablo reyes,Pablo Reyes,NYM,3B,764000.0,36972.0,764000.0,both,0.312110700011545,0.3992192416013489,29.3,0.0,0.0469,0.2969,0.227,0.0,6.5445,0.5903,,Veteran (30-34)
Aaron Hicks,543305,/api/v1/people/543305,2024,34,LAA,AL,RF,18,63,57,6,8,0,0,1,5,0,6,23,0,0,0.14,0.222,0.193,0.415,19.5,1,aaron hicks,,,,,,,left_only,0.312110700011545,0.3992192416013489,19.5,0.0159,0.0952,0.3651,0.278,,,,,Veteran (30-34)
David Dahl,621311,/api/v1/people/621311,2024,30,PHI,NL,LF,19,62,58,6,12,2,0,3,8,0,3,21,0,1,0.207,0.242,0.397,0.639,77.0,1,david dahl,,,,,,,left_only,0.312110700011545,0.3992192416013489,77.0,0.0484,0.0484,0.3387,0.421,,,,,Veteran (30-34)
Mike Ford,645801,/api/v1/people/645801,2024,31,CIN,NL,DH,17,62,60,2,9,0,1,1,4,0,2,15,0,0,0.15,0.177,0.233,0.41,15.1,1,mike ford,,,,,,,left_only,0.312110700011545,0.3992192416013489,15.1,0.0161,0.0323,0.2419,0.235,,,,,Veteran (30-34)
Drew Millas,686452,/api/v1/people/686452,2024,26,WSH,NL,C,20,62,57,7,14,1,0,1,1,4,5,16,0,0,0.246,0.306,0.316,0.622,77.2,1,drew millas,Drew Millas,WSH,C,740000.0,320517.0,740000.0,both,0.312110700011545,0.3992192416013489,77.2,0.0161,0.0806,0.2581,0.05,1.3514,1.3514,0.8405,740000.0,Prime (25-29)
Jared Walsh,665120,/api/v1/people/665120,2024,30,TEX,AL,1B,17,60,53,9,12,2,0,1,7,0,7,21,0,0,0.226,0.317,0.321,0.638,82.0,1,jared walsh,,,,,,,left_only,0.312110700011545,0.3992192416013489,82.0,0.0167,0.1167,0.35,0.412,,,,,Veteran (30-34)
Kyren Paris,677347,/api/v1/people/677347,2024,22,LAA,AL,2B,21,59,51,4,6,2,0,1,5,1,7,17,0,0,0.118,0.224,0.216,0.44,25.9,1,kyren paris,Kyren Paris,LAA,SS,740000.0,119340.0,740000.0,both,0.312110700011545,0.3992192416013489,25.9,0.0169,0.1186,0.2881,0.238,1.3514,6.7568,0.5946,740000.0,U25
David Hensley,682073,/api/v1/people/682073,2024,28,MIA,NL,RF,23,58,52,9,11,1,0,1,4,1,6,17,0,0,0.212,0.293,0.288,0.581,66.0,1,david hensley,David Hensley,MIA,1B,740000.0,206856.0,740000.0,both,0.312110700011545,0.3992192416013489,66.0,0.0172,0.1034,0.2931,0.174,1.3514,5.4054,0.7851,740000.0,Prime (25-29)
Tyler Black,672012,/api/v1/people/672012,2024,23,MIL,NL,DH,18,57,49,4,10,2,0,0,2,3,7,17,1,0,0.204,0.316,0.245,0.561,62.6,1,tyler black,Tyler Black,MIL,2B,740000.0,123318.0,740000.0,both,0.312110700011545,0.3992192416013489,62.6,0.0,0.1228,0.2982,0.111,0.0,2.7027,0.7581,,U25
Mason McCoy,669200,/api/v1/people/669200,2024,29,SD,NL,SS,19,57,49,7,10,2,0,0,3,1,5,19,0,0,0.204,0.278,0.245,0.523,50.4,1,mason mccoy,Mason McCoy,SD,SS,740000.0,155142.0,740000.0,both,0.312110700011545,0.3992192416013489,50.4,0.0,0.0877,0.3333,0.158,0.0,4.0541,0.7068,,Prime (25-29)
Eguy Rosario,666703,/api/v1/people/666703,2024,24,SD,NL,3B,30,57,53,5,13,6,0,3,6,0,2,20,1,0,0.245,0.286,0.528,0.814,123.9,1,eguy rosario,Eguy Rosario,SD,SS,744400.0,200100.0,744400.0,both,0.312110700011545,0.3992192416013489,123.9,0.0526,0.0351,0.3509,0.2,4.0301,8.0602,1.0935,248133.0,U25
Cole Tucker,657061,/api/v1/people/657061,2024,27,LAA,AL,3B,25,57,50,3,9,4,1,0,3,3,6,17,0,1,0.18,0.263,0.3,0.563,59.4,1,cole tucker,Cole Tucker,LAA,SS/RF,740000.0,219409.0,740000.0,both,0.312110700011545,0.3992192416013489,59.4,0.0,0.1053,0.2982,0.12,0.0,4.0541,0.7608,,Prime (25-29)
Rafael Marchán,665561,/api/v1/people/665561,2024,25,PHI,NL,C,17,56,51,8,15,4,0,3,6,0,3,8,1,0,0.294,0.345,0.549,0.894,148.1,1,rafael marchan,Rafael Marchán,PHI,C,750000.0,411264.0,750000.0,both,0.312110700011545,0.3992192416013489,148.1,0.0536,0.0536,0.1429,0.353,4.0,8.0,1.192,250000.0,Prime (25-29)
Chadwick Tromp,644433,/api/v1/people/644433,2024,29,ATL,NL,C,19,54,52,3,13,6,0,0,6,0,1,17,0,1,0.25,0.259,0.365,0.624,74.4,1,chadwick tromp,Chadwick Tromp,ATL,C,740000.0,274482.0,740000.0,both,0.312110700011545,0.3992192416013489,74.4,0.0,0.0185,0.3148,0.316,0.0,8.1081,0.8432,,Prime (25-29)
Drew Romo,691011,/api/v1/people/691011,2024,22,COL,NL,C,16,53,51,4,9,3,0,0,6,0,2,18,0,0,0.176,0.208,0.235,0.443,25.5,1,drew romo,Drew Romo,COL,C,740000.0,179032.0,740000.0,both,0.312110700011545,0.3992192416013489,25.5,0.0,0.0377,0.3396,0.375,0.0,8.1081,0.5986,,U25
Thomas Saggese,695336,/api/v1/people/695336,2024,22,STL,NL,2B,18,52,49,5,10,2,0,1,4,0,2,14,1,0,0.204,0.25,0.306,0.556,56.7,1,thomas saggese,Thomas Saggese,STL,SS,740000.0,75582.0,740000.0,both,0.312110700011545,0.3992192416013489,56.7,0.0192,0.0385,0.2692,0.222,1.3514,5.4054,0.7514,740000.0,U25
Luke Williams,663897,/api/v1/people/663897,2024,27,ATL,NL,X,37,52,46,8,9,3,0,0,4,3,4,13,1,0,0.196,0.275,0.261,0.536,53.5,1,luke williams,Luke Williams,ATL,SS,740000.0,389844.0,740000.0,both,0.312110700011545,0.3992192416013489,53.5,0.0,0.0769,0.25,0.108,0.0,5.4054,0.7243,,Prime (25-29)
Avisaíl García,541645,/api/v1/people/541645,2024,33,MIA,NL,RF,18,51,50,4,12,1,0,2,2,0,1,13,0,0,0.24,0.255,0.38,0.635,76.9,1,avisail garcia,,,,,,,left_only,0.312110700011545,0.3992192416013489,76.9,0.0392,0.0196,0.2549,0.111,,,,,Veteran (30-34)
Rece Hinds,677956,/api/v1/people/677956,2024,23,CIN,NL,RF,24,51,46,9,12,4,1,5,11,2,4,16,1,0,0.261,0.333,0.717,1.05,186.3,1,rece hinds,Rece Hinds,CIN,RF,740000.0,210860.0,740000.0,both,0.312110700011545,0.3992192416013489,186.3,0.098,0.0784,0.3137,0.458,6.7568,14.8649,1.4189,148000.0,U25
Austin Shenton,668853,/api/v1/people/668853,2024,26,TB,AL,1B,19,50,42,3,9,5,0,1,3,0,8,14,0,0,0.214,0.34,0.405,0.745,110.4,1,austin shenton,Austin Shenton,TB,3B,740000.0,266526.0,740000.0,both,0.312110700011545,0.3992192416013489,110.4,0.02,0.16,0.28,0.158,1.3514,4.0541,1.0068,740000.0,Prime (25-29)
Luken Baker,663609,/api/v1/people/663609,2024,27,STL,NL,X,21,49,40,3,7,1,1,2,10,1,7,11,0,2,0.175,0.286,0.4,0.686,91.8,1,luken baker,Luken Baker,STL,1B,740000.0,159120.0,740000.0,both,0.312110700011545,0.3992192416013489,91.8,0.0408,0.1429,0.2245,0.476,2.7027,13.5135,0.927,370000.0,Prime (25-29)
Billy Cook,695257,/api/v1/people/695257,2024,25,PIT,NL,1B,16,49,49,5,11,2,0,3,8,1,0,19,0,0,0.224,0.224,0.449,0.673,84.2,1,billy cook,Billy Cook,PIT,OF,740000.0,83538.0,740000.0,both,0.312110700011545,0.3992192416013489,84.2,0.0612,0.0,0.3878,0.5,4.0541,10.8108,0.9095,246667.0,Prime (25-29)
Tyler Locklear,682988,/api/v1/people/682988,2024,23,SEA,AL,1B,16,49,45,3,7,1,0,2,3,1,3,20,1,0,0.156,0.224,0.311,0.535,49.7,1,tyler locklear,Tyler Locklear,SEA,1B,740000.0,91505.0,740000.0,both,0.312110700011545,0.3992192416013489,49.7,0.0408,0.0612,0.4082,0.188,2.7027,4.0541,0.723,370000.0,U25
René Pinto,650907,/api/v1/people/650907,2024,27,TB,AL,C,19,49,42,5,9,3,0,2,6,0,4,18,1,1,0.214,0.292,0.429,0.721,101.0,1,rene pinto,René Pinto,TB,C,745100.0,148222.0,745100.0,both,0.312110700011545,0.3992192416013489,101.0,0.0408,0.0816,0.3673,0.316,2.6842,8.0526,0.9677,372550.0,Prime (25-29)
Ryan Vilade,668723,/api/v1/people/668723,2024,25,DET,AL,LF,17,49,45,5,8,0,0,1,5,0,2,12,0,1,0.178,0.208,0.244,0.452,27.8,1,ryan vilade,Ryan Vilade,DET,3B,740000.0,139247.0,740000.0,both,0.312110700011545,0.3992192416013489,27.8,0.0204,0.0408,0.2449,0.294,1.3514,6.7568,0.6108,740000.0,Prime (25-29)
Davis Wendzel,673995,/api/v1/people/673995,2024,27,TEX,AL,3B,27,49,47,2,6,2,0,1,2,0,1,12,1,0,0.128,0.163,0.234,0.397,10.8,1,davis wendzel,Davis Wendzel,CIN,3B,740000.0,,740000.0,both,0.312110700011545,0.3992192416013489,10.8,0.0204,0.0204,0.2449,0.074,1.3514,2.7027,0.5365,740000.0,Prime (25-29)
David Bote,623520,/api/v1/people/623520,2024,31,CHC,NL,3B,37,48,46,4,14,4,0,0,6,0,2,13,0,0,0.304,0.333,0.391,0.724,104.6,1,david bote,David Bote,CHC,2B,5500000.0,5500000.0,5510000.0,both,0.312110700011545,0.3992192416013489,104.6,0.0,0.0417,0.2708,0.162,0.0,1.0909,0.1316,,Veteran (30-34)
Gustavo Campero,672569,/api/v1/people/672569,2024,26,LAA,AL,RF,13,48,46,6,11,0,1,1,6,3,0,8,2,0,0.239,0.271,0.348,0.619,74.0,1,gustavo campero,Gustavo Campero,LAA,OF,740000.0,55692.0,740000.0,both,0.312110700011545,0.3992192416013489,74.0,0.0208,0.0,0.1667,0.462,1.3514,8.1081,0.8365,740000.0,Prime (25-29)
Jamie Westbrook,642197,/api/v1/people/642197,2024,29,BOS,AL,2B,21,48,40,4,6,2,0,2,7,0,4,14,1,2,0.15,0.234,0.35,0.584,62.6,1,jamie westbrook,Jamie Westbrook,BOS,2B,740000.0,147186.0,740000.0,both,0.312110700011545,0.3992192416013489,62.6,0.0417,0.0833,0.2917,0.333,2.7027,9.4595,0.7892,370000.0,Prime (25-29)
Jahmai Jones,663330,/api/v1/people/663330,2024,26,NYY,AL,X,33,47,42,8,10,1,1,1,4,1,2,16,2,0,0.238,0.304,0.381,0.685,92.8,1,jahmai jones,Jahmai Jones,NYY,2B,741200.0,494140.0,741200.0,both,0.312110700011545,0.3992192416013489,92.8,0.0213,0.0426,0.3404,0.121,1.3492,5.3967,0.9242,741200.0,Prime (25-29)
Coby Mayo,691723,/api/v1/people/691723,2024,22,BAL,AL,3B,17,46,41,4,4,0,0,0,0,0,4,22,1,0,0.098,0.196,0.098,0.294,-12.7,1,coby mayo,Coby Mayo,BAL,3B,740000.0,171075.0,740000.0,both,0.312110700011545,0.3992192416013489,-12.7,0.0,0.087,0.4783,0.0,0.0,0.0,0.3973,,U25
Shay Whitcomb,694376,/api/v1/people/694376,2024,25,HOU,AL,3B,20,46,41,1,9,3,0,0,5,0,5,8,0,0,0.22,0.304,0.293,0.597,70.8,1,shay whitcomb,Shay Whitcomb,HOU,SS,740000.0,179032.0,740000.0,both,0.312110700011545,0.3992192416013489,70.8,0.0,0.1087,0.1739,0.25,0.0,6.7568,0.8068,,Prime (25-29)
Steward Berroa,672642,/api/v1/people/672642,2024,25,TOR,AL,X,28,45,37,7,7,1,0,0,1,6,8,14,0,0,0.189,0.333,0.216,0.549,60.8,1,steward berroa,Steward Berroa,TOR,OF,740000.0,286416.0,740000.0,both,0.312110700011545,0.3992192416013489,60.8,0.0,0.1778,0.3111,0.036,0.0,1.3514,0.7419,,Prime (25-29)
Yoán Moncada,660162,/api/v1/people/660162,2024,29,CWS,AL,3B,12,45,40,4,11,3,1,0,0,1,5,11,0,0,0.275,0.356,0.4,0.756,114.3,1,yoan moncada,Yoan Moncada,CHW,3B,24000000.0,24000000.0,24800000.0,both,0.312110700011545,0.3992192416013489,114.3,0.0,0.1111,0.2444,0.0,0.0,0.0,0.0315,,Prime (25-29)
Justin Foscue,679822,/api/v1/people/679822,2024,25,TEX,AL,DH,15,44,42,3,2,1,0,0,1,0,2,18,0,0,0.048,0.091,0.071,0.162,-53.1,1,justin foscue,Justin Foscue,TEX,2B,740000.0,489294.0,740000.0,both,0.312110700011545,0.3992192416013489,-53.1,0.0,0.0455,0.4091,0.067,0.0,1.3514,0.2189,,Prime (25-29)
Seby Zavala,664874,/api/v1/people/664874,2024,30,SEA,AL,C,18,43,39,4,6,2,0,1,2,0,3,16,0,0,0.154,0.214,0.282,0.496,39.2,1,seby zavala,Seby Zavala,SEA,C,756700.0,362052.0,756700.0,both,0.312110700011545,0.3992192416013489,39.2,0.0233,0.0698,0.3721,0.111,1.3215,2.6431,0.6555,756700.0,Veteran (30-34)
Eli White,642201,/api/v1/people/642201,2024,30,ATL,NL,RF,35,42,39,9,11,1,1,1,4,3,1,12,2,0,0.282,0.333,0.436,0.769,115.9,1,eli white,Eli White,ATL,OF,740000.0,202878.0,740000.0,both,0.312110700011545,0.3992192416013489,115.9,0.0238,0.0238,0.2857,0.114,1.3514,5.4054,1.0392,740000.0,Veteran (30-34)
Nick Yorke,694377,/api/v1/people/694377,2024,22,PIT,NL,2B,11,42,37,4,8,0,0,2,5,2,4,12,0,1,0.216,0.286,0.378,0.664,86.3,1,nick yorke,Nick Yorke,PIT,2B,740000.0,740000.0,740000.0,both,0.312110700011545,0.3992192416013489,86.3,0.0476,0.0952,0.2857,0.455,2.7027,6.7568,0.8973,370000.0,U25
Luisangel Acuña,682668,/api/v1/people/682668,2024,22,NYM,NL,SS,14,40,39,6,12,2,1,3,6,0,1,6,0,0,0.308,0.325,0.641,0.966,164.7,1,luisangel acuna,Luisangel Acuna,NYM,SS,740000.0,59670.0,740000.0,both,0.312110700011545,0.3992192416013489,164.7,0.075,0.025,0.15,0.429,4.0541,8.1081,1.3054,246667.0,U25
Jonathan Ornelas,680716,/api/v1/people/680716,2024,24,TEX,AL,3B,18,40,37,1,8,2,0,0,3,0,2,13,0,0,0.216,0.256,0.27,0.526,49.7,1,jonathan ornelas,Jonathan Ornelas,TEX,SS,740000.0,238680.0,740000.0,both,0.312110700011545,0.3992192416013489,49.7,0.0,0.05,0.325,0.167,0.0,4.0541,0.7108,,U25
Jhonny Pereda,640902,/api/v1/people/640902,2024,28,MIA,NL,C,20,40,39,2,9,0,0,0,4,0,0,10,1,0,0.231,0.25,0.231,0.481,38.0,1,jhonny pereda,Jhonny Pereda,MIA,C,740000.0,198900.0,740000.0,both,0.312110700011545,0.3992192416013489,38.0,0.0,0.0,0.25,0.2,0.0,5.4054,0.65,,Prime (25-29)
Johnathan Rodríguez,671286,/api/v1/people/671286,2024,24,CLE,AL,RF,13,40,31,6,4,1,0,0,5,0,9,14,0,0,0.129,0.325,0.161,0.486,44.5,1,johnathan rodriguez,Johnathan Rodriguez,CLE,OF,740000.0,95484.0,740000.0,both,0.312110700011545,0.3992192416013489,44.5,0.0,0.225,0.35,0.385,0.0,6.7568,0.6568,,U25
Armando Alvarez,669137,/api/v1/people/669137,2024,29,OAK,AL,3B,16,39,37,7,9,1,0,0,2,1,2,8,0,0,0.243,0.282,0.27,0.552,58.0,1,armando alvarez,Armando Alvarez,OAK,3B,740000.0,194922.0,740000.0,both,0.312110700011545,0.3992192416013489,58.0,0.0,0.0513,0.2051,0.125,0.0,2.7027,0.7459,,Prime (25-29)
Zach Remillard,621545,/api/v1/people/621545,2024,30,CWS,AL,2B,15,39,33,3,8,1,1,0,1,1,5,10,0,0,0.242,0.342,0.333,0.675,93.0,1,zach remillard,Zach Remillard,CHW,3B,740000.0,141016.0,740000.0,both,0.312110700011545,0.3992192416013489,93.0,0.0,0.1282,0.2564,0.067,0.0,1.3514,0.9122,,Veteran (30-34)
Jordyn Adams,677941,/api/v1/people/677941,2024,24,LAA,AL,RF,11,38,35,4,8,0,0,1,4,2,3,12,0,0,0.229,0.289,0.314,0.603,71.2,1,jordyn adams,Jordyn Adams,LAA,OF,740000.0,87516.0,740000.0,both,0.312110700011545,0.3992192416013489,71.2,0.0263,0.0789,0.3158,0.364,1.3514,5.4054,0.8149,740000.0,U25
Oscar Colás,693049,/api/v1/people/693049,2024,25,CWS,AL,RF,13,38,33,1,9,0,0,0,4,0,4,10,1,0,0.273,0.368,0.273,0.641,86.3,1,oscar colas,,,,,,,left_only,0.312110700011545,0.3992192416013489,86.3,0.0,0.1053,0.2632,0.308,,,,,Prime (25-29)
Tom Murphy,608596,/api/v1/people/608596,2024,33,SF,NL,C,13,38,34,3,4,1,0,1,2,0,4,14,0,0,0.118,0.211,0.235,0.446,26.5,1,tom murphy,Tom Murphy,SF,C,4000000.0,4000000.0,4000000.0,both,0.312110700011545,0.3992192416013489,26.5,0.0263,0.1053,0.3684,0.154,0.25,0.5,0.1115,4000000.0,Veteran (30-34)
Blake Sabol,666165,/api/v1/people/666165,2024,26,SF,NL,C,11,38,32,3,10,2,0,0,1,0,5,9,1,0,0.313,0.421,0.375,0.796,128.8,1,blake sabol,Blake Sabol,SF,C/RF,740000.0,87516.0,740000.0,both,0.312110700011545,0.3992192416013489,128.8,0.0,0.1316,0.2368,0.091,0.0,1.3514,1.0757,,Prime (25-29)
Logan Driscoll,686482,/api/v1/people/686482,2024,26,TB,AL,C,15,37,35,2,6,0,0,1,5,0,1,6,0,1,0.171,0.189,0.257,0.446,24.9,1,logan driscoll,Logan Driscoll,TB,C,740000.0,95923.0,740000.0,both,0.312110700011545,0.3992192416013489,24.9,0.027,0.027,0.1622,0.333,1.3514,6.7568,0.6027,740000.0,Prime (25-29)
David Villar,681584,/api/v1/people/681584,2024,27,SF,NL,1B,11,37,35,3,9,4,0,1,4,0,1,13,0,1,0.257,0.27,0.457,0.727,101.0,1,david villar,David Villar,SF,3B,740000.0,83538.0,740000.0,both,0.312110700011545,0.3992192416013489,101.0,0.027,0.027,0.3514,0.364,1.3514,5.4054,0.9824,740000.0,Prime (25-29)
Joey Wendle,621563,/api/v1/people/621563,2024,34,NYM,NL,2B,18,37,36,3,8,1,0,0,1,1,1,9,0,0,0.222,0.243,0.25,0.493,40.5,1,joey wendle,,,,,,,left_only,0.312110700011545,0.3992192416013489,40.5,0.0,0.027,0.2432,0.056,,,,,Veteran (30-34)
Adael Amador,691182,/api/v1/people/691182,2024,21,COL,NL,2B,10,36,35,1,6,1,0,0,0,1,1,6,0,0,0.171,0.194,0.2,0.394,12.3,1,adael amador,Adael Amador,COL,SS,740000.0,95484.0,740000.0,both,0.312110700011545,0.3992192416013489,12.3,0.0,0.0278,0.1667,0.0,0.0,0.0,0.5324,,U25
Javier Sanoja,691594,/api/v1/people/691594,2024,21,MIA,NL,X,15,36,35,3,8,2,0,0,2,0,1,4,0,0,0.229,0.25,0.286,0.536,51.7,1,javier sanoja,Javier Sanoja,MIA,SS,740000.0,87516.0,740000.0,both,0.312110700011545,0.3992192416013489,51.7,0.0,0.0278,0.1111,0.133,0.0,2.7027,0.7243,,U25
Forrest Wall,657088,/api/v1/people/657088,2024,28,MIA,NL,RF,16,35,32,4,8,0,0,0,1,4,3,8,0,0,0.25,0.314,0.25,0.564,63.2,2,forrest wall,Forrest Wall,BAL,OF,750000.0,,750000.0,both,0.312110700011545,0.3992192416013489,63.2,0.0,0.0857,0.2286,0.062,0.0,1.3333,0.752,,Prime (25-29)
Aledmys Díaz,649557,/api/v1/people/649557,2024,33,HOU,AL,1B,14,34,33,2,3,0,0,0,1,0,1,9,0,0,0.091,0.118,0.091,0.209,-39.4,2,aledmys diaz,,,,,,,left_only,0.312110700011545,0.3992192416013489,-39.4,0.0,0.0294,0.2647,0.071,,,,,Veteran (30-34)
Niko Goodrum,592348,/api/v1/people/592348,2024,32,LAA,AL,3B,13,33,29,2,3,0,0,0,0,1,3,10,0,0,0.103,0.188,0.103,0.291,-14.0,2,niko goodrum,,,,,,,left_only,0.312110700011545,0.3992192416013489,-14.0,0.0,0.0909,0.303,0.0,,,,,Veteran (30-34)
Nacho Alvarez Jr.,805373,/api/v1/people/805373,2024,21,ATL,NL,2B,8,32,30,1,3,0,0,0,0,0,0,10,2,0,0.1,0.156,0.1,0.256,-25.0,1,nacho alvarez,,,,,,,left_only,0.312110700011545,0.3992192416013489,-25.0,0.0,0.0,0.3125,0.0,,,,,U25
Travis Blankenhorn,663905,/api/v1/people/663905,2024,27,WSH,NL,DH,13,32,31,2,4,1,0,0,5,0,1,9,0,0,0.129,0.156,0.161,0.317,-9.7,1,travis blankenhorn,Travis Blankenhorn,WSH,3B,740000.0,87516.0,740000.0,both,0.312110700011545,0.3992192416013489,-9.7,0.0,0.0312,0.2812,0.385,0.0,6.7568,0.4284,,Prime (25-29)
Graham Pauley,688363,/api/v1/people/688363,2024,23,SD,NL,3B,13,32,32,4,4,0,0,2,5,0,0,15,0,0,0.125,0.125,0.313,0.438,18.5,1,graham pauley,Graham Pauley,MIA,3B,740000.0,,740000.0,both,0.312110700011545,0.3992192416013489,18.5,0.0625,0.0,0.4688,0.385,2.7027,6.7568,0.5919,370000.0,U25
César Salazar,663967,/api/v1/people/663967,2024,28,HOU,AL,C,12,32,25,5,8,2,0,0,8,0,2,6,2,2,0.32,0.387,0.4,0.787,124.2,1,cesar salazar,César Salazar,HOU,C,740000.0,230724.0,740000.0,both,0.312110700011545,0.3992192416013489,124.2,0.0,0.0625,0.1875,0.667,0.0,10.8108,1.0635,,Prime (25-29)
Luis De Los Santos,665782,/api/v1/people/665782,2024,26,TOR,AL,3B,13,31,29,2,5,2,0,0,1,0,2,10,0,0,0.172,0.226,0.241,0.467,32.8,1,luis de los santos,Luis De Los Santos,TOR,SS,740000.0,167076.0,740000.0,both,0.312110700011545,0.3992192416013489,32.8,0.0,0.0645,0.3226,0.077,0.0,1.3514,0.6311,,Prime (25-29)
Tristan Gray,656484,/api/v1/people/656484,2024,28,OAK,AL,1B,15,31,28,0,3,1,0,0,0,0,3,16,0,0,0.107,0.194,0.143,0.337,-2.0,2,tristan gray,Tristan Gray,OAK,SS,740000.0,39780.0,740000.0,both,0.312110700011545,0.3992192416013489,-2.0,0.0,0.0968,0.5161,0.0,0.0,0.0,0.4554,,Prime (25-29)
Jason Vosler,613564,/api/v1/people/613564,2024,30,SEA,AL,1B,10,30,28,2,5,1,1,0,3,0,2,9,0,0,0.179,0.233,0.286,0.519,46.3,1,jason vosler,Jason Vosler,SEA,3B,740000.0,67626.0,740000.0,both,0.312110700011545,0.3992192416013489,46.3,0.0,0.0667,0.3,0.3,0.0,4.0541,0.7014,,Veteran (30-34)
Trenton Brooks,670092,/api/v1/people/670092,2024,28,SF,NL,1B,12,29,25,3,3,0,0,0,1,1,4,6,0,0,0.12,0.241,0.12,0.361,7.3,1,trenton brooks,Trenton Brooks,SF,1B,740000.0,107406.0,740000.0,both,0.312110700011545,0.3992192416013489,7.3,0.0,0.1379,0.2069,0.083,0.0,1.3514,0.4878,,Prime (25-29)
Blake Dunn,694362,/api/v1/people/694362,2024,25,CIN,NL,LF,19,29,26,8,4,1,0,1,1,2,2,11,1,0,0.154,0.241,0.308,0.549,54.4,1,blake dunn,Blake Dunn,CIN,OF,740000.0,179032.0,740000.0,both,0.312110700011545,0.3992192416013489,54.4,0.0345,0.069,0.3793,0.053,1.3514,1.3514,0.7419,740000.0,Prime (25-29)
Ehire Adrianza,501303,/api/v1/people/501303,2024,34,LAA,AL,3B,8,28,26,4,5,1,0,1,2,0,2,11,0,0,0.192,0.25,0.346,0.596,66.8,1,ehire adrianza,,,,,,,left_only,0.312110700011545,0.3992192416013489,66.8,0.0357,0.0714,0.3929,0.25,,,,,Veteran (30-34)
Alexander Canario,672744,/api/v1/people/672744,2024,24,CHC,NL,LF,15,28,25,4,7,1,0,1,2,1,2,11,1,0,0.28,0.357,0.44,0.797,124.6,1,alexander canario,Alexander Canario,CHC,OF,740000.0,123318.0,740000.0,both,0.312110700011545,0.3992192416013489,124.6,0.0357,0.0714,0.3929,0.133,1.3514,2.7027,1.077,740000.0,U25
Charles Leblanc,641779,/api/v1/people/641779,2024,28,LAA,AL,3B,11,28,21,6,4,0,0,2,6,0,7,9,0,0,0.19,0.393,0.476,0.869,145.1,1,charles leblanc,Charles Leblanc,LAA,SS,740000.0,103428.0,740000.0,both,0.312110700011545,0.3992192416013489,145.1,0.0714,0.25,0.3214,0.545,2.7027,8.1081,1.1743,370000.0,Prime (25-29)
Billy McKinney,641856,/api/v1/people/641856,2024,29,PIT,NL,LF,10,28,25,4,5,1,0,0,2,0,2,13,1,0,0.2,0.286,0.24,0.526,51.8,1,billy mckinney,Billy McKinney,PIT,OF,1000000.0,96768.0,1000000.0,both,0.312110700011545,0.3992192416013489,51.8,0.0,0.0714,0.4643,0.2,0.0,2.0,0.526,,Prime (25-29)
Matt Mervis,670223,/api/v1/people/670223,2024,26,CHC,NL,DH,9,28,26,1,3,1,0,0,3,0,1,8,0,0,0.115,0.148,0.154,0.302,-14.0,1,matt mervis,Matt Mervis,CHC,1B,740000.0,43758.0,740000.0,both,0.312110700011545,0.3992192416013489,-14.0,0.0,0.0357,0.2857,0.333,0.0,4.0541,0.4081,,Prime (25-29)
Joey Wiemer,686894,/api/v1/people/686894,2024,25,CIN,NL,LF,21,28,26,2,4,0,0,0,0,1,2,9,0,0,0.154,0.214,0.154,0.368,7.1,2,joey wiemer,Joey Wiemer,CIN,CF,740000.0,11934.0,740000.0,both,0.312110700011545,0.3992192416013489,7.1,0.0,0.0714,0.3214,0.0,0.0,0.0,0.4973,,Prime (25-29)
Keston Hiura,669374,/api/v1/people/669374,2024,27,LAA,AL,2B,10,27,27,1,4,0,0,0,1,0,0,10,0,0,0.148,0.148,0.148,0.296,-15.5,1,keston hiura,Keston Hiura,LAA,2B,740000.0,236559.0,740000.0,both,0.312110700011545,0.3992192416013489,-15.5,0.0,0.0,0.3704,0.1,0.0,1.3514,0.4,,Prime (25-29)
Owen Miller,680911,/api/v1/people/680911,2024,27,MIL,NL,1B,14,27,27,2,5,1,0,0,3,0,0,8,0,0,0.185,0.185,0.222,0.407,14.9,1,owen miller,Owen Miller,MIL,SS,740000.0,216144.0,740000.0,both,0.312110700011545,0.3992192416013489,14.9,0.0,0.0,0.2963,0.214,0.0,4.0541,0.55,,Prime (25-29)
Cal Stevenson,670276,/api/v1/people/670276,2024,27,PHI,NL,CF,18,27,24,2,6,3,0,0,6,0,3,4,0,0,0.25,0.333,0.375,0.708,100.6,1,cal stevenson,Cal Stevenson,PHI,OF,740000.0,131274.0,740000.0,both,0.312110700011545,0.3992192416013489,100.6,0.0,0.1111,0.1481,0.333,0.0,8.1081,0.9568,,Prime (25-29)
Buddy Kennedy,671083,/api/v1/people/671083,2024,25,PHI,NL,X,14,26,21,3,4,1,0,1,6,1,4,7,0,1,0.19,0.308,0.381,0.689,94.1,2,buddy kennedy,Buddy Kennedy,PHI,3B,740000.0,55692.0,740000.0,both,0.312110700011545,0.3992192416013489,94.1,0.0385,0.1538,0.2692,0.429,1.3514,8.1081,0.9311,740000.0,Prime (25-29)
Jace Peterson,607054,/api/v1/people/607054,2024,34,AZ,NL,X,14,26,22,2,1,0,0,0,1,0,3,6,0,1,0.045,0.154,0.045,0.199,-39.4,1,jace peterson,,,,,,,left_only,0.312110700011545,0.3992192416013489,-39.4,0.0,0.1154,0.2308,0.071,,,,,Veteran (30-34)
Grae Kessinger,666197,/api/v1/people/666197,2024,26,HOU,AL,3B,23,25,21,4,0,0,0,0,0,0,3,7,1,0,0.0,0.16,0.0,0.16,-48.7,1,grae kessinger,Grae Kessinger,HOU,SS,742100.0,343140.0,742100.0,both,0.312110700011545,0.3992192416013489,-48.7,0.0,0.12,0.28,0.0,0.0,0.0,0.2156,,Prime (25-29)
Donovan Walton,622268,/api/v1/people/622268,2024,30,SF,NL,2B,9,25,22,3,3,0,0,1,2,0,2,7,1,0,0.136,0.24,0.273,0.513,45.3,1,donovan walton,,,,,,,left_only,0.312110700011545,0.3992192416013489,45.3,0.04,0.08,0.28,0.222,,,,,Veteran (30-34)
Mickey Gasper,681508,/api/v1/people/681508,2024,28,BOS,AL,2B,13,23,18,1,0,0,0,0,0,0,4,8,1,0,0.0,0.217,0.0,0.217,-30.5,1,mickey gasper,Mickey Gasper,BOS,1B,740000.0,135252.0,740000.0,both,0.312110700011545,0.3992192416013489,-30.5,0.0,0.1739,0.3478,0.0,0.0,0.0,0.2932,,Prime (25-29)
Pedro León,694175,/api/v1/people/694175,2024,26,HOU,AL,RF,7,21,20,2,2,0,0,0,0,2,1,10,0,0,0.1,0.143,0.1,0.243,-29.1,1,pedro leon,Pedro León,HOU,OF,740000.0,87516.0,740000.0,both,0.312110700011545,0.3992192416013489,-29.1,0.0,0.0476,0.4762,0.0,0.0,0.0,0.3284,,Prime (25-29)
Austin Wynns,642851,/api/v1/people/642851,2024,33,CIN,NL,C,7,20,19,3,7,4,0,0,2,0,0,5,1,0,0.368,0.4,0.579,0.979,173.2,1,austin wynns,Austin Wynns,CIN,C,950000.0,914332.0,950000.0,both,0.312110700011545,0.3992192416013489,173.2,0.0,0.0,0.25,0.286,0.0,2.1053,1.0305,,Veteran (30-34)
Isaac Collins,686555,/api/v1/people/686555,2024,26,MIL,NL,X,11,19,17,0,2,0,0,0,0,1,2,10,0,0,0.118,0.211,0.118,0.329,-2.8,1,isaac collins,Isaac Collins,MIL,2B,740000.0,83538.0,740000.0,both,0.312110700011545,0.3992192416013489,-2.8,0.0,0.1053,0.5263,0.0,0.0,0.0,0.4446,,Prime (25-29)
Jason Delay,641511,/api/v1/people/641511,2024,29,PIT,NL,C,7,19,15,1,3,3,0,0,6,0,3,0,0,0,0.2,0.333,0.4,0.733,106.9,1,jason delay,Jason Delay,PIT,C,755000.0,336897.0,755000.0,both,0.312110700011545,0.3992192416013489,106.9,0.0,0.1579,0.0,0.857,0.0,7.947,0.9709,,Prime (25-29)
Drew Waters,671221,/api/v1/people/671221,2024,25,KC,AL,RF,7,19,16,2,3,1,0,0,1,0,2,6,1,0,0.188,0.316,0.25,0.566,63.9,1,drew waters,Drew Waters,KC,OF,740000.0,67626.0,740000.0,both,0.312110700011545,0.3992192416013489,63.9,0.0,0.1053,0.3158,0.143,0.0,1.3514,0.7649,,Prime (25-29)
Jorge Barrosa,678489,/api/v1/people/678489,2024,23,AZ,NL,CF,8,18,17,3,3,2,0,0,1,1,0,2,0,0,0.176,0.176,0.294,0.47,30.0,1,jorge barrosa,Jorge Barrosa,ARI,OF,740000.0,31824.0,740000.0,both,0.312110700011545,0.3992192416013489,30.0,0.0,0.0,0.1111,0.125,0.0,1.3514,0.6351,,U25
Bubba Thompson,669352,/api/v1/people/669352,2024,26,CIN,NL,CF,17,18,18,5,2,1,0,0,0,5,0,11,0,0,0.111,0.111,0.167,0.278,-22.6,1,bubba thompson,Bubba Thompson,CIN,OF,742500.0,163672.0,742500.0,both,0.312110700011545,0.3992192416013489,-22.6,0.0,0.0,0.6111,0.0,0.0,0.0,0.3744,,Prime (25-29)
Rafael Ortega,542364,/api/v1/people/542364,2024,33,CWS,AL,CF,14,17,14,4,1,0,0,0,1,2,2,4,0,1,0.071,0.176,0.071,0.247,-25.8,1,rafael ortega,Rafael Ortega,CHW,DH/CF,740000.0,107527.0,740000.0,both,0.312110700011545,0.3992192416013489,-25.8,0.0,0.1176,0.2353,0.071,0.0,1.3514,0.3338,,Veteran (30-34)
Brett Sullivan,664954,/api/v1/people/664954,2024,30,SD,NL,C,7,17,16,1,3,0,0,1,2,0,1,4,0,0,0.188,0.235,0.375,0.61,69.2,1,brett sullivan,Brett Sullivan,SD,C,740000.0,107406.0,740000.0,both,0.312110700011545,0.3992192416013489,69.2,0.0588,0.0588,0.2353,0.286,1.3514,2.7027,0.8243,740000.0,Veteran (30-34)
Sam Haggerty,664059,/api/v1/people/664059,2024,30,SEA,AL,LF,8,16,15,1,1,0,0,0,1,1,1,4,0,0,0.067,0.125,0.067,0.192,-43.2,1,sam haggerty,Sam Haggerty,SEA,2B,900000.0,788757.0,900000.0,both,0.312110700011545,0.3992192416013489,-43.2,0.0,0.0625,0.25,0.125,0.0,1.1111,0.2133,,Veteran (30-34)
Tyler Heineman,623168,/api/v1/people/623168,2024,33,TOR,AL,C,8,16,12,2,1,0,0,0,0,0,3,6,1,0,0.083,0.313,0.083,0.396,21.1,2,tyler heineman,Tyler Heineman,TOR,C,740000.0,47736.0,740000.0,both,0.312110700011545,0.3992192416013489,21.1,0.0,0.1875,0.375,0.0,0.0,0.0,0.5351,,Veteran (30-34)
Livan Soto,670869,/api/v1/people/670869,2024,24,BAL,AL,2B,13,16,13,1,3,1,0,0,0,0,3,3,0,0,0.231,0.375,0.308,0.683,97.3,2,livan soto,Livan Soto,BAL,SS,740000.0,139230.0,740000.0,both,0.312110700011545,0.3992192416013489,97.3,0.0,0.1875,0.1875,0.0,0.0,0.0,0.923,,U25
Ryan McKenna,663630,/api/v1/people/663630,2024,27,SF,NL,RF,13,15,14,4,3,0,0,2,2,1,1,5,0,0,0.214,0.267,0.643,0.91,146.6,2,ryan mckenna,,,,,,,left_only,0.312110700011545,0.3992192416013489,146.6,0.1333,0.0667,0.3333,0.154,,,,,Prime (25-29)
Kameron Misner,670224,/api/v1/people/670224,2024,26,TB,AL,LF,8,15,15,0,1,0,0,0,0,0,0,10,0,0,0.067,0.067,0.067,0.134,-61.8,1,kameron misner,Kameron Misner,TB,CF,740000.0,111384.0,740000.0,both,0.312110700011545,0.3992192416013489,-61.8,0.0,0.0,0.6667,0.0,0.0,0.0,0.1811,,Prime (25-29)
Carlos Narváez,665966,/api/v1/people/665966,2024,25,NYY,AL,C,6,15,13,0,3,0,0,0,0,0,2,6,0,0,0.231,0.333,0.231,0.564,64.6,1,carlos narvaez,Carlos Narvaez,NYY,C,740000.0,151182.0,740000.0,both,0.312110700011545,0.3992192416013489,64.6,0.0,0.1333,0.4,0.0,0.0,0.0,0.7622,,Prime (25-29)
Jakson Reetz,656883,/api/v1/people/656883,2024,28,SF,NL,C,6,15,14,1,2,1,0,1,1,0,1,5,0,0,0.143,0.2,0.429,0.629,71.5,1,jakson reetz,Jakson Reetz,SF,C,740000.0,55692.0,740000.0,both,0.312110700011545,0.3992192416013489,71.5,0.0667,0.0667,0.3333,0.167,1.3514,1.3514,0.85,740000.0,Prime (25-29)
Darren Baker,671117,/api/v1/people/671117,2024,25,WSH,NL,X,9,14,14,1,7,2,0,0,0,0,0,3,0,0,0.5,0.5,0.643,1.143,221.3,1,darren baker,Darren Baker,WSH,2B,740000.0,111384.0,740000.0,both,0.312110700011545,0.3992192416013489,221.3,0.0,0.0,0.2143,0.0,0.0,0.0,1.5446,,Prime (25-29)
Hunter Feduccia,676439,/api/v1/people/676439,2024,27,LAD,NL,C,5,14,12,2,4,0,0,0,1,0,2,2,0,0,0.333,0.429,0.333,0.762,120.9,1,hunter feduccia,Hunter Feduccia,LAD,C,740000.0,99450.0,740000.0,both,0.312110700011545,0.3992192416013489,120.9,0.0,0.1429,0.1429,0.2,0.0,1.3514,1.0297,,Prime (25-29)
DaShawn Keirsey Jr.,680577,/api/v1/people/680577,2024,27,MIN,AL,CF,6,14,13,1,2,0,0,1,1,0,0,1,1,0,0.154,0.214,0.385,0.599,65.0,1,dashawn keirsey,DaShawn Keirsey,MIN,OF,740000.0,43758.0,740000.0,both,0.312110700011545,0.3992192416013489,65.0,0.0714,0.0,0.0714,0.167,1.3514,1.3514,0.8095,740000.0,Prime (25-29)
Luis Vázquez,676679,/api/v1/people/676679,2024,24,CHC,NL,SS,11,14,12,2,1,0,0,0,1,0,0,6,1,1,0.083,0.143,0.083,0.226,-33.4,1,luis vazquez,Luis Vazquez,CHC,SS,740000.0,186989.0,740000.0,both,0.312110700011545,0.3992192416013489,-33.4,0.0,0.0,0.4286,0.091,0.0,1.3514,0.3054,,U25
Brandon Lockridge,663604,/api/v1/people/663604,2024,27,SD,NL,LF,12,12,12,4,2,0,0,1,1,2,0,4,0,0,0.167,0.167,0.417,0.584,58.0,1,brandon lockridge,Brandon Lockridge,SD,OF,740000.0,71604.0,740000.0,both,0.312110700011545,0.3992192416013489,58.0,0.0833,0.0,0.3333,0.083,1.3514,1.3514,0.7892,740000.0,Prime (25-29)
Bryce Teodosio,669326,/api/v1/people/669326,2024,25,LAA,AL,CF,5,12,12,1,1,0,0,0,0,0,0,5,0,0,0.083,0.083,0.083,0.166,-52.6,1,bryce teodosio,Bryce Teodosio,LAA,OF,740000.0,87516.0,740000.0,both,0.312110700011545,0.3992192416013489,-52.6,0.0,0.0,0.4167,0.0,0.0,0.0,0.2243,,Prime (25-29)
Eddy Alvarez,657193,/api/v1/people/657193,2024,34,NYM,NL,2B,13,11,9,2,0,0,0,0,0,0,1,2,1,0,0.0,0.182,0.0,0.182,-41.7,1,eddy alvarez,Eddy Alvarez,NYM,2B,740000.0,79560.0,740000.0,both,0.312110700011545,0.3992192416013489,-41.7,0.0,0.0909,0.1818,0.0,0.0,0.0,0.2459,,Veteran (30-34)
Levi Jordan,682119,/api/v1/people/682119,2024,28,CIN,NL,LF,7,11,10,1,1,1,0,0,1,0,0,3,0,1,0.1,0.091,0.2,0.291,-20.7,1,levi jordan,Levi Jordan,CIN,SS,740000.0,35802.0,740000.0,both,0.312110700011545,0.3992192416013489,-20.7,0.0,0.0,0.2727,0.143,0.0,1.3514,0.3932,,Prime (25-29)
Oswald Peraza,672724,/api/v1/people/672724,2024,24,NYY,AL,3B,4,11,10,2,2,0,0,1,1,0,1,3,0,0,0.2,0.273,0.5,0.773,112.7,1,oswald peraza,Oswald Peraza,NYY,SS,766600.0,259686.0,766600.0,both,0.312110700011545,0.3992192416013489,112.7,0.0909,0.0909,0.2727,0.25,1.3045,1.3045,1.0083,766600.0,U25
Kevin Alcántara,682634,/api/v1/people/682634,2024,21,CHC,NL,RF,3,10,10,1,1,0,0,0,0,0,0,1,0,0,0.1,0.1,0.1,0.2,-42.9,1,kevin alcantara,Kevin Alcantara,CHC,OF,740000.0,15912.0,740000.0,both,0.312110700011545,0.3992192416013489,-42.9,0.0,0.0,0.1,0.0,0.0,0.0,0.2703,,U25
Matt Duffy,622110,/api/v1/people/622110,2024,33,TEX,AL,3B,4,10,7,2,2,0,0,0,0,0,2,1,1,0,0.286,0.5,0.286,0.786,131.8,1,matt duffy,Matt Duffy,TEX,3B,1000000.0,26881.0,1000000.0,both,0.312110700011545,0.3992192416013489,131.8,0.0,0.2,0.1,0.0,0.0,0.0,0.786,,Veteran (30-34)
Michael Helman,680737,/api/v1/people/680737,2024,28,MIN,AL,CF,9,10,10,2,3,2,0,0,0,0,0,3,0,0,0.3,0.3,0.5,0.8,121.4,1,michael helman,Michael Helman,MIN,2B,740000.0,51714.0,740000.0,both,0.312110700011545,0.3992192416013489,121.4,0.0,0.0,0.3,0.0,0.0,0.0,1.0811,,Prime (25-29)
Tony Kemp,643393,/api/v1/people/643393,2024,32,BAL,AL,2B,5,10,9,1,0,0,0,0,0,0,1,1,0,0,0.0,0.1,0.0,0.1,-68.0,1,tony kemp,,,,,,,left_only,0.312110700011545,0.3992192416013489,-68.0,0.0,0.1,0.1,0.0,,,,,Veteran (30-34)
J.P. Martínez,679881,/api/v1/people/679881,2024,28,ATL,NL,X,7,10,10,2,2,1,0,0,0,1,0,4,0,0,0.2,0.2,0.3,0.5,39.2,1,jp martinez,J.P. Martinez,ATL,OF,740000.0,137365.0,740000.0,both,0.312110700011545,0.3992192416013489,39.2,0.0,0.0,0.4,0.0,0.0,0.0,0.6757,,Prime (25-29)
Liover Peguero,678894,/api/v1/people/678894,2024,23,PIT,NL,SS,3,10,10,0,2,1,0,0,2,0,0,3,0,0,0.2,0.2,0.3,0.5,39.2,1,liover peguero,Liover Peguero,PIT,SS,740000.0,31824.0,740000.0,both,0.312110700011545,0.3992192416013489,39.2,0.0,0.0,0.3,0.667,0.0,2.7027,0.6757,,U25
Edwin Rios,621458,/api/v1/people/621458,2024,30,CIN,NL,1B,5,10,9,1,1,0,0,0,0,0,1,4,0,0,0.111,0.2,0.111,0.311,-8.1,1,edwin rios,,,,,,,left_only,0.312110700011545,0.3992192416013489,-8.1,0.0,0.1,0.4,0.0,,,,,Veteran (30-34)
Rob Brantly,542963,/api/v1/people/542963,2024,34,TB,AL,C,3,9,9,0,1,0,0,0,0,0,0,2,0,0,0.111,0.111,0.111,0.222,-36.6,1,rob brantly,Rob Brantly,TB,C,740000.0,19890.0,740000.0,both,0.312110700011545,0.3992192416013489,-36.6,0.0,0.0,0.2222,0.0,0.0,0.0,0.3,,Veteran (30-34)
Vinny Capra,681962,/api/v1/people/681962,2024,27,MIL,NL,3B,3,9,9,1,1,1,0,0,0,0,0,3,0,0,0.111,0.111,0.222,0.333,-8.8,1,vinny capra,Vinny Capra,MIL,SS,740000.0,35802.0,740000.0,both,0.312110700011545,0.3992192416013489,-8.8,0.0,0.0,0.3333,0.0,0.0,0.0,0.45,,Prime (25-29)
David Fletcher,664058,/api/v1/people/664058,2024,30,ATL,NL,2B,5,9,8,0,2,0,0,0,2,0,0,1,0,1,0.25,0.222,0.25,0.472,33.8,1,david fletcher,David Fletcher,ATL,SS,6000000.0,6000000.0,6000000.0,both,0.312110700011545,0.3992192416013489,33.8,0.0,0.0,0.1111,0.4,0.0,0.3333,0.0787,,Veteran (30-34)
Cade Marlowe,687799,/api/v1/people/687799,2024,27,SEA,AL,RF,8,9,8,1,2,0,0,0,0,0,1,1,0,0,0.25,0.333,0.25,0.583,69.3,1,cade marlowe,Cade Marlowe,SEA,LF,740000.0,59670.0,740000.0,both,0.312110700011545,0.3992192416013489,69.3,0.0,0.1111,0.1111,0.0,0.0,0.0,0.7878,,Prime (25-29)
CJ Alexander,680769,/api/v1/people/680769,2024,27,KC,AL,X,4,8,8,0,1,0,0,0,0,0,0,3,0,0,0.125,0.125,0.125,0.25,-28.6,1,cj alexander,C.J. Alexander,OAK,3B,740000.0,,740000.0,both,0.312110700011545,0.3992192416013489,-28.6,0.0,0.0,0.375,0.0,0.0,0.0,0.3378,,Prime (25-29)
Conner Capel,668843,/api/v1/people/668843,2024,27,CIN,NL,DH,5,8,8,1,2,0,0,0,0,1,0,2,0,0,0.25,0.25,0.25,0.5,42.7,1,conner capel,Conner Capel,CIN,RF,740000.0,55692.0,740000.0,both,0.312110700011545,0.3992192416013489,42.7,0.0,0.0,0.25,0.0,0.0,0.0,0.6757,,Prime (25-29)
Diego Castillo,660636,/api/v1/people/660636,2024,26,MIN,AL,3B,4,8,6,3,2,1,0,0,2,0,2,1,0,0,0.333,0.5,0.5,1.0,185.4,1,diego castillo,Diego Castillo,MIN,RP,1000000.0,150528.0,1000000.0,both,0.312110700011545,0.3992192416013489,185.4,0.0,0.25,0.125,0.5,0.0,2.0,1.0,,Prime (25-29)
Cooper Hummel,669450,/api/v1/people/669450,2024,29,HOU,AL,X,6,8,8,0,0,0,0,0,0,1,0,2,0,0,0.0,0.0,0.0,0.0,-100.0,1,cooper hummel,Cooper Hummel,HOU,LF/C,740000.0,75582.0,740000.0,both,0.312110700011545,0.3992192416013489,-100.0,0.0,0.0,0.25,0.0,0.0,0.0,0.0,,Prime (25-29)
Grant Koch,667428,/api/v1/people/667428,2024,27,PIT,NL,C,3,8,7,1,0,0,0,0,0,0,1,6,0,0,0.0,0.125,0.0,0.125,-60.0,1,grant koch,Grant Koch,PIT,C,740000.0,39785.0,740000.0,both,0.312110700011545,0.3992192416013489,-60.0,0.0,0.125,0.75,0.0,0.0,0.0,0.1689,,Prime (25-29)
Taylor Trammell,666211,/api/v1/people/666211,2024,26,NYY,AL,X,10,8,7,2,1,0,0,0,0,0,1,3,0,0,0.143,0.25,0.143,0.393,15.9,2,taylor trammell,Taylor Trammell,NYY,OF,740000.0,80419.0,740000.0,both,0.312110700011545,0.3992192416013489,15.9,0.0,0.125,0.375,0.0,0.0,0.0,0.5311,,Prime (25-29)
Jair Camargo,665856,/api/v1/people/665856,2024,24,MIN,AL,C,5,7,6,1,0,0,0,0,0,0,1,3,0,0,0.0,0.143,0.0,0.143,-54.2,1,jair camargo,Jair Camargo,MIN,C,740000.0,99450.0,740000.0,both,0.312110700011545,0.3992192416013489,-54.2,0.0,0.1429,0.4286,0.0,0.0,0.0,0.1932,,U25
Aramis Garcia,605244,/api/v1/people/605244,2024,31,PHI,NL,C,3,7,7,0,0,0,0,0,0,0,0,3,0,0,0.0,0.0,0.0,0.0,-100.0,1,aramis garcia,Aramis Garcia,PHI,C,740000.0,31824.0,740000.0,both,0.312110700011545,0.3992192416013489,-100.0,0.0,0.0,0.4286,0.0,0.0,0.0,0.0,,Veteran (30-34)
Dustin Harris,687957,/api/v1/people/687957,2024,24,TEX,AL,DH,2,7,6,1,2,1,0,1,3,0,1,2,0,0,0.333,0.429,1.0,1.429,287.9,1,dustin harris,Dustin Harris,TEX,3B,740000.0,19890.0,740000.0,both,0.312110700011545,0.3992192416013489,287.9,0.1429,0.1429,0.2857,1.5,1.3514,4.0541,1.9311,740000.0,U25
Stone Garrett,656448,/api/v1/people/656448,2024,28,WSH,NL,DH,2,6,5,2,3,1,0,1,3,0,1,0,0,0,0.6,0.667,1.4,2.067,464.4,1,stone garrett,Stone Garrett,WSH,LF/DH,798600.0,145996.0,798600.0,both,0.312110700011545,0.3992192416013489,464.4,0.1667,0.1667,0.0,1.5,1.2522,3.7566,2.5883,798600.0,Prime (25-29)
Greg Jones,675659,/api/v1/people/675659,2024,26,COL,NL,RF,6,6,5,1,1,0,0,1,1,0,1,4,0,0,0.2,0.333,0.8,1.133,207.1,1,greg jones,Greg Jones,COL,SS,740000.0,51714.0,740000.0,both,0.312110700011545,0.3992192416013489,207.1,0.1667,0.1667,0.6667,0.167,1.3514,1.3514,1.5311,740000.0,Prime (25-29)
Andrew Knapp,595284,/api/v1/people/595284,2024,32,SF,NL,C,3,6,6,0,1,0,0,0,0,0,0,2,0,0,0.167,0.167,0.167,0.334,-4.7,1,andrew knapp,Andrew Knapp,SF,C,740000.0,23868.0,740000.0,both,0.312110700011545,0.3992192416013489,-4.7,0.0,0.0,0.3333,0.0,0.0,0.0,0.4514,,Veteran (30-34)
Brian Anderson,605119,/api/v1/people/605119,2024,31,ATL,NL,RF,3,5,5,0,0,0,0,0,0,0,0,2,0,0,0.0,0.0,0.0,0.0,-100.0,1,brian anderson,,,,,,,left_only,0.312110700011545,0.3992192416013489,-100.0,0.0,0.0,0.4,0.0,,,,,Veteran (30-34)
Duke Ellis,668752,/api/v1/people/668752,2024,26,NYY,AL,X,11,5,5,1,1,0,0,0,0,5,0,2,0,0,0.2,0.2,0.2,0.4,14.2,2,duke ellis,Duke Ellis,NYY,OF,740000.0,35802.0,740000.0,both,0.312110700011545,0.3992192416013489,14.2,0.0,0.0,0.4,0.0,0.0,0.0,0.5405,,Prime (25-29)
Sandro Fabian,660758,/api/v1/people/660758,2024,26,TEX,AL,LF,3,5,5,0,0,0,0,0,0,0,0,0,0,0,0.0,0.0,0.0,0.0,-100.0,1,sandro fabian,Sandro Fabian,TEX,OF,740000.0,91494.0,740000.0,both,0.312110700011545,0.3992192416013489,-100.0,0.0,0.0,0.0,0.0,0.0,0.0,0.0,,Prime (25-29)
Tyler Gentry,694355,/api/v1/people/694355,2024,25,KC,AL,RF,3,5,5,0,0,0,0,0,0,0,0,2,0,0,0.0,0.0,0.0,0.0,-100.0,1,tyler gentry,Tyler Gentry,KC,OF,740000.0,23868.0,740000.0,both,0.312110700011545,0.3992192416013489,-100.0,0.0,0.0,0.4,0.0,0.0,0.0,0.0,,Prime (25-29)
Brewer Hicklen,676551,/api/v1/people/676551,2024,28,MIL,NL,RF,3,5,5,0,0,0,0,0,0,1,0,4,0,0,0.0,0.0,0.0,0.0,-100.0,1,brewer hicklen,Brewer Hicklen,MIL,OF,740000.0,31824.0,740000.0,both,0.312110700011545,0.3992192416013489,-100.0,0.0,0.0,0.8,0.0,0.0,0.0,0.0,,Prime (25-29)
Nick Maton,665155,/api/v1/people/665155,2024,27,BAL,AL,X,5,5,5,0,0,0,0,0,0,0,0,2,0,0,0.0,0.0,0.0,0.0,-100.0,1,nick maton,Nick Maton,BAL,3B/SS,740000.0,71604.0,740000.0,both,0.312110700011545,0.3992192416013489,-100.0,0.0,0.0,0.4,0.0,0.0,0.0,0.0,,Prime (25-29)
Samad Taylor,669392,/api/v1/people/669392,2024,25,SEA,AL,LF,3,5,5,2,2,0,0,0,0,0,0,1,0,0,0.4,0.4,0.4,0.8,128.4,1,samad taylor,Samad Taylor,SEA,SS,740000.0,11934.0,740000.0,both,0.312110700011545,0.3992192416013489,128.4,0.0,0.0,0.2,0.0,0.0,0.0,1.0811,,Prime (25-29)
José Devers,672701,/api/v1/people/672701,2024,24,MIA,NL,1B,3,4,4,1,1,0,0,0,0,0,0,1,0,0,0.25,0.25,0.25,0.5,42.7,1,jose devers,José Devers,MIA,SS,740000.0,79560.0,740000.0,both,0.312110700011545,0.3992192416013489,42.7,0.0,0.0,0.25,0.0,0.0,0.0,0.6757,,U25
Sam Huff,669087,/api/v1/people/669087,2024,26,TEX,AL,C,3,4,3,0,0,0,0,0,0,0,1,2,0,0,0.0,0.25,0.0,0.25,-19.9,1,sam huff,Sam Huff,TEX,C,740000.0,19890.0,740000.0,both,0.312110700011545,0.3992192416013489,-19.9,0.0,0.25,0.5,0.0,0.0,0.0,0.3378,,Prime (25-29)
Myles Straw,664702,/api/v1/people/664702,2024,29,CLE,AL,X,7,4,4,2,1,0,0,0,0,2,0,0,0,0,0.25,0.25,0.25,0.5,42.7,1,myles straw,Myles Straw,CLE,CF,4500000.0,4500000.0,4900000.0,both,0.312110700011545,0.3992192416013489,42.7,0.0,0.0,0.0,0.0,0.0,0.0,0.1111,,Prime (25-29)
Matthew Batten,676946,/api/v1/people/676946,2024,29,SD,NL,1B,1,3,3,0,1,0,1,0,0,0,0,0,0,0,0.333,0.333,1.0,1.333,257.2,1,matthew batten,Matthew Batten,SD,SS,740000.0,35802.0,740000.0,both,0.312110700011545,0.3992192416013489,257.2,0.0,0.0,0.0,0.0,0.0,0.0,1.8014,,Prime (25-29)
Orelvis Martinez,682619,/api/v1/people/682619,2024,22,TOR,AL,2B,1,3,3,0,1,0,0,0,0,0,0,1,0,0,0.333,0.333,0.333,0.666,90.1,1,orelvis martinez,Orelvis Martinez,TOR,SS,740000.0,385866.0,740000.0,both,0.312110700011545,0.3992192416013489,90.1,0.0,0.0,0.3333,0.0,0.0,0.0,0.9,,U25
David Bañuelos,675915,/api/v1/people/675915,2024,27,BAL,AL,X,1,1,1,0,0,0,0,0,0,0,0,0,0,0,0.0,0.0,0.0,0.0,-100.0,1,david banuelos,David Banuelos,BAL,C,740000.0,21513.0,740000.0,both,0.312110700011545,0.3992192416013489,-100.0,0.0,0.0,0.0,0.0,0.0,0.0,0.0,,Prime (25-29)
Luis Castillo,622491,/api/v1/people/622491,2024,31,SEA,AL,P,30,1,1,0,0,0,0,0,0,0,0,1,0,0,0.0,0.0,0.0,0.0,-100.0,1,luis castillo,Luis Castillo,SEA,SP,22750000.0,22750000.0,24150000.0,both,0.312110700011545,0.3992192416013489,-100.0,0.0,0.0,1.0,0.0,0.0,0.0,0.0,,Veteran (30-34)
Daniel Johnson,669288,/api/v1/people/669288,2024,28,BAL,AL,RF,1,1,1,1,0,0,0,0,0,0,0,0,0,0,0.0,0.0,0.0,0.0,-100.0,1,daniel johnson,Daniel Johnson,BAL,RF,740000.0,3978.0,740000.0,both,0.312110700011545,0.3992192416013489,-100.0,0.0,0.0,0.0,0.0,0.0,0.0,0.0,,Prime (25-29)
Scott McGough,543518,/api/v1/people/543518,2024,34,AZ,NL,P,26,1,1,0,0,0,0,0,0,0,0,1,0,0,0.0,0.0,0.0,0.0,-100.0,1,scott mcgough,Scott McGough,ARI,RP,3000000.0,3000000.0,3000000.0,both,0.312110700011545,0.3992192416013489,-100.0,0.0,0.0,1.0,0.0,0.0,0.0,0.0,,Veteran (30-34)
Chris Roller,676896,/api/v1/people/676896,2024,27,MIL,NL,CF,1,1,1,0,0,0,0,0,0,0,0,1,0,0,0.0,0.0,0.0,0.0,-100.0,1,chris roller,Chris Roller,MIL,OF,740000.0,152539.0,740000.0,both,0.312110700011545,0.3992192416013489,-100.0,0.0,0.0,1.0,0.0,0.0,0.0,0.0,,Prime (25-29)
Eric Yang,687066,/api/v1/people/687066,2024,26,CIN,NL,X,1,1,1,0,0,0,0,0,0,0,0,1,0,0,0.0,0.0,0.0,0.0,-100.0,1,eric yang,Eric Yang,CIN,C,740000.0,15912.0,740000.0,both,0.312110700011545,0.3992192416013489,-100.0,0.0,0.0,1.0,0.0,0.0,0.0,0.0,,Prime (25-29)
Francisco Lindor,596019,/api/v1/people/596019,2025,31,NYM,NL,SS,160,732,644,117,172,35,0,31,86,31,65,131,16,7,0.267,0.346,0.466,0.812,125.2,1,francisco lindor,Francisco Lindor,NYM,SS,32000000.0,27050000.0,34150000.0,both,0.31515048442488947,0.4038090233649428,125.2,0.0423,0.0888,0.179,0.538,0.9688,2.6875,0.0254,1032258.0,Veteran (30-34)
Rafael Devers,646240,/api/v1/people/646240,2025,28,SF,NL,DH,163,729,607,99,153,33,0,35,109,1,112,192,6,4,0.252,0.372,0.479,0.851,136.7,2,rafael devers,Rafael Devers,SF,DH,27500000.0,15442608.0,31318182.0,both,0.31515048442488947,0.4038090233649428,136.7,0.048,0.1536,0.2634,0.669,1.2727,3.9636,0.0309,785714.0,Prime (25-29)
Shohei Ohtani,660271,/api/v1/people/660271,2025,30,LAD,NL,DH,158,727,611,146,172,25,9,55,102,20,109,187,3,2,0.282,0.392,0.622,1.014,178.4,1,shohei ohtani,Shohei Ohtani,LAD,DH/SP,70000000.0,2000000.0,70000000.0,both,0.31515048442488947,0.4038090233649428,178.4,0.0757,0.1499,0.2572,0.646,0.7857,1.4571,0.0145,1272727.0,Veteran (30-34)
Matt Olson,621566,/api/v1/people/621566,2025,31,ATL,NL,1B,162,724,624,98,170,41,2,29,95,1,91,176,4,5,0.272,0.366,0.484,0.85,136.0,1,matt olson,Matt Olson,ATL,1B,22000000.0,22000000.0,22000000.0,both,0.31515048442488947,0.4038090233649428,136.0,0.0401,0.1257,0.2431,0.586,1.3182,4.3182,0.0386,758621.0,Veteran (30-34)
Kyle Schwarber,656941,/api/v1/people/656941,2025,32,PHI,NL,DH,162,724,604,111,145,23,2,56,132,10,108,197,11,1,0.24,0.365,0.563,0.928,155.2,1,kyle schwarber,Kyle Schwarber,PHI,DH,20000000.0,20000000.0,20000000.0,both,0.31515048442488947,0.4038090233649428,155.2,0.0773,0.1492,0.2721,0.815,2.8,6.6,0.0464,357143.0,Veteran (30-34)
Geraldo Perdomo,672695,/api/v1/people/672695,2025,25,AZ,NL,SS,161,720,597,98,173,33,5,20,100,27,94,83,10,11,0.29,0.389,0.462,0.851,137.8,1,geraldo perdomo,Geraldo Perdomo,ARI,SS,2550000.0,7550000.0,2550000.0,both,0.31515048442488947,0.4038090233649428,137.8,0.0278,0.1306,0.1153,0.621,7.8431,39.2157,0.3337,127500.0,Prime (25-29)
Juan Soto,665742,/api/v1/people/665742,2025,26,NYM,NL,RF,160,715,577,120,152,20,1,43,105,38,127,137,3,6,0.263,0.396,0.525,0.921,155.7,1,juan soto,Juan Soto,NYM,RF,46875000.0,122275000.0,62275000.0,both,0.31515048442488947,0.4038090233649428,155.7,0.0601,0.1776,0.1916,0.656,0.9173,2.24,0.0196,1090116.0,Prime (25-29)
Julio Rodríguez,677594,/api/v1/people/677594,2025,24,SEA,AL,CF,160,710,652,106,174,31,4,32,95,30,44,152,12,2,0.267,0.324,0.474,0.798,120.2,1,julio rodriguez,Julio Rodriguez,SEA,CF,18000000.0,18025000.0,20210714.0,both,0.31515048442488947,0.4038090233649428,120.2,0.0451,0.062,0.2141,0.594,1.7778,5.2778,0.0443,562500.0,U25
Pete Alonso,624413,/api/v1/people/624413,2025,30,NYM,NL,1B,162,709,624,87,170,41,1,38,126,1,61,162,15,9,0.272,0.347,0.524,0.871,139.9,1,pete alonso,Pete Alonso,NYM,1B,20000000.0,30200000.0,30200000.0,both,0.31515048442488947,0.4038090233649428,139.9,0.0536,0.086,0.2285,0.778,1.9,6.3,0.0436,526316.0,Veteran (30-34)
Randy Arozarena,668227,/api/v1/people/668227,2025,30,SEA,AL,LF,160,709,613,95,146,32,1,27,76,31,64,191,27,5,0.238,0.334,0.426,0.76,111.5,1,randy arozarena,Randy Arozarena,SEA,LF,11300000.0,11300000.0,11300000.0,both,0.31515048442488947,0.4038090233649428,111.5,0.0381,0.0903,0.2694,0.475,2.3894,6.7257,0.0673,418519.0,Veteran (30-34)
Cal Raleigh,663728,/api/v1/people/663728,2025,28,SEA,AL,C,159,705,596,110,147,24,0,60,125,14,97,188,9,3,0.247,0.359,0.589,0.948,159.8,1,cal raleigh,Cal Raleigh,SEA,C,1000000.0,11000000.0,2666667.0,both,0.31515048442488947,0.4038090233649428,159.8,0.0851,0.1376,0.2667,0.786,60.0,125.0,0.948,16667.0,Prime (25-29)
Elly De La Cruz,682829,/api/v1/people/682829,2025,23,CIN,NL,SS,162,699,629,102,166,31,7,22,86,37,67,181,2,1,0.264,0.336,0.44,0.776,115.6,1,elly de la cruz,Elly De La Cruz,CIN,SS,770000.0,770000.0,770000.0,both,0.31515048442488947,0.4038090233649428,115.6,0.0315,0.0959,0.2589,0.531,28.5714,111.6883,1.0078,35000.0,U25
Brent Rooker,667670,/api/v1/people/667670,2025,30,ATH,AL,DH,162,699,626,92,164,40,3,30,89,6,65,155,5,2,0.262,0.335,0.479,0.814,124.9,1,brent rooker,Brent Rooker,ATH,DH,2000000.0,12000000.0,4000000.0,both,0.31515048442488947,0.4038090233649428,124.9,0.0429,0.093,0.2217,0.549,15.0,44.5,0.407,66667.0,Veteran (30-34)
Jarren Duran,680776,/api/v1/people/680776,2025,28,BOS,AL,LF,157,696,620,86,159,41,13,16,84,24,60,169,12,3,0.256,0.332,0.442,0.774,114.8,1,jarren duran,Jarren Duran,BOS,LF,3750000.0,3900000.0,3900000.0,both,0.31515048442488947,0.4038090233649428,114.8,0.023,0.0862,0.2428,0.535,4.2667,22.4,0.2064,234375.0,Prime (25-29)
Heliot Ramos,671218,/api/v1/people/671218,2025,25,SF,NL,LF,157,695,620,85,159,24,1,21,69,6,52,158,17,6,0.256,0.328,0.4,0.728,103.1,1,heliot ramos,Heliot Ramos,SF,LF,780000.0,780000.0,780000.0,both,0.31515048442488947,0.4038090233649428,103.1,0.0302,0.0748,0.2273,0.439,26.9231,88.4615,0.9333,37143.0,Prime (25-29)
Steven Kwan,680757,/api/v1/people/680757,2025,27,CLE,AL,LF,156,693,625,81,170,29,1,11,56,21,55,60,3,7,0.272,0.33,0.374,0.704,97.3,1,steven kwan,Steven Kwan,CLE,LF,4175000.0,4175000.0,4175000.0,both,0.31515048442488947,0.4038090233649428,97.3,0.0159,0.0794,0.0866,0.359,2.6347,13.4132,0.1686,379545.0,Prime (25-29)
Fernando Tatis Jr.,665487,/api/v1/people/665487,2025,26,SD,NL,RF,155,691,594,111,159,27,2,25,71,32,89,129,6,2,0.268,0.368,0.446,0.814,127.2,1,fernando tatis,Fernando Tatis Jr.,SD,RF,20000000.0,20000000.0,20714285.0,both,0.31515048442488947,0.4038090233649428,127.2,0.0362,0.1288,0.1867,0.458,1.25,3.55,0.0407,800000.0,Prime (25-29)
James Wood,695578,/api/v1/people/695578,2025,22,WSH,NL,LF,157,689,598,87,153,38,0,31,94,15,85,221,3,3,0.256,0.35,0.475,0.825,128.7,1,james wood,James Wood,WSH,LF,764600.0,764600.0,764600.0,both,0.31515048442488947,0.4038090233649428,128.7,0.045,0.1234,0.3208,0.599,40.5441,122.9401,1.079,24665.0,U25
Bobby Witt Jr.,677951,/api/v1/people/677951,2025,25,KC,AL,SS,157,687,623,99,184,47,6,23,88,38,49,125,8,7,0.295,0.351,0.501,0.852,135.4,1,bobby witt,Bobby Witt Jr.,KC,SS,7000000.0,7100000.0,8211111.0,both,0.31515048442488947,0.4038090233649428,135.4,0.0335,0.0713,0.182,0.561,3.2857,12.5714,0.1217,304348.0,Prime (25-29)
Willy Adames,642715,/api/v1/people/642715,2025,29,SF,NL,SS,160,686,591,94,133,22,2,30,87,12,80,179,5,9,0.225,0.318,0.421,0.739,105.2,1,willy adames,Willy Adames,SF,SS,10000000.0,21000000.0,13142857.0,both,0.31515048442488947,0.4038090233649428,105.2,0.0437,0.1166,0.2609,0.544,3.0,8.7,0.0739,333333.0,Prime (25-29)
TJ Friedl,670770,/api/v1/people/670770,2025,29,CIN,NL,CF,152,685,579,82,151,22,2,14,53,12,81,115,16,5,0.261,0.364,0.378,0.742,109.1,1,tj friedl,T.J. Friedl,CIN,CF,780000.0,780000.0,780000.0,both,0.31515048442488947,0.4038090233649428,109.1,0.0204,0.1182,0.1679,0.349,17.9487,67.9487,0.9513,55714.0,Prime (25-29)
Vinnie Pasquantino,686469,/api/v1/people/686469,2025,27,KC,AL,1B,160,682,621,72,164,33,1,32,113,1,49,107,7,5,0.264,0.323,0.475,0.798,120.1,1,vinnie pasquantino,Vinnie Pasquantino,KC,1B,793250.0,793250.0,793250.0,both,0.31515048442488947,0.4038090233649428,120.1,0.0469,0.0718,0.1569,0.706,40.3404,142.4519,1.006,24789.0,Prime (25-29)
Vladimir Guerrero Jr.,665489,/api/v1/people/665489,2025,26,TOR,AL,1B,156,680,589,96,172,34,0,23,84,6,81,94,6,4,0.292,0.381,0.467,0.848,136.5,1,vladimir guerrero,Vladimir Guerrero Jr.,TOR,1B,28500000.0,48525000.0,28525000.0,both,0.31515048442488947,0.4038090233649428,136.5,0.0338,0.1191,0.1382,0.538,0.807,2.9474,0.0298,1239130.0,Prime (25-29)
Aaron Judge,592450,/api/v1/people/592450,2025,33,NYY,AL,RF,152,679,541,137,179,30,2,53,114,12,124,160,7,7,0.331,0.457,0.688,1.145,215.4,1,aaron judge,Aaron Judge,NYY,RF,40000000.0,40000000.0,40000000.0,both,0.31515048442488947,0.4038090233649428,215.4,0.0781,0.1826,0.2356,0.75,1.325,2.85,0.0286,754717.0,Veteran (30-34)
Manny Machado,592518,/api/v1/people/592518,2025,32,SD,NL,3B,159,678,615,91,169,33,0,27,95,14,55,131,3,5,0.275,0.335,0.46,0.795,120.2,1,manny machado,Manny Machado,SD,3B,13000000.0,13000000.0,17090909.0,both,0.31515048442488947,0.4038090233649428,120.2,0.0398,0.0811,0.1932,0.597,2.0769,7.3077,0.0612,481481.0,Veteran (30-34)
Luis Arraez,650333,/api/v1/people/650333,2025,28,SD,NL,1B,154,675,620,66,181,30,4,8,61,11,34,21,2,7,0.292,0.327,0.392,0.719,100.8,1,luis arraez,Luis Arraez,SD,1B/DH/2B,14000000.0,14000000.0,14000000.0,both,0.31515048442488947,0.4038090233649428,100.8,0.0119,0.0504,0.0311,0.396,0.5714,4.3571,0.0514,1750000.0,Prime (25-29)
José Ramírez,608070,/api/v1/people/608070,2025,32,CLE,AL,3B,158,673,593,103,168,34,3,30,85,44,66,74,8,5,0.283,0.36,0.503,0.863,138.8,1,jose ramirez,José Ramírez,CLE,3B,19000000.0,19300000.0,19300000.0,both,0.31515048442488947,0.4038090233649428,138.8,0.0446,0.0981,0.11,0.538,1.5789,4.4737,0.0454,633333.0,Veteran (30-34)
Ozzie Albies,645277,/api/v1/people/645277,2025,28,ATL,NL,2B,157,667,603,74,145,23,2,16,74,14,55,94,4,5,0.24,0.306,0.365,0.671,87.5,1,ozzie albies,Ozzie Albies,ATL,2B,7000000.0,7000000.0,7000000.0,both,0.31515048442488947,0.4038090233649428,87.5,0.024,0.0825,0.1409,0.471,2.2857,10.5714,0.0959,437500.0,Prime (25-29)
Maikel Garcia,672580,/api/v1/people/672580,2025,25,KC,AL,3B,160,666,595,81,170,39,5,16,74,23,62,84,1,5,0.286,0.351,0.449,0.8,122.6,1,maikel garcia,Maikel Garcia,KC,3B,774750.0,774750.0,774750.0,both,0.31515048442488947,0.4038090233649428,122.6,0.024,0.0931,0.1261,0.462,20.6518,95.5147,1.0326,48422.0,Prime (25-29)
Mookie Betts,605141,/api/v1/people/605141,2025,32,LAD,NL,SS,150,663,589,95,152,23,2,20,82,8,61,68,3,10,0.258,0.326,0.406,0.732,104.0,1,mookie betts,Mookie Betts,LAD,SS,25000000.0,22000000.0,30000000.0,both,0.31515048442488947,0.4038090233649428,104.0,0.0302,0.092,0.1026,0.547,0.8,3.28,0.0293,1250000.0,Veteran (30-34)
Ian Happ,664023,/api/v1/people/664023,2025,30,CHC,NL,LF,150,663,569,87,138,32,0,23,79,6,87,151,2,5,0.243,0.342,0.42,0.762,112.5,1,ian happ,Ian Happ,CHC,LF,20000000.0,20000000.0,21000000.0,both,0.31515048442488947,0.4038090233649428,112.5,0.0347,0.1312,0.2278,0.527,1.15,3.95,0.0381,869565.0,Veteran (30-34)
Taylor Ward,621493,/api/v1/people/621493,2025,31,LAA,AL,LF,157,663,579,86,132,31,2,36,103,4,75,175,3,6,0.228,0.317,0.475,0.792,118.2,1,taylor ward,Taylor Ward,LAA,LF,7825000.0,7825000.0,7825000.0,both,0.31515048442488947,0.4038090233649428,118.2,0.0543,0.1131,0.264,0.656,4.6006,13.1629,0.1012,217361.0,Veteran (30-34)
William Contreras,661388,/api/v1/people/661388,2025,27,MIL,NL,C,150,659,566,89,147,28,0,17,76,6,84,120,3,6,0.26,0.355,0.399,0.754,111.5,1,william contreras,William Contreras,MIL,C,6000000.0,6000000.0,6000000.0,both,0.31515048442488947,0.4038090233649428,111.5,0.0258,0.1275,0.1821,0.507,2.8333,12.6667,0.1257,352941.0,Prime (25-29)
Brice Turang,668930,/api/v1/people/668930,2025,25,MIL,NL,2B,156,659,584,97,168,28,2,18,81,24,66,150,2,5,0.288,0.359,0.435,0.794,121.6,1,brice turang,Brice Turang,MIL,2B,777100.0,777100.0,777100.0,both,0.31515048442488947,0.4038090233649428,121.6,0.0273,0.1002,0.2276,0.519,23.163,104.2337,1.0217,43172.0,Prime (25-29)
Eugenio Suárez,553993,/api/v1/people/553993,2025,33,SEA,AL,3B,159,657,588,91,134,28,0,49,118,4,46,196,16,7,0.228,0.298,0.526,0.824,124.8,2,eugenio suarez,Eugenio Suarez,SEA,3B,15000000.0,4838710.0,15000000.0,both,0.31515048442488947,0.4038090233649428,124.8,0.0746,0.07,0.2983,0.742,3.2667,7.8667,0.0549,306122.0,Veteran (30-34)
Cody Bellinger,641355,/api/v1/people/641355,2025,29,NYY,AL,LF,152,656,588,89,160,25,5,29,98,13,57,90,2,9,0.272,0.334,0.48,0.814,124.8,1,cody bellinger,Cody Bellinger,NYY,CF,27500000.0,27500000.0,27500000.0,both,0.31515048442488947,0.4038090233649428,124.8,0.0442,0.0869,0.1372,0.645,1.0545,3.5636,0.0296,948276.0,Prime (25-29)
Riley Greene,682985,/api/v1/people/682985,2025,24,DET,AL,LF,157,655,600,84,155,31,1,36,111,2,46,201,4,5,0.258,0.313,0.493,0.806,121.4,1,riley greene,Riley Greene,DET,LF,812400.0,812400.0,812400.0,both,0.31515048442488947,0.4038090233649428,121.4,0.055,0.0702,0.3069,0.707,44.3131,136.6322,0.9921,22567.0,U25
Jose Altuve,514888,/api/v1/people/514888,2025,35,HOU,AL,2B,155,654,588,80,156,24,1,26,77,10,55,109,4,6,0.265,0.329,0.442,0.771,113.9,1,jose altuve,Jose Altuve,HOU,LF,30000000.0,30000000.0,33000000.0,both,0.31515048442488947,0.4038090233649428,113.9,0.0398,0.0841,0.1667,0.497,0.8667,2.5667,0.0257,1153846.0,Late (35+)
J.P. Crawford,641487,/api/v1/people/641487,2025,30,SEA,AL,SS,157,654,570,69,151,24,0,12,58,8,74,122,3,1,0.265,0.352,0.37,0.722,103.3,1,jp crawford,J.P. Crawford,SEA,SS,10000000.0,10000000.0,11000000.0,both,0.31515048442488947,0.4038090233649428,103.3,0.0183,0.1131,0.1865,0.369,1.2,5.8,0.0722,833333.0,Veteran (30-34)
Bryan Reynolds,668804,/api/v1/people/668804,2025,30,PIT,NL,RF,154,654,587,68,144,38,3,16,73,3,57,173,7,3,0.245,0.318,0.402,0.72,100.5,1,bryan reynolds,Bryan Reynolds,PIT,RF,12000000.0,12000000.0,12250000.0,both,0.31515048442488947,0.4038090233649428,100.5,0.0245,0.0872,0.2645,0.474,1.3333,6.0833,0.06,750000.0,Veteran (30-34)
Trevor Story,596115,/api/v1/people/596115,2025,32,BOS,AL,SS,157,654,612,91,161,29,0,25,96,31,33,176,7,1,0.263,0.308,0.433,0.741,105.0,1,trevor story,Trevor Story,BOS,SS,22500000.0,22500000.0,22500000.0,both,0.31515048442488947,0.4038090233649428,105.0,0.0382,0.0505,0.2691,0.611,1.1111,4.2667,0.0329,900000.0,Veteran (30-34)
Junior Caminero,691406,/api/v1/people/691406,2025,21,TB,AL,3B,154,653,602,93,159,28,0,45,110,7,41,125,3,7,0.264,0.311,0.535,0.846,131.2,1,junior caminero,Junior Caminero,TB,3B,764100.0,764100.0,764100.0,both,0.31515048442488947,0.4038090233649428,131.2,0.0689,0.0628,0.1914,0.714,58.8928,143.9602,1.1072,16980.0,U25
Brandon Nimmo,607043,/api/v1/people/607043,2025,32,NYM,NL,LF,155,652,587,81,154,27,0,25,92,13,50,141,7,7,0.262,0.324,0.436,0.76,110.8,1,brandon nimmo,Brandon Nimmo,NYM,LF,20250000.0,20250000.0,20500000.0,both,0.31515048442488947,0.4038090233649428,110.8,0.0383,0.0767,0.2163,0.594,1.2346,4.5432,0.0375,810000.0,Veteran (30-34)
Yandy Díaz,650490,/api/v1/people/650490,2025,33,TB,AL,DH,150,651,583,79,175,29,1,25,83,3,57,92,6,5,0.3,0.366,0.482,0.848,135.5,1,yandy diaz,Yandy Diaz,TB,1B,10000000.0,10000000.0,10000000.0,both,0.31515048442488947,0.4038090233649428,135.5,0.0384,0.0876,0.1413,0.553,2.5,8.3,0.0848,400000.0,Veteran (30-34)
Gunnar Henderson,683002,/api/v1/people/683002,2025,24,BAL,AL,SS,154,651,577,85,158,34,5,17,68,30,62,137,7,5,0.274,0.349,0.438,0.787,119.2,1,gunnar henderson,Gunnar Henderson,BAL,SS,782300.0,782300.0,782300.0,both,0.31515048442488947,0.4038090233649428,119.2,0.0261,0.0952,0.2104,0.442,21.7308,86.9232,1.006,46018.0,U25
Seiya Suzuki,673548,/api/v1/people/673548,2025,30,CHC,NL,DH,151,651,571,75,140,31,3,32,103,5,71,164,1,8,0.245,0.326,0.478,0.804,121.8,1,seiya suzuki,Seiya Suzuki,CHC,DH,18000000.0,18000000.0,19000000.0,both,0.31515048442488947,0.4038090233649428,121.8,0.0492,0.1091,0.2519,0.682,1.7778,5.7222,0.0447,562500.0,Veteran (30-34)
Nico Hoerner,663538,/api/v1/people/663538,2025,28,CHC,NL,2B,156,649,599,89,178,29,4,7,61,29,39,49,7,4,0.297,0.345,0.394,0.739,107.0,1,nico hoerner,Nico Hoerner,CHC,2B,11500000.0,11500000.0,11500000.0,both,0.31515048442488947,0.4038090233649428,107.0,0.0108,0.0601,0.0755,0.391,0.6087,5.3043,0.0643,1642857.0,Prime (25-29)
Jackson Holliday,702616,/api/v1/people/702616,2025,21,BAL,AL,2B,149,649,586,70,142,21,3,17,55,17,56,140,6,1,0.242,0.314,0.375,0.689,92.5,1,jackson holliday,Jackson Holliday,BAL,2B,764800.0,764800.0,764800.0,both,0.31515048442488947,0.4038090233649428,92.5,0.0262,0.0863,0.2157,0.369,22.228,71.9142,0.9009,44988.0,U25
Spencer Torkelson,679529,/api/v1/people/679529,2025,25,DET,AL,1B,155,649,563,82,135,27,1,31,78,2,72,169,9,5,0.24,0.333,0.456,0.789,118.6,1,spencer torkelson,Spencer Torkelson,DET,1B,785700.0,785700.0,785700.0,both,0.31515048442488947,0.4038090233649428,118.6,0.0478,0.1109,0.2604,0.503,39.4553,99.2745,1.0042,25345.0,Prime (25-29)
Pete Crow-Armstrong,691718,/api/v1/people/691718,2025,23,CHC,NL,CF,157,647,591,91,146,37,4,31,95,35,29,155,9,12,0.247,0.287,0.481,0.768,110.2,1,pete crowarmstrong,Pete Crow-Armstrong,CHC,CF,771000.0,771000.0,771000.0,both,0.31515048442488947,0.4038090233649428,110.2,0.0479,0.0448,0.2396,0.605,40.2075,123.2166,0.9961,24871.0,U25
Dansby Swanson,621020,/api/v1/people/621020,2025,31,CHC,NL,SS,159,645,590,84,144,24,3,24,77,20,47,168,2,5,0.244,0.3,0.417,0.717,98.5,1,dansby swanson,Dansby Swanson,CHC,SS,27000000.0,27000000.0,28000000.0,both,0.31515048442488947,0.4038090233649428,98.5,0.0372,0.0729,0.2605,0.484,0.8889,2.8519,0.0266,1125000.0,Veteran (30-34)
Christian Yelich,592885,/api/v1/people/592885,2025,33,MIL,NL,DH,150,644,573,88,151,21,0,29,103,16,64,167,6,1,0.264,0.343,0.452,0.795,120.8,1,christian yelich,Christian Yelich,MIL,DH,26000000.0,22000000.0,26000000.0,both,0.31515048442488947,0.4038090233649428,120.8,0.045,0.0994,0.2593,0.687,1.1154,3.9615,0.0306,896552.0,Veteran (30-34)
Corbin Carroll,682998,/api/v1/people/682998,2025,24,AZ,NL,RF,143,642,564,107,146,32,17,31,84,32,67,153,7,4,0.259,0.343,0.541,0.884,142.8,1,corbin carroll,Corbin Carroll,ARI,RF,5000000.0,5000000.0,5625000.0,both,0.31515048442488947,0.4038090233649428,142.8,0.0483,0.1044,0.2383,0.587,6.2,16.8,0.1768,161290.0,U25
Michael Harris II,671739,/api/v1/people/671739,2025,24,ATL,NL,CF,160,641,611,55,152,26,6,20,86,20,16,128,3,7,0.249,0.268,0.409,0.677,86.3,1,michael harris,Michael Harris II,ATL,CF,8000000.0,8000000.0,8000000.0,both,0.31515048442488947,0.4038090233649428,86.3,0.0312,0.025,0.1997,0.538,2.5,10.75,0.0846,400000.0,U25
Salvador Perez,521692,/api/v1/people/521692,2025,35,KC,AL,C,155,641,597,54,141,35,0,30,100,0,28,125,12,1,0.236,0.284,0.446,0.73,100.6,1,salvador perez,Salvador Perez,KC,C,22000000.0,20000000.0,20000000.0,both,0.31515048442488947,0.4038090233649428,100.6,0.0468,0.0437,0.195,0.645,1.3636,4.5455,0.0332,733333.0,Late (35+)
Christian Walker,572233,/api/v1/people/572233,2025,34,HOU,AL,1B,154,640,585,72,139,24,1,27,88,2,40,177,11,4,0.238,0.297,0.421,0.718,98.5,1,christian walker,Christian Walker,HOU,1B,20000000.0,20000000.0,20000000.0,both,0.31515048442488947,0.4038090233649428,98.5,0.0422,0.0625,0.2766,0.571,1.35,4.4,0.0359,740741.0,Veteran (30-34)
Trea Turner,607208,/api/v1/people/607208,2025,32,PHI,NL,SS,141,639,589,94,179,31,7,15,69,36,43,107,5,2,0.304,0.355,0.457,0.812,125.8,1,trea turner,Trea Turner,PHI,SS,27272727.0,27272727.0,27272727.0,both,0.31515048442488947,0.4038090233649428,125.8,0.0235,0.0673,0.1674,0.489,0.55,2.53,0.0298,1818182.0,Veteran (30-34)
CJ Abrams,682928,/api/v1/people/682928,2025,24,WSH,NL,SS,144,635,580,92,149,35,5,19,60,31,37,125,14,3,0.257,0.315,0.433,0.748,107.2,1,cj abrams,CJ Abrams,WSH,SS,780600.0,780600.0,780600.0,both,0.31515048442488947,0.4038090233649428,107.2,0.0299,0.0583,0.1969,0.417,24.3403,76.864,0.9582,41084.0,U25
Lawrence Butler,671732,/api/v1/people/671732,2025,24,ATH,AL,RF,152,630,569,83,133,30,2,21,63,22,59,179,0,0,0.234,0.306,0.404,0.71,97.1,1,lawrence butler,Lawrence Butler,ATH,RF,2250000.0,5250000.0,2678571.0,both,0.31515048442488947,0.4038090233649428,97.1,0.0333,0.0937,0.2841,0.414,9.3333,28.0,0.3156,107143.0,U25
Bo Bichette,666182,/api/v1/people/666182,2025,27,TOR,AL,SS,139,628,582,78,181,44,1,18,94,4,40,91,3,3,0.311,0.357,0.483,0.84,132.9,1,bo bichette,Bo Bichette,TOR,SS,16500000.0,16500000.0,17583334.0,both,0.31515048442488947,0.4038090233649428,132.9,0.0287,0.0637,0.1449,0.676,1.0909,5.697,0.0509,916667.0,Prime (25-29)
Gleyber Torres,650402,/api/v1/people/650402,2025,28,DET,AL,2B,145,628,532,79,136,22,0,16,74,4,85,101,4,7,0.256,0.358,0.387,0.745,109.4,1,gleyber torres,Gleyber Torres,DET,2B,15000000.0,15000000.0,15000000.0,both,0.31515048442488947,0.4038090233649428,109.4,0.0255,0.1354,0.1608,0.51,1.0667,4.9333,0.0497,937500.0,Prime (25-29)
Freddie Freeman,518692,/api/v1/people/518692,2025,35,LAD,NL,1B,147,627,556,81,164,39,2,24,90,6,60,128,6,5,0.295,0.367,0.502,0.869,140.8,1,freddie freeman,Freddie Freeman,LAD,1B,27000000.0,15000000.0,22704674.0,both,0.31515048442488947,0.4038090233649428,140.8,0.0383,0.0957,0.2041,0.612,0.8889,3.3333,0.0322,1125000.0,Late (35+)
Andy Pages,681624,/api/v1/people/681624,2025,24,LAD,NL,CF,156,624,581,74,158,27,1,27,86,14,29,135,8,6,0.272,0.313,0.461,0.774,113.5,1,andy pages,Andy Pages,LAD,CF,770000.0,770000.0,770000.0,both,0.31515048442488947,0.4038090233649428,113.5,0.0433,0.0465,0.2163,0.551,35.0649,111.6883,1.0052,28519.0,U25
Tyler Soderstrom,691016,/api/v1/people/691016,2025,23,ATH,AL,LF,158,624,561,75,155,34,1,25,93,8,55,141,6,2,0.276,0.346,0.474,0.82,127.2,1,tyler soderstrom,Tyler Soderstrom,ATH,1B,765000.0,765000.0,765000.0,both,0.31515048442488947,0.4038090233649428,127.2,0.0401,0.0881,0.226,0.589,32.6797,121.5686,1.0719,30600.0,U25
Xavier Edwards,669364,/api/v1/people/669364,2025,25,MIA,NL,2B,139,619,561,75,159,20,5,3,43,27,49,88,3,3,0.283,0.343,0.353,0.696,96.3,1,xavier edwards,Xavier Edwards,MIA,SS,772000.0,772000.0,772000.0,both,0.31515048442488947,0.4038090233649428,96.3,0.0048,0.0792,0.1422,0.309,3.886,55.6995,0.9016,257333.0,Prime (25-29)
Jung Hoo Lee,808982,/api/v1/people/808982,2025,26,SF,NL,CF,150,617,560,73,149,31,12,8,55,10,47,71,6,4,0.266,0.327,0.407,0.734,104.6,1,jung hoo lee,Jung Hoo Lee,SF,CF,16000000.0,16000000.0,17250000.0,both,0.31515048442488947,0.4038090233649428,104.6,0.013,0.0762,0.1151,0.367,0.5,3.4375,0.0459,2000000.0,Prime (25-29)
Nathaniel Lowe,663993,/api/v1/people/663993,2025,29,BOS,AL,1B,153,609,540,64,123,23,3,18,84,1,62,159,2,5,0.228,0.307,0.381,0.688,91.8,2,nathaniel lowe,Nathaniel Lowe,BOS,1B,760000.0,171613.0,760000.0,both,0.31515048442488947,0.4038090233649428,91.8,0.0296,0.1018,0.2611,0.549,23.6842,110.5263,0.9053,42222.0,Prime (25-29)
Josh Naylor,647304,/api/v1/people/647304,2025,28,SEA,AL,1B,147,604,543,81,160,29,1,20,92,30,48,83,4,5,0.295,0.353,0.462,0.815,126.4,2,josh naylor,Josh Naylor,SEA,1B/OF,10900000.0,3867742.0,10900000.0,both,0.31515048442488947,0.4038090233649428,126.4,0.0331,0.0795,0.1374,0.626,1.8349,8.4404,0.0748,545000.0,Prime (25-29)
Kyle Tucker,663656,/api/v1/people/663656,2025,28,CHC,NL,RF,136,597,500,91,133,25,4,22,73,25,87,88,4,3,0.266,0.377,0.464,0.841,134.5,1,kyle tucker,Kyle Tucker,CHC,RF,16500000.0,16500000.0,16500000.0,both,0.31515048442488947,0.4038090233649428,134.5,0.0369,0.1457,0.1474,0.537,1.3333,4.4242,0.051,750000.0,Prime (25-29)
Anthony Volpe,683011,/api/v1/people/683011,2025,24,NYY,AL,SS,153,596,539,65,114,32,4,19,72,18,43,150,4,7,0.212,0.272,0.391,0.663,83.1,1,anthony volpe,Anthony Volpe,NYY,SS,879000.0,879000.0,879000.0,both,0.31515048442488947,0.4038090233649428,83.1,0.0319,0.0721,0.2517,0.471,21.6155,81.9113,0.7543,46263.0,U25
Sal Frelick,686217,/api/v1/people/686217,2025,25,MIL,NL,RF,142,594,528,76,152,20,3,12,63,19,47,80,7,5,0.288,0.351,0.405,0.756,111.7,1,sal frelick,Sal Frelick,MIL,LF,771800.0,771800.0,771800.0,both,0.31515048442488947,0.4038090233649428,111.7,0.0202,0.0791,0.1347,0.444,15.5481,81.6274,0.9795,64317.0,Prime (25-29)
Otto Lopez,672640,/api/v1/people/672640,2025,26,MIA,NL,SS,143,594,544,66,134,21,0,15,77,15,44,82,3,3,0.246,0.305,0.368,0.673,87.9,1,otto lopez,Otto Lopez,MIA,2B,778500.0,736645.0,778500.0,both,0.31515048442488947,0.4038090233649428,87.9,0.0253,0.0741,0.138,0.538,19.2678,98.9082,0.8645,51900.0,Prime (25-29)
Michael Busch,683737,/api/v1/people/683737,2025,27,CHC,NL,1B,155,592,524,78,137,25,5,34,90,4,56,139,10,2,0.261,0.343,0.523,0.866,138.4,1,michael busch,Michael Busch,CHC,1B,780500.0,780500.0,780500.0,both,0.31515048442488947,0.4038090233649428,138.4,0.0574,0.0946,0.2348,0.581,43.5618,115.3107,1.1095,22956.0,Prime (25-29)
Marcell Ozuna,542303,/api/v1/people/542303,2025,34,ATL,NL,DH,145,592,487,61,113,19,0,21,68,0,94,144,3,7,0.232,0.355,0.4,0.755,111.7,1,marcell ozuna,Marcell Ozuna,ATL,DH,16000000.0,16000000.0,16000000.0,both,0.31515048442488947,0.4038090233649428,111.7,0.0355,0.1588,0.2432,0.469,1.3125,4.25,0.0472,761905.0,Veteran (30-34)
Nick Castellanos,592206,/api/v1/people/592206,2025,33,PHI,NL,RF,147,589,547,72,137,27,2,17,72,4,32,133,4,6,0.25,0.294,0.4,0.694,92.3,1,nick castellanos,Nick Castellanos,PHI,RF,20000000.0,20000000.0,20000000.0,both,0.31515048442488947,0.4038090233649428,92.3,0.0289,0.0543,0.2258,0.49,0.85,3.6,0.0347,1176471.0,Veteran (30-34)
Jackson Chourio,694192,/api/v1/people/694192,2025,21,MIL,NL,CF,131,589,549,88,148,35,4,21,78,21,30,121,3,6,0.27,0.308,0.463,0.771,112.4,1,jackson chourio,Jackson Chourio,MIL,LF/RF,4000000.0,4000000.0,4250000.0,both,0.31515048442488947,0.4038090233649428,112.4,0.0357,0.0509,0.2054,0.595,5.25,19.5,0.1928,190476.0,U25
Jordan Beck,687597,/api/v1/people/687597,2025,24,COL,NL,LF,148,588,539,62,139,27,5,16,53,19,43,174,4,1,0.258,0.317,0.416,0.733,103.6,1,jordan beck,Jordan Beck,COL,LF,762000.0,712838.0,762000.0,both,0.31515048442488947,0.4038090233649428,103.6,0.0272,0.0731,0.2959,0.358,20.9974,69.5538,0.9619,47625.0,U25
Ernie Clement,676391,/api/v1/people/676391,2025,29,TOR,AL,3B,157,588,545,83,151,35,2,9,50,6,27,61,4,5,0.277,0.313,0.398,0.711,97.9,1,ernie clement,Ernie Clement,TOR,3B,1970000.0,1970000.0,1970000.0,both,0.31515048442488947,0.4038090233649428,97.9,0.0153,0.0459,0.1037,0.318,4.5685,25.3807,0.3609,218889.0,Prime (25-29)
Ceddanne Rafaela,678882,/api/v1/people/678882,2025,24,BOS,AL,CF,156,587,546,84,136,34,4,16,63,20,28,117,8,2,0.249,0.295,0.414,0.709,96.1,1,ceddanne rafaela,Ceddanne Rafaela,BOS,CF,1000000.0,1000000.0,1250000.0,both,0.31515048442488947,0.4038090233649428,96.1,0.0273,0.0477,0.1993,0.404,16.0,63.0,0.709,62500.0,U25
Ryan McMahon,641857,/api/v1/people/641857,2025,30,NYY,AL,3B,154,586,509,62,109,23,1,20,53,3,70,189,4,3,0.214,0.312,0.381,0.693,93.4,2,ryan mcmahon,Ryan McMahon,NYY,3B,12000000.0,4193540.0,12000000.0,both,0.31515048442488947,0.4038090233649428,93.4,0.0341,0.1195,0.3225,0.344,1.6667,4.4167,0.0578,600000.0,Veteran (30-34)
George Springer,543807,/api/v1/people/543807,2025,35,TOR,AL,DH,140,586,498,106,154,27,1,32,84,18,69,111,8,4,0.309,0.399,0.56,0.959,165.3,1,george springer,George Springer,TOR,CF,22500000.0,22550000.0,24216667.0,both,0.31515048442488947,0.4038090233649428,165.3,0.0546,0.1177,0.1894,0.6,1.4222,3.7333,0.0426,703125.0,Late (35+)
Agustín Ramírez,682663,/api/v1/people/682663,2025,23,MIA,NL,C,136,585,537,72,124,33,1,21,67,16,36,113,8,4,0.231,0.287,0.413,0.7,93.3,1,agustin ramirez,Agustin Ramirez,MIA,C,760000.0,657850.0,760000.0,both,0.31515048442488947,0.4038090233649428,93.3,0.0359,0.0615,0.1932,0.493,27.6316,88.1579,0.9211,36190.0,U25
Carlos Correa,621043,/api/v1/people/621043,2025,30,HOU,AL,3B,144,584,537,63,148,29,0,13,52,0,45,113,1,1,0.276,0.332,0.402,0.734,104.9,2,carlos correa,Carlos Correa,HOU,3B,36000000.0,8419355.0,37333333.0,both,0.31515048442488947,0.4038090233649428,104.9,0.0223,0.0771,0.1935,0.361,0.3611,1.4444,0.0204,2769231.0,Veteran (30-34)
Lars Nootbaar,663457,/api/v1/people/663457,2025,27,STL,NL,LF,135,583,509,68,119,24,1,13,48,4,64,119,6,3,0.234,0.325,0.361,0.686,92.5,1,lars nootbaar,Lars Nootbaar,STL,LF,2950000.0,2950000.0,2950000.0,both,0.31515048442488947,0.4038090233649428,92.5,0.0223,0.1098,0.2041,0.356,4.4068,16.2712,0.2325,226923.0,Prime (25-29)
Trent Grisham,663757,/api/v1/people/663757,2025,28,NYY,AL,CF,143,581,494,87,116,9,1,34,74,3,82,137,4,1,0.235,0.348,0.464,0.812,125.3,1,trent grisham,Trent Grisham,NYY,CF,5000000.0,5250000.0,5250000.0,both,0.31515048442488947,0.4038090233649428,125.3,0.0585,0.1411,0.2358,0.517,6.8,14.8,0.1624,147059.0,Prime (25-29)
Bryce Harper,547180,/api/v1/people/547180,2025,32,PHI,NL,1B,132,580,501,72,131,32,0,27,75,12,70,121,6,3,0.261,0.357,0.487,0.844,133.9,1,bryce harper,Bryce Harper,PHI,1B,26000000.0,26000000.0,27538462.0,both,0.31515048442488947,0.4038090233649428,133.9,0.0466,0.1207,0.2086,0.568,1.0385,2.8846,0.0325,962963.0,Veteran (30-34)
Hunter Goodman,696100,/api/v1/people/696100,2025,25,COL,NL,C,144,579,540,73,150,28,5,31,91,1,33,152,4,2,0.278,0.323,0.52,0.843,131.3,1,hunter goodman,Hunter Goodman,COL,RF,765000.0,765000.0,765000.0,both,0.31515048442488947,0.4038090233649428,131.3,0.0535,0.057,0.2625,0.632,40.5229,118.9542,1.102,24677.0,Prime (25-29)
Matt McLain,680574,/api/v1/people/680574,2025,25,CIN,NL,2B,147,577,510,73,112,18,0,15,50,18,55,167,5,4,0.22,0.3,0.343,0.643,80.1,1,matt mclain,Matt McLain,CIN,2B,770000.0,770000.0,770000.0,both,0.31515048442488947,0.4038090233649428,80.1,0.026,0.0953,0.2894,0.34,19.4805,64.9351,0.8351,51333.0,Prime (25-29)
Jo Adell,666176,/api/v1/people/666176,2025,26,LAA,AL,CF,152,573,526,63,124,18,1,37,98,5,33,151,10,1,0.236,0.293,0.485,0.778,113.1,1,jo adell,Jo Adell,LAA,CF,2100000.0,2100000.0,2100000.0,both,0.31515048442488947,0.4038090233649428,113.1,0.0646,0.0576,0.2635,0.645,17.619,46.6667,0.3705,56757.0,Prime (25-29)
Wyatt Langford,694671,/api/v1/people/694671,2025,23,TEX,AL,LF,134,573,489,73,118,25,1,22,62,22,74,151,5,5,0.241,0.344,0.431,0.775,115.9,1,wyatt langford,Wyatt Langford,TEX,LF,773500.0,773500.0,773500.0,both,0.31515048442488947,0.4038090233649428,115.9,0.0384,0.1291,0.2635,0.463,28.4421,80.1551,1.0019,35159.0,U25
Ke'Bryan Hayes,663647,/api/v1/people/663647,2025,28,CIN,NL,3B,152,570,527,50,124,16,3,5,49,12,36,111,5,1,0.235,0.29,0.306,0.596,67.8,2,kebryan hayes,Ke'Bryan Hayes,CIN,3B,7000000.0,2258040.0,7000000.0,both,0.31515048442488947,0.4038090233649428,67.8,0.0088,0.0632,0.1947,0.322,0.7143,7.0,0.0851,1400000.0,Prime (25-29)
Miguel Vargas,678246,/api/v1/people/678246,2025,25,CWS,AL,3B,138,569,504,80,118,32,2,16,60,6,56,100,6,3,0.234,0.316,0.401,0.717,99.6,1,miguel vargas,Miguel Vargas,CHW,3B,770400.0,770400.0,770400.0,both,0.31515048442488947,0.4038090233649428,99.6,0.0281,0.0984,0.1757,0.435,20.7684,77.8816,0.9307,48150.0,Prime (25-29)
Spencer Steer,668715,/api/v1/people/668715,2025,27,CIN,NL,1B,146,568,509,66,121,21,2,21,75,7,51,129,5,2,0.238,0.312,0.411,0.723,100.8,1,spencer steer,Spencer Steer,CIN,1B,780000.0,780000.0,780000.0,both,0.31515048442488947,0.4038090233649428,100.8,0.037,0.0898,0.2271,0.514,26.9231,96.1538,0.9269,37143.0,Prime (25-29)
Yainer Diaz,673237,/api/v1/people/673237,2025,26,HOU,AL,C,143,567,542,56,139,25,1,20,70,1,20,95,2,3,0.256,0.284,0.417,0.701,93.4,1,yainer diaz,Yainer Diaz,HOU,C,805600.0,805600.0,805600.0,both,0.31515048442488947,0.4038090233649428,93.4,0.0353,0.0353,0.1675,0.49,24.8262,86.8918,0.8702,40280.0,Prime (25-29)
Jonathan India,663697,/api/v1/people/663697,2025,28,KC,AL,2B,136,567,497,63,116,29,0,9,45,0,54,106,13,2,0.233,0.323,0.346,0.669,88.2,1,jonathan india,Jonathan India,KC,DH,7050000.0,7050000.0,7050000.0,both,0.31515048442488947,0.4038090233649428,88.2,0.0159,0.0952,0.1869,0.331,1.2766,6.383,0.0949,783333.0,Prime (25-29)
Trevor Larnach,663616,/api/v1/people/663616,2025,28,MIN,AL,DH,142,567,503,62,126,24,1,17,60,4,53,122,4,6,0.25,0.323,0.404,0.727,102.5,1,trevor larnach,Trevor Larnach,MIN,DH,2100000.0,2100000.0,2100000.0,both,0.31515048442488947,0.4038090233649428,102.5,0.03,0.0935,0.2152,0.423,8.0952,28.5714,0.3462,123529.0,Prime (25-29)
Nolan Schanuel,694384,/api/v1/people/694384,2025,23,LAA,AL,1B,132,564,488,64,129,23,1,12,53,5,59,71,10,4,0.264,0.353,0.389,0.742,108.3,1,nolan schanuel,Nolan Schanuel,LAA,1B,780000.0,780000.0,780000.0,both,0.31515048442488947,0.4038090233649428,108.3,0.0213,0.1046,0.1259,0.402,15.3846,67.9487,0.9513,65000.0,U25
Willson Contreras,575929,/api/v1/people/575929,2025,33,STL,NL,1B,135,563,490,70,126,31,1,20,80,5,44,142,23,4,0.257,0.344,0.447,0.791,119.9,1,willson contreras,Willson Contreras,STL,1B,18000000.0,17419356.0,18000000.0,both,0.31515048442488947,0.4038090233649428,119.9,0.0355,0.0782,0.2522,0.593,1.1111,4.4444,0.0439,900000.0,Veteran (30-34)
Josh Smith,669701,/api/v1/people/669701,2025,27,TEX,AL,SS,144,563,495,70,124,23,2,10,35,12,55,100,8,1,0.251,0.335,0.366,0.701,96.9,1,josh smith,Josh H. Smith,TEX,SS/3B,780500.0,780500.0,780500.0,both,0.31515048442488947,0.4038090233649428,96.9,0.0178,0.0977,0.1776,0.243,12.8123,44.843,0.8981,78050.0,Prime (25-29)
Bryson Stott,681082,/api/v1/people/681082,2025,27,PHI,NL,2B,147,560,499,66,128,22,3,13,66,24,54,91,1,4,0.257,0.328,0.391,0.719,100.9,1,bryson stott,Bryson Stott,PHI,2B,3200000.0,3200000.0,3200000.0,both,0.31515048442488947,0.4038090233649428,100.9,0.0232,0.0964,0.1625,0.449,4.0625,20.625,0.2247,246154.0,Prime (25-29)
Mike Yastrzemski,573262,/api/v1/people/573262,2025,34,KC,AL,RF,147,558,477,68,111,28,1,17,46,7,72,108,2,5,0.233,0.333,0.403,0.736,105.5,2,mike yastrzemski,Mike Yastrzemski,KC,RF,9250000.0,1000000.0,9250000.0,both,0.31515048442488947,0.4038090233649428,105.5,0.0305,0.129,0.1935,0.313,1.8378,4.973,0.0796,544118.0,Veteran (30-34)
Ketel Marte,606466,/api/v1/people/606466,2025,31,AZ,NL,2B,126,556,480,87,136,28,0,28,72,4,64,83,9,3,0.283,0.376,0.517,0.893,147.3,1,ketel marte,Ketel Marte,ARI,2B,14000000.0,14000000.0,14000000.0,both,0.31515048442488947,0.4038090233649428,147.3,0.0504,0.1151,0.1493,0.571,2.0,5.1429,0.0638,500000.0,Veteran (30-34)
Mike Trout,545361,/api/v1/people/545361,2025,33,LAA,AL,DH,130,556,456,73,106,14,1,26,64,2,87,178,6,6,0.232,0.359,0.439,0.798,122.6,1,mike trout,Mike Trout,LAA,RF,35450000.0,35450000.0,37116667.0,both,0.31515048442488947,0.4038090233649428,122.6,0.0468,0.1565,0.3201,0.492,0.7334,1.8054,0.0225,1363462.0,Veteran (30-34)
Zach Neto,687263,/api/v1/people/687263,2025,24,LAA,AL,SS,128,554,502,82,129,29,1,26,62,26,33,149,14,3,0.257,0.319,0.474,0.793,118.6,1,zach neto,Zach Neto,LAA,SS,780000.0,780000.0,780000.0,both,0.31515048442488947,0.4038090233649428,118.6,0.0469,0.0596,0.269,0.484,33.3333,79.4872,1.0167,30000.0,U25
Brandon Lowe,664040,/api/v1/people/664040,2025,30,TB,AL,2B,134,553,507,79,130,19,0,31,83,3,38,149,2,6,0.256,0.307,0.477,0.784,115.5,1,brandon lowe,Brandon Lowe,TB,2B,10500000.0,10500000.0,10500000.0,both,0.31515048442488947,0.4038090233649428,115.5,0.0561,0.0687,0.2694,0.619,2.9524,7.9048,0.0747,338710.0,Veteran (30-34)
Xander Bogaerts,593428,/api/v1/people/593428,2025,32,SD,NL,SS,136,552,491,63,129,30,0,11,53,20,48,94,4,8,0.263,0.328,0.391,0.719,100.9,1,xander bogaerts,Xander Bogaerts,SD,SS,25000000.0,25000000.0,25454545.0,both,0.31515048442488947,0.4038090233649428,100.9,0.0199,0.087,0.1703,0.39,0.44,2.12,0.0288,2272727.0,Veteran (30-34)
Andrew McCutchen,457705,/api/v1/people/457705,2025,38,PIT,NL,DH,135,551,477,51,114,22,0,13,57,1,67,118,2,3,0.239,0.333,0.367,0.7,96.5,1,andrew mccutchen,Andrew McCutchen,PIT,DH,5000000.0,5000000.0,5000000.0,both,0.31515048442488947,0.4038090233649428,96.5,0.0236,0.1216,0.2142,0.422,2.6,11.4,0.14,384615.0,Late (35+)
J.T. Realmuto,592663,/api/v1/people/592663,2025,34,PHI,NL,C,134,550,502,57,129,26,1,12,52,8,35,129,9,3,0.257,0.315,0.384,0.699,95.0,1,jt realmuto,J.T. Realmuto,PHI,C,23875000.0,23875000.0,23875000.0,both,0.31515048442488947,0.4038090233649428,95.0,0.0218,0.0636,0.2345,0.388,0.5026,2.178,0.0293,1989583.0,Veteran (30-34)
Adolis García,666969,/api/v1/people/666969,2025,32,TEX,AL,RF,135,547,507,58,115,28,0,19,75,13,28,135,5,7,0.227,0.271,0.394,0.665,83.6,1,adolis garcia,Adolis García,TEX,RF,10500000.0,10500000.0,10500000.0,both,0.31515048442488947,0.4038090233649428,83.6,0.0347,0.0512,0.2468,0.556,1.8095,7.1429,0.0633,552632.0,Veteran (30-34)
Alec Burleson,676475,/api/v1/people/676475,2025,26,STL,NL,1B,139,546,497,54,144,26,2,18,69,5,39,79,3,4,0.29,0.343,0.459,0.802,122.5,1,alec burleson,Alec Burleson,STL,1B/RF,778650.0,778650.0,778650.0,both,0.31515048442488947,0.4038090233649428,122.5,0.033,0.0714,0.1447,0.496,23.1169,88.6149,1.03,43258.0,Prime (25-29)
Lourdes Gurriel Jr.,666971,/api/v1/people/666971,2025,31,AZ,NL,LF,129,546,500,52,124,24,2,19,80,10,31,76,6,9,0.248,0.295,0.418,0.713,97.1,1,lourdes gurriel,Lourdes Gurriel Jr.,ARI,LF,14000000.0,14000000.0,14000000.0,both,0.31515048442488947,0.4038090233649428,97.1,0.0348,0.0568,0.1392,0.62,1.3571,5.7143,0.0509,736842.0,Veteran (30-34)
Teoscar Hernández,606192,/api/v1/people/606192,2025,32,LAD,NL,RF,134,546,511,65,126,29,1,25,89,5,26,134,3,5,0.247,0.284,0.454,0.738,102.5,1,teoscar hernandez,Teoscar Hernandez,LAD,RF,10000000.0,25500000.0,17666667.0,both,0.31515048442488947,0.4038090233649428,102.5,0.0458,0.0476,0.2454,0.664,2.5,8.9,0.0738,400000.0,Veteran (30-34)
Gavin Sheets,657757,/api/v1/people/657757,2025,29,SD,NL,LF,145,545,492,57,124,28,1,19,71,2,44,107,5,4,0.252,0.317,0.429,0.746,106.8,1,gavin sheets,Gavin Sheets,SD,DH,1600000.0,1600000.0,1600000.0,both,0.31515048442488947,0.4038090233649428,106.8,0.0349,0.0807,0.1963,0.49,11.875,44.375,0.4662,84211.0,Prime (25-29)
Oneil Cruz,665833,/api/v1/people/665833,2025,26,PIT,NL,CF,135,544,471,62,94,18,3,20,61,38,64,174,4,5,0.2,0.298,0.378,0.676,88.2,1,oneil cruz,Oneil Cruz,PIT,CF/SS,785000.0,785000.0,785000.0,both,0.31515048442488947,0.4038090233649428,88.2,0.0368,0.1176,0.3199,0.452,25.4777,77.707,0.8611,39250.0,Prime (25-29)
Ryan O'Hearn,656811,/api/v1/people/656811,2025,31,SD,NL,1B,144,544,474,67,133,21,1,17,63,3,58,109,8,4,0.281,0.366,0.437,0.803,124.4,2,ryan ohearn,Ryan O'Hearn,SD,DH,8000000.0,241075.0,8000000.0,both,0.31515048442488947,0.4038090233649428,124.4,0.0312,0.1066,0.2004,0.438,2.125,7.875,0.1004,470588.0,Veteran (30-34)
Lenyn Sosa,672820,/api/v1/people/672820,2025,25,CWS,AL,2B,140,544,518,57,137,20,1,22,75,2,18,127,4,3,0.264,0.293,0.434,0.727,100.4,1,lenyn sosa,Lenyn Sosa,CHW,2B/SS,770000.0,770000.0,770000.0,both,0.31515048442488947,0.4038090233649428,100.4,0.0404,0.0331,0.2335,0.536,28.5714,97.4026,0.9442,35000.0,Prime (25-29)
Jeremy Peña,665161,/api/v1/people/665161,2025,27,HOU,AL,SS,125,543,493,68,150,30,2,17,62,20,35,93,12,2,0.304,0.363,0.477,0.84,133.3,1,jeremy pena,Jeremy Pena,HOU,SS,4100000.0,4100000.0,4100000.0,both,0.31515048442488947,0.4038090233649428,133.3,0.0313,0.0645,0.1713,0.496,4.1463,15.122,0.2049,241176.0,Prime (25-29)
Byron Buxton,621439,/api/v1/people/621439,2025,31,MIN,AL,CF,126,542,488,97,129,21,7,35,83,24,41,148,7,6,0.264,0.327,0.551,0.878,140.2,1,byron buxton,Byron Buxton,MIN,CF,15000000.0,16000000.0,16142857.0,both,0.31515048442488947,0.4038090233649428,140.2,0.0646,0.0756,0.2731,0.659,2.3333,5.5333,0.0585,428571.0,Veteran (30-34)
Luis Rengifo,650859,/api/v1/people/650859,2025,28,LAA,AL,3B,147,541,501,55,119,16,3,9,43,10,33,104,3,3,0.238,0.287,0.335,0.622,74.0,1,luis rengifo,Luis Rengifo,LAA,2B,5950000.0,5950000.0,5950000.0,both,0.31515048442488947,0.4038090233649428,74.0,0.0166,0.061,0.1922,0.293,1.5126,7.2269,0.1045,661111.0,Prime (25-29)
Brenton Doyle,686668,/api/v1/people/686668,2025,27,COL,NL,CF,138,538,502,57,117,23,2,15,57,18,30,138,0,4,0.233,0.274,0.376,0.65,80.1,1,brenton doyle,Brenton Doyle,COL,CF/OF,765000.0,765000.0,765000.0,both,0.31515048442488947,0.4038090233649428,80.1,0.0279,0.0558,0.2565,0.413,19.6078,74.5098,0.8497,51000.0,Prime (25-29)
Masyn Winn,691026,/api/v1/people/691026,2025,23,STL,NL,SS,129,537,491,72,124,27,0,9,51,9,34,102,8,2,0.253,0.31,0.363,0.673,88.3,1,masyn winn,Masyn Winn,STL,SS,770850.0,770850.0,770850.0,both,0.31515048442488947,0.4038090233649428,88.3,0.0168,0.0633,0.1899,0.395,11.6754,66.1607,0.8731,85650.0,U25
Matt Chapman,656305,/api/v1/people/656305,2025,32,SF,NL,3B,128,535,454,76,105,23,2,21,61,9,71,126,6,4,0.231,0.34,0.43,0.77,114.4,1,matt chapman,Matt Chapman,SF,3B,25000000.0,26000000.0,25166667.0,both,0.31515048442488947,0.4038090233649428,114.4,0.0393,0.1327,0.2355,0.477,0.84,2.44,0.0308,1190476.0,Veteran (30-34)
Paul Goldschmidt,502671,/api/v1/people/502671,2025,37,NYY,AL,1B,146,534,489,76,134,31,1,10,45,5,36,100,4,2,0.274,0.328,0.403,0.731,103.9,1,paul goldschmidt,Paul Goldschmidt,NYY,1B,12500000.0,12500000.0,12500000.0,both,0.31515048442488947,0.4038090233649428,103.9,0.0187,0.0674,0.1873,0.308,0.8,3.6,0.0585,1250000.0,Late (35+)
Marcus Semien,543760,/api/v1/people/543760,2025,34,TEX,AL,2B,127,534,470,62,108,16,1,15,62,11,50,93,5,9,0.23,0.305,0.364,0.669,86.9,1,marcus semien,Marcus Semien,TEX,2B,26000000.0,26000000.0,26000000.0,both,0.31515048442488947,0.4038090233649428,86.9,0.0281,0.0936,0.1742,0.488,0.5769,2.3846,0.0257,1733333.0,Veteran (30-34)
Josh Bell,605137,/api/v1/people/605137,2025,32,WSH,NL,DH,140,533,468,54,111,16,1,22,63,0,57,88,5,3,0.237,0.325,0.417,0.742,106.4,1,josh bell,Josh Bell,WSH,DH/1B,6000000.0,6000000.0,6000000.0,both,0.31515048442488947,0.4038090233649428,106.4,0.0413,0.1069,0.1651,0.45,3.6667,10.5,0.1237,272727.0,Veteran (30-34)
Jazz Chisholm Jr.,665862,/api/v1/people/665862,2025,27,NYY,AL,2B,130,531,462,75,112,15,1,31,80,31,58,148,6,4,0.242,0.332,0.481,0.813,124.5,1,jazz chisholm,Jazz Chisholm,NYY,2B,5850000.0,5850000.0,5850000.0,both,0.31515048442488947,0.4038090233649428,124.5,0.0584,0.1092,0.2787,0.615,5.2991,13.6752,0.139,188710.0,Prime (25-29)
Kyle Manzardo,700932,/api/v1/people/700932,2025,24,CLE,AL,DH,142,531,470,47,110,19,2,27,70,2,48,135,8,5,0.234,0.313,0.455,0.768,112.0,1,kyle manzardo,Kyle Manzardo,CLE,DH,763200.0,763200.0,763200.0,both,0.31515048442488947,0.4038090233649428,112.0,0.0508,0.0904,0.2542,0.493,35.3774,91.7191,1.0063,28267.0,U25
Ben Rice,700250,/api/v1/people/700250,2025,26,NYY,AL,1B,138,530,467,74,119,28,4,26,65,3,50,100,9,2,0.255,0.337,0.499,0.836,130.5,1,ben rice,Ben Rice,NYY,DH,782800.0,782800.0,782800.0,both,0.31515048442488947,0.4038090233649428,130.5,0.0491,0.0943,0.1887,0.471,33.2141,83.0353,1.068,30108.0,Prime (25-29)
Brooks Lee,686797,/api/v1/people/686797,2025,24,MIN,AL,SS,139,527,487,50,115,15,1,16,64,3,31,92,4,5,0.236,0.285,0.37,0.655,82.1,1,brooks lee,Brooks Lee,MIN,3B,764450.0,764450.0,764450.0,both,0.31515048442488947,0.4038090233649428,82.1,0.0304,0.0588,0.1746,0.46,20.9301,83.7203,0.8568,47778.0,U25
Luis García Jr.,671277,/api/v1/people/671277,2025,25,WSH,NL,2B,139,526,488,67,123,28,1,16,66,14,27,84,2,9,0.252,0.289,0.412,0.701,93.7,1,luis garcia,Luis Garcia,WSH,2B,4500000.0,4500000.0,4500000.0,both,0.31515048442488947,0.4038090233649428,93.7,0.0304,0.0513,0.1597,0.475,3.5556,14.6667,0.1558,281250.0,Prime (25-29)
Jorge Polanco,593871,/api/v1/people/593871,2025,31,SEA,AL,DH,138,524,471,64,125,30,0,26,78,6,42,82,3,5,0.265,0.326,0.495,0.821,126.0,1,jorge polanco,Jorge Polanco,SEA,2B,7000000.0,9500000.0,9500000.0,both,0.31515048442488947,0.4038090233649428,126.0,0.0496,0.0802,0.1565,0.565,3.7143,11.1429,0.1173,269231.0,Veteran (30-34)
Shea Langeliers,669127,/api/v1/people/669127,2025,27,ATH,AL,C,123,523,481,73,133,32,0,31,72,7,36,103,1,5,0.277,0.325,0.536,0.861,135.9,1,shea langeliers,Shea Langeliers,ATH,C,770000.0,770000.0,770000.0,both,0.31515048442488947,0.4038090233649428,135.9,0.0593,0.0688,0.1969,0.585,40.2597,93.5065,1.1182,24839.0,Prime (25-29)
Jacob Wilson,805779,/api/v1/people/805779,2025,23,ATH,AL,SS,125,523,486,62,151,26,0,13,63,5,27,39,7,1,0.311,0.355,0.444,0.799,122.6,1,jacob wilson,Jacob Wilson,ATH,SS,760000.0,760000.0,760000.0,both,0.31515048442488947,0.4038090233649428,122.6,0.0249,0.0516,0.0746,0.504,17.1053,82.8947,1.0513,58462.0,U25
Jake Cronenworth,630105,/api/v1/people/630105,2025,31,SD,NL,2B,135,515,419,61,103,20,1,11,59,3,69,107,15,7,0.246,0.367,0.377,0.744,109.8,1,jake cronenworth,Jake Cronenworth,SD,2B,11000000.0,11000000.0,11285714.0,both,0.31515048442488947,0.4038090233649428,109.8,0.0214,0.134,0.2078,0.437,1.0,5.3636,0.0676,1000000.0,Veteran (30-34)
Brendan Donovan,680977,/api/v1/people/680977,2025,28,STL,NL,2B,118,515,460,64,132,32,0,10,50,3,42,67,7,4,0.287,0.353,0.422,0.775,116.5,1,brendan donovan,Brendan Donovan,STL,2B,2850000.0,2850000.0,2850000.0,both,0.31515048442488947,0.4038090233649428,116.5,0.0194,0.0816,0.1301,0.424,3.5088,17.5439,0.2719,285000.0,Prime (25-29)
Eric Wagaman,676572,/api/v1/people/676572,2025,27,MIA,NL,1B,140,514,476,56,119,28,3,9,53,4,32,100,1,5,0.25,0.296,0.378,0.674,87.5,1,eric wagaman,Eric Wagaman,MIA,1B,770000.0,770000.0,770000.0,both,0.31515048442488947,0.4038090233649428,87.5,0.0175,0.0623,0.1946,0.379,11.6883,68.8312,0.8753,85556.0,Prime (25-29)
Josh Jung,673962,/api/v1/people/673962,2025,27,TEX,AL,3B,131,511,482,53,121,23,1,14,61,4,27,129,2,0,0.251,0.294,0.39,0.684,89.9,1,josh jung,Josh Jung,TEX,3B,780500.0,726105.0,780500.0,both,0.31515048442488947,0.4038090233649428,89.9,0.0274,0.0528,0.2524,0.466,17.9372,78.155,0.8764,55750.0,Prime (25-29)
Zach McKinstry,656716,/api/v1/people/656716,2025,30,DET,AL,3B,144,511,452,68,117,23,11,12,49,19,46,111,7,5,0.259,0.333,0.438,0.771,114.1,1,zach mckinstry,Zach McKinstry,DET,3B,1650000.0,1650000.0,1650000.0,both,0.31515048442488947,0.4038090233649428,114.1,0.0235,0.09,0.2172,0.34,7.2727,29.697,0.4673,137500.0,Veteran (30-34)
Caleb Durbin,702332,/api/v1/people/702332,2025,25,MIL,NL,3B,136,506,445,60,114,25,0,11,53,18,30,50,24,4,0.256,0.334,0.387,0.721,101.8,1,caleb durbin,Caleb Durbin,MIL,SS,760000.0,670107.0,760000.0,both,0.31515048442488947,0.4038090233649428,101.8,0.0217,0.0593,0.0988,0.39,14.4737,69.7368,0.9487,69091.0,Prime (25-29)
Alejandro Kirk,672386,/api/v1/people/672386,2025,26,TOR,AL,C,130,506,451,45,127,18,0,15,76,1,48,59,1,6,0.282,0.348,0.421,0.769,114.7,1,alejandro kirk,Alejandro Kirk,TOR,C,4600000.0,4600000.0,4600000.0,both,0.31515048442488947,0.4038090233649428,114.7,0.0296,0.0949,0.1166,0.585,3.2609,16.5217,0.1672,306667.0,Prime (25-29)
Joey Ortiz,687401,/api/v1/people/687401,2025,26,MIL,NL,SS,149,506,470,62,108,18,1,7,45,14,27,74,3,0,0.23,0.276,0.317,0.593,66.1,1,joey ortiz,Joey Ortiz,MIL,SS,776000.0,776000.0,776000.0,both,0.31515048442488947,0.4038090233649428,66.1,0.0138,0.0534,0.1462,0.302,9.0206,57.9897,0.7642,110857.0,Prime (25-29)
Chase Meidroth,805367,/api/v1/people/805367,2025,23,CWS,AL,SS,122,505,450,54,114,15,0,5,23,14,45,72,6,1,0.253,0.329,0.32,0.649,83.6,1,chase meidroth,Chase Meidroth,CHW,SS,760000.0,698709.0,760000.0,both,0.31515048442488947,0.4038090233649428,83.6,0.0099,0.0891,0.1426,0.189,6.5789,30.2632,0.8539,152000.0,U25
Alec Bohm,664761,/api/v1/people/664761,2025,28,PHI,NL,3B,120,504,464,53,133,18,3,11,59,2,29,82,5,6,0.287,0.331,0.409,0.74,106.3,1,alec bohm,Alec Bohm,PHI,3B,7700000.0,7700000.0,7700000.0,both,0.31515048442488947,0.4038090233649428,106.3,0.0218,0.0575,0.1627,0.492,1.4286,7.6623,0.0961,700000.0,Prime (25-29)
Gavin Lux,666158,/api/v1/people/666158,2025,27,CIN,NL,DH,140,503,446,49,120,28,2,5,53,1,56,114,0,1,0.269,0.35,0.374,0.724,103.7,1,gavin lux,Gavin Lux,CIN,LF,3325000.0,3325000.0,3325000.0,both,0.31515048442488947,0.4038090233649428,103.7,0.0099,0.1113,0.2266,0.379,1.5038,15.9398,0.2177,665000.0,Prime (25-29)
Addison Barger,680718,/api/v1/people/680718,2025,25,TOR,AL,3B,135,502,460,61,112,32,1,21,74,4,36,121,3,2,0.243,0.301,0.454,0.755,107.9,1,addison barger,Addison Barger,TOR,SS,760000.0,710533.0,760000.0,both,0.31515048442488947,0.4038090233649428,107.9,0.0418,0.0717,0.241,0.548,27.6316,97.3684,0.9934,36190.0,Prime (25-29)
Harrison Bader,664056,/api/v1/people/664056,2025,31,PHI,NL,CF,146,501,448,61,124,24,1,17,54,11,39,136,11,3,0.277,0.347,0.449,0.796,121.3,2,harrison bader,Harrison Bader,PHI,LF,4000000.0,2006720.0,5250000.0,both,0.31515048442488947,0.4038090233649428,121.3,0.0339,0.0778,0.2715,0.37,4.25,13.5,0.199,235294.0,Veteran (30-34)
Cedric Mullins,656775,/api/v1/people/656775,2025,30,NYM,NL,CF,133,498,435,58,94,23,1,17,59,22,50,120,4,6,0.216,0.299,0.391,0.69,91.7,2,cedric mullins,Cedric Mullins,NYM,CF,8725000.0,8725000.0,8725000.0,both,0.31515048442488947,0.4038090233649428,91.7,0.0341,0.1004,0.241,0.444,1.9484,6.7622,0.0791,513235.0,Veteran (30-34)
Jesús Sánchez,660821,/api/v1/people/660821,2025,27,HOU,AL,LF,134,497,451,61,107,21,4,14,48,13,42,110,2,2,0.237,0.304,0.395,0.699,94.3,2,jesus sanchez,Jesús Sánchez,HOU,LF,4500000.0,1427446.0,4500000.0,both,0.31515048442488947,0.4038090233649428,94.3,0.0282,0.0845,0.2213,0.358,3.1111,10.6667,0.1553,321429.0,Prime (25-29)
Alex Bregman,608324,/api/v1/people/608324,2025,31,BOS,AL,3B,114,495,433,64,118,28,0,18,62,1,51,70,9,2,0.273,0.36,0.462,0.822,128.6,1,alex bregman,Alex Bregman,BOS,3B,35000000.0,20000000.0,25000000.0,both,0.31515048442488947,0.4038090233649428,128.6,0.0364,0.103,0.1414,0.544,0.5143,1.7714,0.0235,1944444.0,Veteran (30-34)
Cam Smith,701358,/api/v1/people/701358,2025,22,HOU,AL,RF,134,493,441,55,104,21,3,9,51,8,43,137,7,2,0.236,0.312,0.358,0.67,87.7,1,cam smith,Cam Smith,HOU,RF,760000.0,760000.0,760000.0,both,0.31515048442488947,0.4038090233649428,87.7,0.0183,0.0872,0.2779,0.381,11.8421,67.1053,0.8816,84444.0,U25
Ty France,664034,/api/v1/people/664034,2025,30,TOR,AL,1B,138,490,444,50,114,25,0,7,52,1,22,83,21,3,0.257,0.32,0.36,0.68,90.7,2,ty france,Ty France,TOR,1B,1000000.0,317184.0,1000000.0,both,0.31515048442488947,0.4038090233649428,90.7,0.0143,0.0449,0.1694,0.377,7.0,52.0,0.68,142857.0,Veteran (30-34)
Nick Kurtz,701762,/api/v1/people/701762,2025,22,ATH,AL,1B,117,489,420,90,122,26,2,36,86,2,63,151,2,3,0.29,0.383,0.619,1.002,174.8,1,nick kurtz,Nick Kurtz,ATH,1B,760000.0,649677.0,760000.0,both,0.31515048442488947,0.4038090233649428,174.8,0.0736,0.1288,0.3088,0.735,47.3684,113.1579,1.3184,21111.0,U25
Ramón Laureano,657656,/api/v1/people/657656,2025,30,SD,NL,LF,132,488,441,72,124,26,2,24,76,7,35,119,8,4,0.281,0.342,0.512,0.854,135.3,2,ramon laureano,Ramon Laureano,SD,LF,4000000.0,241075.0,4000000.0,both,0.31515048442488947,0.4038090233649428,135.3,0.0492,0.0717,0.2439,0.576,6.0,19.0,0.2135,166667.0,Veteran (30-34)
Michael Conforto,624424,/api/v1/people/624424,2025,32,LAD,NL,LF,138,486,418,54,83,20,0,12,36,1,56,121,9,3,0.199,0.305,0.333,0.638,79.2,1,michael conforto,Michael Conforto,LAD,LF,8500000.0,17000000.0,17000000.0,both,0.31515048442488947,0.4038090233649428,79.2,0.0247,0.1152,0.249,0.261,1.4118,4.2353,0.0751,708333.0,Veteran (30-34)
Angel Martínez,682657,/api/v1/people/682657,2025,23,CLE,AL,CF,139,484,446,56,100,23,2,11,45,8,23,110,6,4,0.224,0.269,0.359,0.628,74.3,1,angel martinez,Angel Martinez,CLE,CF,760000.0,727037.0,760000.0,both,0.31515048442488947,0.4038090233649428,74.3,0.0227,0.0475,0.2273,0.324,14.4737,59.2105,0.8263,69091.0,U25
Jackson Merrill,701538,/api/v1/people/701538,2025,22,SD,NL,CF,115,483,440,59,116,25,6,16,67,1,33,108,4,5,0.264,0.317,0.457,0.774,113.8,1,jackson merrill,Jackson Merrill,SD,CF,809500.0,809500.0,809500.0,both,0.31515048442488947,0.4038090233649428,113.8,0.0331,0.0683,0.2236,0.583,19.7653,82.7671,0.9561,50594.0,U25
Max Kepler,596146,/api/v1/people/596146,2025,32,PHI,NL,LF,127,474,417,58,90,19,0,18,52,3,48,93,4,4,0.216,0.3,0.391,0.691,92.0,1,max kepler,Max Kepler,PHI,LF,10000000.0,10000000.0,10000000.0,both,0.31515048442488947,0.4038090233649428,92.0,0.038,0.1013,0.1962,0.409,1.8,5.2,0.0691,555556.0,Veteran (30-34)
Carlos Santana,467793,/api/v1/people/467793,2025,39,CHC,NL,1B,124,474,415,49,91,11,0,11,54,7,52,91,3,4,0.219,0.308,0.325,0.633,78.2,2,carlos santana,Carlos Santana,CHC,1B/DH,760000.0,114409.0,760000.0,both,0.31515048442488947,0.4038090233649428,78.2,0.0232,0.1097,0.192,0.435,14.4737,71.0526,0.8329,69091.0,Late (35+)
Gabriel Arias,672356,/api/v1/people/672356,2025,25,CLE,AL,SS,129,471,432,44,95,25,2,11,54,8,27,162,7,4,0.22,0.274,0.363,0.637,76.8,1,gabriel arias,Gabriel Arias,CLE,2B,770200.0,770200.0,770200.0,both,0.31515048442488947,0.4038090233649428,76.8,0.0234,0.0573,0.3439,0.419,14.282,70.1117,0.8271,70018.0,Prime (25-29)
Andrew Benintendi,643217,/api/v1/people/643217,2025,30,CWS,AL,LF,116,470,420,57,101,16,2,20,63,1,40,82,3,6,0.24,0.307,0.431,0.738,104.1,1,andrew benintendi,Andrew Benintendi,CHW,DH,16500000.0,16500000.0,17100000.0,both,0.31515048442488947,0.4038090233649428,104.1,0.0426,0.0851,0.1745,0.543,1.2121,3.8182,0.0447,825000.0,Veteran (30-34)
Dillon Dingler,693307,/api/v1/people/693307,2025,26,DET,AL,C,126,469,435,54,121,21,2,13,57,0,23,110,9,1,0.278,0.327,0.425,0.752,109.0,1,dillon dingler,Dillon Dingler,DET,C,762600.0,762600.0,762600.0,both,0.31515048442488947,0.4038090233649428,109.0,0.0277,0.049,0.2345,0.452,17.0469,74.7443,0.9861,58662.0,Prime (25-29)
Alek Thomas,677950,/api/v1/people/677950,2025,25,AZ,NL,CF,143,469,433,51,108,19,3,9,38,7,21,122,5,4,0.249,0.289,0.37,0.659,83.3,1,alek thomas,Alek Thomas,ARI,CF,793000.0,793000.0,793000.0,both,0.31515048442488947,0.4038090233649428,83.3,0.0192,0.0448,0.2601,0.266,11.3493,47.9193,0.831,88111.0,Prime (25-29)
Colt Keith,690993,/api/v1/people/690993,2025,23,DET,AL,DH,137,468,414,65,106,22,2,13,45,1,48,102,2,4,0.256,0.333,0.413,0.746,107.9,1,colt keith,Colt Keith,DET,2B/1B,3500000.0,3500000.0,3833333.0,both,0.31515048442488947,0.4038090233649428,107.9,0.0278,0.1026,0.2179,0.328,3.7143,12.8571,0.2131,269231.0,U25
Kerry Carpenter,681481,/api/v1/people/681481,2025,27,DET,AL,RF,130,464,433,66,109,18,5,26,62,1,18,106,7,2,0.252,0.291,0.497,0.788,115.4,1,kerry carpenter,Kerry Carpenter,DET,RF,796800.0,796800.0,796800.0,both,0.31515048442488947,0.4038090233649428,115.4,0.056,0.0388,0.2284,0.477,32.6305,77.8112,0.989,30646.0,Prime (25-29)
Ryan Jeffers,680777,/api/v1/people/680777,2025,28,MIN,AL,C,119,464,406,47,108,26,0,9,47,1,50,91,7,1,0.266,0.356,0.397,0.753,111.3,1,ryan jeffers,Ryan Jeffers,MIN,C,4550000.0,4550000.0,4550000.0,both,0.31515048442488947,0.4038090233649428,111.3,0.0194,0.1078,0.1961,0.395,1.978,10.3297,0.1655,505556.0,Prime (25-29)
Wilmer Flores,527038,/api/v1/people/527038,2025,33,SF,NL,DH,125,463,419,44,101,10,0,16,71,1,34,88,7,3,0.241,0.307,0.379,0.686,91.3,1,wilmer flores,Wilmer Flores,SF,1B,3500000.0,3500000.0,3500000.0,both,0.31515048442488947,0.4038090233649428,91.3,0.0346,0.0734,0.1901,0.568,4.5714,20.2857,0.196,218750.0,Veteran (30-34)
Victor Scott II,687363,/api/v1/people/687363,2025,24,STL,NL,CF,138,463,398,54,86,15,1,5,37,34,42,111,10,3,0.216,0.305,0.296,0.601,70.1,1,victor scott,Victor Scott II,STL,CF,764150.0,764150.0,764150.0,both,0.31515048442488947,0.4038090233649428,70.1,0.0108,0.0907,0.2397,0.268,6.5432,48.4198,0.7865,152830.0,U25
Mark Vientos,668901,/api/v1/people/668901,2025,25,NYM,NL,3B,121,463,424,44,99,21,2,17,61,1,30,115,5,4,0.233,0.289,0.413,0.702,94.0,1,mark vientos,Mark Vientos,NYM,3B,788750.0,788750.0,788750.0,both,0.31515048442488947,0.4038090233649428,94.0,0.0367,0.0648,0.2484,0.504,21.5531,77.3376,0.89,46397.0,Prime (25-29)
Jeff McNeil,643446,/api/v1/people/643446,2025,33,NYM,NL,2B,122,462,399,42,97,21,5,12,54,3,49,55,8,4,0.243,0.335,0.411,0.746,108.1,1,jeff mcneil,Jeff McNeil,NYM,2B,15750000.0,15750000.0,15750000.0,both,0.31515048442488947,0.4038090233649428,108.1,0.026,0.1061,0.119,0.443,0.7619,3.4286,0.0474,1312500.0,Veteran (30-34)
Mickey Moniak,666160,/api/v1/people/666160,2025,27,COL,NL,RF,135,461,434,62,117,20,8,24,68,9,22,110,2,3,0.27,0.306,0.518,0.824,125.4,1,mickey moniak,Mickey Moniak,COL,CF,1250000.0,1250000.0,1250000.0,both,0.31515048442488947,0.4038090233649428,125.4,0.0521,0.0477,0.2386,0.504,19.2,54.4,0.6592,52083.0,Prime (25-29)
Adam Frazier,624428,/api/v1/people/624428,2025,33,KC,AL,2B,134,459,419,43,112,20,0,7,44,8,26,81,8,5,0.267,0.319,0.365,0.684,91.6,2,adam frazier,Adam Frazier,KC,2B/RF/DH,1525000.0,606726.0,1525000.0,both,0.31515048442488947,0.4038090233649428,91.6,0.0153,0.0566,0.1765,0.328,4.5902,28.8525,0.4485,217857.0,Veteran (30-34)
Isiah Kiner-Falefa,643396,/api/v1/people/643396,2025,30,TOR,AL,2B,138,459,431,45,113,21,2,2,40,15,17,77,5,1,0.262,0.297,0.334,0.631,77.0,2,isiah kinerfalefa,Isiah Kiner-Falefa,TOR,SS/3B,7500000.0,1129044.0,7500000.0,both,0.31515048442488947,0.4038090233649428,77.0,0.0044,0.037,0.1678,0.29,0.2667,5.3333,0.0841,3750000.0,Veteran (30-34)
Kyle Stowers,669065,/api/v1/people/669065,2025,27,MIA,NL,LF,117,457,399,61,115,21,3,25,73,5,48,125,5,4,0.288,0.368,0.544,0.912,151.5,1,kyle stowers,Kyle Stowers,MIA,RF,768200.0,768200.0,768200.0,both,0.31515048442488947,0.4038090233649428,151.5,0.0547,0.105,0.2735,0.624,32.5436,95.0273,1.1872,30728.0,Prime (25-29)
Willi Castro,650489,/api/v1/people/650489,2025,28,CHC,NL,RF,120,454,402,58,91,17,3,11,33,10,40,111,11,0,0.226,0.313,0.366,0.679,90.0,2,willi castro,Willi Castro,CHC,2B,6400000.0,2030131.0,6400000.0,both,0.31515048442488947,0.4038090233649428,90.0,0.0242,0.0881,0.2445,0.275,1.7188,5.1562,0.1061,581818.0,Prime (25-29)
Patrick Bailey,672275,/api/v1/people/672275,2025,26,SF,NL,C,135,452,409,47,91,18,3,6,55,1,30,133,3,6,0.222,0.277,0.325,0.602,68.4,1,patrick bailey,Patrick Bailey,SF,C,780000.0,780000.0,780000.0,both,0.31515048442488947,0.4038090233649428,68.4,0.0133,0.0664,0.2942,0.407,7.6923,70.5128,0.7718,130000.0,Prime (25-29)
Iván Herrera,671056,/api/v1/people/671056,2025,25,STL,NL,DH,107,452,388,54,110,13,0,19,66,8,43,84,15,4,0.284,0.373,0.464,0.837,133.3,1,ivan herrera,Iván Herrera,STL,C,770300.0,770300.0,770300.0,both,0.31515048442488947,0.4038090233649428,133.3,0.042,0.0951,0.1858,0.617,24.6657,85.6809,1.0866,40542.0,Prime (25-29)
Logan O'Hoppe,681351,/api/v1/people/681351,2025,25,LAA,AL,C,119,451,423,35,90,8,1,19,43,2,24,139,2,1,0.213,0.258,0.371,0.629,73.7,1,logan ohoppe,Logan O'Hoppe,LAA,C,790000.0,790000.0,790000.0,both,0.31515048442488947,0.4038090233649428,73.7,0.0421,0.0532,0.3082,0.361,24.0506,54.4304,0.7962,41579.0,Prime (25-29)
Tommy Pham,502054,/api/v1/people/502054,2025,37,PIT,NL,LF,120,449,392,44,96,17,1,10,52,5,50,94,2,5,0.245,0.33,0.37,0.7,96.3,1,tommy pham,Tommy Pham,PIT,LF,4025000.0,4025000.0,4025000.0,both,0.31515048442488947,0.4038090233649428,96.3,0.0223,0.1114,0.2094,0.433,2.4845,12.9193,0.1739,402500.0,Late (35+)
Austin Wells,669224,/api/v1/people/669224,2025,25,NYY,AL,C,126,448,401,51,88,22,1,21,71,5,30,118,5,11,0.219,0.275,0.436,0.711,95.2,1,austin wells,Austin Wells,NYY,C,801400.0,801400.0,801400.0,both,0.31515048442488947,0.4038090233649428,95.2,0.0469,0.067,0.2634,0.563,26.2041,88.595,0.8872,38162.0,Prime (25-29)
Austin Riley,663586,/api/v1/people/663586,2025,28,ATL,NL,3B,102,447,416,54,108,20,1,16,54,2,27,128,3,1,0.26,0.309,0.428,0.737,104.0,1,austin riley,Austin Riley,ATL,3B,22000000.0,22000000.0,22000000.0,both,0.31515048442488947,0.4038090233649428,104.0,0.0358,0.0604,0.2864,0.529,0.7273,2.4545,0.0335,1375000.0,Prime (25-29)
Andrew Vaughn,683734,/api/v1/people/683734,2025,27,MIL,NL,1B,112,447,406,35,103,22,0,14,65,0,31,80,3,6,0.254,0.307,0.411,0.718,99.2,2,andrew vaughn,Andrew Vaughn,MIL,1B/OF,5850000.0,4602151.0,5850000.0,both,0.31515048442488947,0.4038090233649428,99.2,0.0313,0.0694,0.179,0.58,2.3932,11.1111,0.1227,417857.0,Prime (25-29)
Drake Baldwin,686948,/api/v1/people/686948,2025,24,ATL,NL,C,124,446,405,56,111,18,2,19,80,0,38,68,3,0,0.274,0.341,0.469,0.81,124.3,1,drake baldwin,Drake Baldwin,ATL,C,760000.0,760000.0,760000.0,both,0.31515048442488947,0.4038090233649428,124.3,0.0426,0.0852,0.1525,0.645,25.0,105.2632,1.0658,40000.0,U25
Carlos Narváez,665966,/api/v1/people/665966,2025,26,BOS,AL,C,118,446,403,51,97,27,0,15,50,1,38,111,1,2,0.241,0.306,0.419,0.725,100.9,1,carlos narvaez,Carlos Narvaez,BOS,C,763500.0,763500.0,763500.0,both,0.31515048442488947,0.4038090233649428,100.9,0.0336,0.0852,0.2489,0.424,19.6464,65.4879,0.9496,50900.0,Prime (25-29)
Corey Seager,608369,/api/v1/people/608369,2025,31,TEX,AL,SS,102,445,380,61,103,19,0,21,50,3,58,87,5,2,0.271,0.373,0.487,0.86,139.0,1,corey seager,Corey Seager,TEX,SS,32000000.0,32000000.0,32500000.0,both,0.31515048442488947,0.4038090233649428,139.0,0.0472,0.1303,0.1955,0.49,0.6562,1.5625,0.0269,1523810.0,Veteran (30-34)
Isaac Collins,686555,/api/v1/people/686555,2025,27,MIL,NL,LF,130,441,372,56,98,22,3,9,54,16,57,93,6,3,0.263,0.368,0.411,0.779,118.6,1,isaac collins,Isaac Collins,MIL,OF,761100.0,761100.0,761100.0,both,0.31515048442488947,0.4038090233649428,118.6,0.0204,0.1293,0.2109,0.415,11.825,70.9499,1.0235,84567.0,Prime (25-29)
Chandler Simpson,802415,/api/v1/people/802415,2025,24,TB,AL,CF,109,441,414,53,122,15,3,0,26,44,20,43,0,2,0.295,0.326,0.345,0.671,88.9,1,chandler simpson,Chandler Simpson,TB,2B,760000.0,584610.0,760000.0,both,0.31515048442488947,0.4038090233649428,88.9,0.0,0.0454,0.0975,0.239,0.0,34.2105,0.8829,,U25
Nathan Lukes,664770,/api/v1/people/664770,2025,30,TOR,AL,RF,135,438,388,55,99,19,2,12,65,2,38,60,2,3,0.255,0.323,0.407,0.73,103.3,1,nathan lukes,Nathan Lukes,TOR,CF,766800.0,766800.0,766800.0,both,0.31515048442488947,0.4038090233649428,103.3,0.0274,0.0868,0.137,0.481,15.6495,84.7679,0.952,63900.0,Veteran (30-34)
Isaac Paredes,670623,/api/v1/people/670623,2025,26,HOU,AL,3B,102,438,378,53,96,15,1,20,53,0,50,76,8,2,0.254,0.352,0.458,0.81,125.1,1,isaac paredes,Isaac Paredes,HOU,3B,6625000.0,6625000.0,6625000.0,both,0.31515048442488947,0.4038090233649428,125.1,0.0457,0.1142,0.1735,0.52,3.0189,8.0,0.1223,331250.0,Prime (25-29)
Javier Báez,595879,/api/v1/people/595879,2025,32,DET,AL,SS,126,437,417,55,107,17,3,12,57,5,10,109,6,3,0.257,0.282,0.398,0.68,88.0,1,javier baez,Javier Báez,DET,3B,25000000.0,25050000.0,25050000.0,both,0.31515048442488947,0.4038090233649428,88.0,0.0275,0.0229,0.2494,0.452,0.48,2.28,0.0272,2083333.0,Veteran (30-34)
Matt Shaw,807713,/api/v1/people/807713,2025,23,CHC,NL,3B,126,437,393,57,89,21,3,13,44,17,38,94,2,4,0.226,0.295,0.394,0.689,91.2,1,matt shaw,Matt Shaw,CHC,3B,760000.0,661935.0,760000.0,both,0.31515048442488947,0.4038090233649428,91.2,0.0297,0.087,0.2151,0.349,17.1053,57.8947,0.9066,58462.0,U25
Nolan Arenado,571448,/api/v1/people/571448,2025,34,STL,NL,3B,107,436,401,48,95,18,1,12,52,3,28,49,3,4,0.237,0.289,0.377,0.666,85.1,1,nolan arenado,Nolan Arenado,STL,3B,32000000.0,21000000.0,32000000.0,both,0.31515048442488947,0.4038090233649428,85.1,0.0275,0.0642,0.1124,0.486,0.375,1.625,0.0208,2666667.0,Veteran (30-34)
Will Smith,669257,/api/v1/people/669257,2025,30,LAD,NL,C,110,436,362,64,107,20,1,17,61,2,64,89,5,5,0.296,0.404,0.497,0.901,151.3,1,will smith,Will Smith,LAD,C,13000000.0,8000000.0,16000000.0,both,0.31515048442488947,0.4038090233649428,151.3,0.039,0.1468,0.2041,0.555,1.3077,4.6923,0.0693,764706.0,Veteran (30-34)
Josh Lowe,666139,/api/v1/people/666139,2025,27,TB,AL,RF,108,435,396,56,87,21,2,11,40,18,33,109,3,2,0.22,0.283,0.366,0.649,80.4,1,josh lowe,Josh Lowe,TB,RF,775100.0,775100.0,775100.0,both,0.31515048442488947,0.4038090233649428,80.4,0.0253,0.0759,0.2506,0.37,14.1917,51.6062,0.8373,70464.0,Prime (25-29)
Jonah Heim,641680,/api/v1/people/641680,2025,30,TEX,AL,C,124,433,395,38,84,14,0,11,43,3,32,88,1,4,0.213,0.271,0.332,0.603,68.2,1,jonah heim,Jonah Heim,TEX,C,4575000.0,4575000.0,4575000.0,both,0.31515048442488947,0.4038090233649428,68.2,0.0254,0.0739,0.2032,0.347,2.4044,9.3989,0.1318,415909.0,Veteran (30-34)
Brett Baty,683146,/api/v1/people/683146,2025,25,NYM,NL,3B,130,432,393,53,100,13,2,18,50,8,33,108,2,3,0.254,0.313,0.435,0.748,107.0,1,brett baty,Brett Baty,NYM,2B,774000.0,728225.0,774000.0,both,0.31515048442488947,0.4038090233649428,107.0,0.0417,0.0764,0.25,0.385,23.2558,64.5995,0.9664,43000.0,Prime (25-29)
Luis Robert Jr.,673357,/api/v1/people/673357,2025,27,CWS,AL,CF,110,431,382,52,85,12,0,14,53,33,40,112,2,3,0.223,0.297,0.364,0.661,84.4,1,luis robert,Luis Robert Jr.,CHW,CF,15000000.0,15000000.0,15000000.0,both,0.31515048442488947,0.4038090233649428,84.4,0.0325,0.0928,0.2599,0.482,0.9333,3.5333,0.0441,1071429.0,Prime (25-29)
Jasson Domínguez,691176,/api/v1/people/691176,2025,22,NYY,AL,LF,123,429,381,58,98,18,1,10,47,23,41,115,3,4,0.257,0.331,0.388,0.719,101.1,1,jasson dominguez,Jasson Domínguez,NYY,LF,774200.0,774200.0,774200.0,both,0.31515048442488947,0.4038090233649428,101.1,0.0233,0.0956,0.2681,0.382,12.9166,60.7078,0.9287,77420.0,U25
Tyler Freeman,671289,/api/v1/people/671289,2025,26,COL,NL,RF,110,428,377,50,106,20,2,2,31,18,34,51,11,4,0.281,0.354,0.361,0.715,101.7,1,tyler freeman,Tyler Freeman,COL,2B,775700.0,775700.0,775700.0,both,0.31515048442488947,0.4038090233649428,101.7,0.0047,0.0794,0.1192,0.282,2.5783,39.9639,0.9217,387850.0,Prime (25-29)
Jake Mangum,663968,/api/v1/people/663968,2025,29,TB,AL,LF,118,428,405,37,120,18,1,3,40,27,19,64,2,1,0.296,0.33,0.368,0.698,95.8,1,jake mangum,Jake Mangum,TB,CF,760000.0,751828.0,760000.0,both,0.31515048442488947,0.4038090233649428,95.8,0.007,0.0444,0.1495,0.339,3.9474,52.6316,0.9184,253333.0,Prime (25-29)
Brandon Marsh,669016,/api/v1/people/669016,2025,27,PHI,NL,CF,133,425,379,59,106,25,2,11,43,7,38,110,0,4,0.28,0.342,0.443,0.785,118.2,1,brandon marsh,Brandon Marsh,PHI,CF,3000000.0,3000000.0,3000000.0,both,0.31515048442488947,0.4038090233649428,118.2,0.0259,0.0894,0.2588,0.323,3.6667,14.3333,0.2617,272727.0,Prime (25-29)
Jonathan Aranda,666018,/api/v1/people/666018,2025,27,TB,AL,1B,106,422,370,56,117,22,0,14,59,0,41,107,8,3,0.316,0.393,0.489,0.882,145.8,1,jonathan aranda,Jonathan Aranda,TB,DH,766500.0,766500.0,766500.0,both,0.31515048442488947,0.4038090233649428,145.8,0.0332,0.0972,0.2536,0.557,18.2648,76.9733,1.1507,54750.0,Prime (25-29)
Daniel Schneemann,682177,/api/v1/people/682177,2025,28,CLE,AL,2B,131,422,379,48,78,18,1,12,41,9,38,117,3,1,0.206,0.283,0.354,0.637,77.5,1,daniel schneemann,Daniel Schneemann,CLE,SS,766000.0,766000.0,766000.0,both,0.31515048442488947,0.4038090233649428,77.5,0.0284,0.09,0.2773,0.313,15.6658,53.5248,0.8316,63833.0,Prime (25-29)
Carson Kelly,608348,/api/v1/people/608348,2025,30,CHC,NL,C,111,421,369,48,92,13,1,17,50,2,45,80,3,4,0.249,0.333,0.428,0.761,111.7,1,carson kelly,Carson Kelly,CHC,C,5000000.0,5500000.0,5500000.0,both,0.31515048442488947,0.4038090233649428,111.7,0.0404,0.1069,0.19,0.45,3.4,10.0,0.1522,294118.0,Veteran (30-34)
Wilyer Abreu,677800,/api/v1/people/677800,2025,26,BOS,AL,RF,115,417,373,53,92,17,0,22,69,6,40,101,0,3,0.247,0.317,0.469,0.786,116.7,1,wilyer abreu,Wilyer Abreu,BOS,RF,780000.0,780000.0,780000.0,both,0.31515048442488947,0.4038090233649428,116.7,0.0528,0.0959,0.2422,0.6,28.2051,88.4615,1.0077,35455.0,Prime (25-29)
Nick Allen,669397,/api/v1/people/669397,2025,26,ATL,NL,SS,135,416,371,32,82,11,0,0,22,8,31,99,3,3,0.221,0.284,0.251,0.535,52.3,1,nick allen,Nick Allen,ATL,SS,780000.0,780000.0,780000.0,both,0.31515048442488947,0.4038090233649428,52.3,0.0,0.0745,0.238,0.163,0.0,28.2051,0.6859,,Prime (25-29)
Austin Hays,669720,/api/v1/people/669720,2025,29,CIN,NL,LF,103,416,380,60,101,16,5,15,64,7,29,107,1,6,0.266,0.315,0.453,0.768,112.1,1,austin hays,Austin Hays,CIN,LF,4000000.0,4100000.0,4100000.0,both,0.31515048442488947,0.4038090233649428,112.1,0.0361,0.0697,0.2572,0.621,3.75,16.0,0.192,266667.0,Prime (25-29)
Bo Naylor,666310,/api/v1/people/666310,2025,25,CLE,AL,C,123,414,359,46,70,22,1,14,47,1,45,99,1,6,0.195,0.282,0.379,0.661,83.3,1,bo naylor,Bo Naylor,CLE,C,790300.0,790300.0,790300.0,both,0.31515048442488947,0.4038090233649428,83.3,0.0338,0.1087,0.2391,0.382,17.7148,59.4711,0.8364,56450.0,Prime (25-29)
Ronald Acuña Jr.,660670,/api/v1/people/660670,2025,27,ATL,NL,RF,95,412,338,74,98,12,1,21,42,9,71,102,3,0,0.29,0.417,0.518,0.935,160.6,1,ronald acuna,Ronald Acuña Jr.,ATL,RF,17000000.0,17000000.0,17000000.0,both,0.31515048442488947,0.4038090233649428,160.6,0.051,0.1723,0.2476,0.442,1.2353,2.4706,0.055,809524.0,Prime (25-29)
Spencer Horwitz,687462,/api/v1/people/687462,2025,27,PIT,NL,1B,108,411,364,55,99,26,0,11,51,0,44,73,2,1,0.272,0.353,0.434,0.787,119.5,1,spencer horwitz,Spencer Horwitz,PIT,1B/2B,767500.0,767500.0,767500.0,both,0.31515048442488947,0.4038090233649428,119.5,0.0268,0.1071,0.1776,0.472,14.3322,66.4495,1.0254,69773.0,Prime (25-29)
Kyle Isbel,664728,/api/v1/people/664728,2025,28,KC,AL,CF,135,409,368,42,94,16,4,4,33,4,23,74,2,3,0.255,0.301,0.353,0.654,82.9,1,kyle isbel,Kyle Isbel,KC,CF,1750000.0,1750000.0,1750000.0,both,0.31515048442488947,0.4038090233649428,82.9,0.0098,0.0562,0.1809,0.244,2.2857,18.8571,0.3737,437500.0,Prime (25-29)
Nick Gonzales,693304,/api/v1/people/693304,2025,26,PIT,NL,2B,96,408,381,39,99,18,3,5,30,0,21,73,2,4,0.26,0.299,0.362,0.661,84.5,1,nick gonzales,Nick Gonzales,PIT,2B,775000.0,775000.0,775000.0,both,0.31515048442488947,0.4038090233649428,84.5,0.0123,0.0515,0.1789,0.312,6.4516,38.7097,0.8529,155000.0,Prime (25-29)
Nolan Jones,666134,/api/v1/people/666134,2025,27,CLE,AL,RF,136,403,355,34,75,14,2,5,34,8,39,113,5,3,0.211,0.296,0.304,0.6,69.2,1,nolan jones,Nolan Jones,CLE,RF,770000.0,770000.0,770000.0,both,0.31515048442488947,0.4038090233649428,69.2,0.0124,0.0968,0.2804,0.25,6.4935,44.1558,0.7792,154000.0,Prime (25-29)
Royce Lewis,668904,/api/v1/people/668904,2025,26,MIN,AL,3B,106,403,376,36,89,18,0,13,52,12,25,80,0,2,0.237,0.283,0.388,0.671,85.9,1,royce lewis,Royce Lewis,MIN,3B,1625000.0,1625000.0,1625000.0,both,0.31515048442488947,0.4038090233649428,85.9,0.0323,0.062,0.1985,0.491,8.0,32.0,0.4129,125000.0,Prime (25-29)
Edgar Quero,700337,/api/v1/people/700337,2025,22,CWS,AL,C,111,403,365,31,98,17,0,5,36,0,32,71,4,2,0.268,0.333,0.356,0.689,93.8,1,edgar quero,Edgar Quero,CHW,C,760000.0,674193.0,760000.0,both,0.31515048442488947,0.4038090233649428,93.8,0.0124,0.0794,0.1762,0.324,6.5789,47.3684,0.9066,152000.0,U25
Nolan Gorman,669357,/api/v1/people/669357,2025,25,STL,NL,3B,111,402,351,48,72,14,1,14,46,1,47,136,0,4,0.205,0.296,0.37,0.666,85.6,1,nolan gorman,Nolan Gorman,STL,3B,782900.0,782900.0,782900.0,both,0.31515048442488947,0.4038090233649428,85.6,0.0348,0.1169,0.3383,0.414,17.8822,58.7559,0.8507,55921.0,Prime (25-29)
Mauricio Dubón,643289,/api/v1/people/643289,2025,30,HOU,AL,LF,133,398,369,43,89,21,0,7,33,3,24,42,1,1,0.241,0.289,0.355,0.644,79.6,1,mauricio dubon,Mauricio Dubon,HOU,2B,5000000.0,5000000.0,5000000.0,both,0.31515048442488947,0.4038090233649428,79.6,0.0176,0.0603,0.1055,0.248,1.4,6.6,0.1288,714286.0,Veteran (30-34)
Jordan Walker,691023,/api/v1/people/691023,2025,23,STL,NL,RF,111,396,363,40,78,13,1,6,41,10,29,126,3,1,0.215,0.278,0.306,0.584,64.0,1,jordan walker,Jordan Walker,STL,RF,770800.0,770800.0,770800.0,both,0.31515048442488947,0.4038090233649428,64.0,0.0152,0.0732,0.3182,0.369,7.7841,53.1915,0.7577,128467.0,U25
Matt Wallner,670242,/api/v1/people/670242,2025,27,MIN,AL,RF,104,392,336,47,68,16,3,22,40,4,46,114,8,2,0.202,0.311,0.464,0.775,113.6,1,matt wallner,Matt Wallner,MIN,RF,770750.0,770750.0,770750.0,both,0.31515048442488947,0.4038090233649428,113.6,0.0561,0.1173,0.2908,0.385,28.5436,51.8975,1.0055,35034.0,Prime (25-29)
Ramón Urías,602104,/api/v1/people/602104,2025,31,HOU,AL,2B,112,391,352,33,85,17,0,11,44,3,27,88,2,10,0.241,0.292,0.384,0.676,87.7,2,ramon urias,Ramon Urias,HOU,2B/SS,3150000.0,1016129.0,3150000.0,both,0.31515048442488947,0.4038090233649428,87.7,0.0281,0.0691,0.2251,0.393,3.4921,13.9683,0.2146,286364.0,Veteran (30-34)
Liam Hicks,689414,/api/v1/people/689414,2025,26,MIA,NL,C,119,390,332,37,82,13,1,6,45,2,43,56,9,3,0.247,0.346,0.346,0.692,95.5,1,liam hicks,Liam Hicks,MIA,C,760000.0,760000.0,760000.0,both,0.31515048442488947,0.4038090233649428,95.5,0.0154,0.1103,0.1436,0.378,7.8947,59.2105,0.9105,126667.0,Prime (25-29)
Ezequiel Tovar,678662,/api/v1/people/678662,2025,23,COL,NL,SS,95,390,360,44,91,18,4,9,33,5,21,98,1,2,0.253,0.294,0.4,0.694,92.3,1,ezequiel tovar,Ezequiel Tovar,COL,SS,4000000.0,4000000.0,4214285.0,both,0.31515048442488947,0.4038090233649428,92.3,0.0231,0.0538,0.2513,0.347,2.25,8.25,0.1735,444444.0,U25
Pedro Pagés,686780,/api/v1/people/686780,2025,26,STL,NL,C,112,389,361,38,83,15,0,11,45,0,19,107,3,3,0.23,0.272,0.363,0.635,76.2,1,pedro pages,Pedro Pages,STL,C,768300.0,768300.0,768300.0,both,0.31515048442488947,0.4038090233649428,76.2,0.0283,0.0488,0.2751,0.402,14.3173,58.5709,0.8265,69845.0,Prime (25-29)
Max Muncy,571970,/api/v1/people/571970,2025,34,LAD,NL,3B,100,388,313,48,76,10,2,19,67,4,64,83,6,5,0.243,0.376,0.47,0.846,135.7,1,max muncy,Max Muncy,LAD,3B,12000000.0,12000000.0,14500000.0,both,0.31515048442488947,0.4038090233649428,135.7,0.049,0.1649,0.2139,0.67,1.5833,5.5833,0.0705,631579.0,Veteran (30-34)
Victor Caratini,605170,/api/v1/people/605170,2025,31,HOU,AL,C,114,386,344,35,89,14,0,12,46,1,23,65,13,6,0.259,0.324,0.404,0.728,102.9,1,victor caratini,Victor Caratini,HOU,C,6000000.0,6050000.0,6050000.0,both,0.31515048442488947,0.4038090233649428,102.9,0.0311,0.0596,0.1684,0.404,2.0,7.6667,0.1213,500000.0,Veteran (30-34)
Kody Clemens,665019,/api/v1/people/665019,2025,29,MIN,AL,1B,119,386,348,46,74,12,4,19,52,5,29,93,5,2,0.213,0.281,0.434,0.715,96.6,2,kody clemens,Kody Clemens,MIN,2B,771000.0,646620.0,771000.0,both,0.31515048442488947,0.4038090233649428,96.6,0.0492,0.0751,0.2409,0.437,24.6433,67.4449,0.9274,40579.0,Prime (25-29)
Mike Tauchman,643565,/api/v1/people/643565,2025,34,CWS,AL,RF,93,385,335,44,88,17,1,9,40,0,45,86,4,1,0.263,0.356,0.4,0.756,112.0,1,mike tauchman,Mike Tauchman,CHW,RF,1950000.0,2200000.0,2200000.0,both,0.31515048442488947,0.4038090233649428,112.0,0.0234,0.1169,0.2234,0.43,4.6154,20.5128,0.3877,216667.0,Veteran (30-34)
Wenceel Pérez,672761,/api/v1/people/672761,2025,25,DET,AL,RF,100,383,344,47,84,17,4,13,43,8,31,87,3,5,0.244,0.308,0.43,0.738,104.2,1,wenceel perez,Wenceel Perez,DET,CF,770700.0,770700.0,770700.0,both,0.31515048442488947,0.4038090233649428,104.2,0.0339,0.0809,0.2272,0.43,16.8678,55.7934,0.9576,59285.0,Prime (25-29)
Brayan Rocchio,677587,/api/v1/people/677587,2025,24,CLE,AL,SS,115,383,344,34,80,18,2,5,44,8,22,77,8,5,0.233,0.29,0.34,0.63,76.2,1,brayan rocchio,Brayan Rocchio,CLE,SS,771000.0,563742.0,771000.0,both,0.31515048442488947,0.4038090233649428,76.2,0.0131,0.0574,0.201,0.383,6.4851,57.0687,0.8171,154200.0,U25
Jake Meyers,676694,/api/v1/people/676694,2025,29,HOU,AL,CF,104,381,343,53,100,15,2,3,24,16,31,67,3,2,0.292,0.354,0.373,0.727,104.7,1,jake meyers,Jake Meyers,HOU,CF,2300000.0,2300000.0,2300000.0,both,0.31515048442488947,0.4038090233649428,104.7,0.0079,0.0814,0.1759,0.231,1.3043,10.4348,0.3161,766667.0,Prime (25-29)
Tommy Edman,669242,/api/v1/people/669242,2025,30,LAD,NL,2B,97,377,346,49,78,13,1,13,49,3,19,61,6,5,0.225,0.274,0.382,0.656,81.5,1,tommy edman,Tommy Edman,LAD,2B,5000000.0,22000000.0,8400000.0,both,0.31515048442488947,0.4038090233649428,81.5,0.0345,0.0504,0.1618,0.505,2.6,9.8,0.1312,384615.0,Veteran (30-34)
Jake Burger,669394,/api/v1/people/669394,2025,29,TEX,AL,1B,103,376,356,43,84,15,1,16,53,1,12,93,5,3,0.236,0.269,0.419,0.688,89.1,1,jake burger,Jake Burger,TEX,1B/3B/DH,790000.0,767957.0,790000.0,both,0.31515048442488947,0.4038090233649428,89.1,0.0426,0.0319,0.2473,0.515,20.2532,67.0886,0.8709,49375.0,Prime (25-29)
Jared Triolo,669707,/api/v1/people/669707,2025,27,PIT,NL,SS,107,376,331,41,75,18,2,7,24,13,39,76,2,1,0.227,0.311,0.356,0.667,86.8,1,jared triolo,Jared Triolo,PIT,3B,775000.0,334833.0,775000.0,both,0.31515048442488947,0.4038090233649428,86.8,0.0186,0.1037,0.2021,0.224,9.0323,30.9677,0.8606,110714.0,Prime (25-29)
Jurickson Profar,595777,/api/v1/people/595777,2025,32,ATL,NL,LF,80,371,318,56,78,16,1,14,43,9,48,59,5,0,0.245,0.353,0.434,0.787,119.5,1,jurickson profar,Jurickson Profar,ATL,LF,12000000.0,6193548.0,12000000.0,both,0.31515048442488947,0.4038090233649428,119.5,0.0377,0.1294,0.159,0.538,1.1667,3.5833,0.0656,857143.0,Veteran (30-34)
José Caballero,676609,/api/v1/people/676609,2025,28,NYY,AL,RF,126,370,314,52,74,18,1,5,36,49,47,98,3,2,0.236,0.339,0.347,0.686,93.5,2,jose caballero,José Caballero,NYY,SS,776800.0,246384.0,776800.0,both,0.31515048442488947,0.4038090233649428,93.5,0.0135,0.127,0.2649,0.286,6.4367,46.344,0.8831,155360.0,Prime (25-29)
Andrés Giménez,665926,/api/v1/people/665926,2025,26,TOR,AL,2B,101,369,329,39,69,11,1,7,35,12,25,66,11,3,0.21,0.285,0.313,0.598,67.9,1,andres gimenez,Andres Gimenez,TOR,2B,10000000.0,10000000.0,10571428.0,both,0.31515048442488947,0.4038090233649428,67.9,0.019,0.0678,0.1789,0.347,0.7,3.5,0.0598,1428571.0,Prime (25-29)
Adley Rutschman,668939,/api/v1/people/668939,2025,27,BAL,AL,C,90,365,322,37,71,16,2,9,29,0,40,57,1,2,0.22,0.307,0.366,0.673,88.1,1,adley rutschman,Adley Rutschman,BAL,C,5500000.0,5500000.0,5500000.0,both,0.31515048442488947,0.4038090233649428,88.1,0.0247,0.1096,0.1562,0.322,1.6364,5.2727,0.1224,611111.0,Prime (25-29)
Jacob Young,696285,/api/v1/people/696285,2025,25,WSH,NL,CF,120,364,324,34,75,10,1,2,31,15,27,65,3,1,0.231,0.296,0.287,0.583,65.0,1,jacob young,Jacob Young,WSH,CF,768700.0,768700.0,768700.0,both,0.31515048442488947,0.4038090233649428,65.0,0.0055,0.0742,0.1786,0.258,2.6018,40.3278,0.7584,384350.0,Prime (25-29)
Colton Cowser,681297,/api/v1/people/681297,2025,25,BAL,AL,CF,92,360,327,36,64,14,0,16,40,14,27,128,6,0,0.196,0.269,0.385,0.654,80.7,1,colton cowser,Colton Cowser,BAL,CF,774500.0,774500.0,774500.0,both,0.31515048442488947,0.4038090233649428,80.7,0.0444,0.075,0.3556,0.435,20.6585,51.6462,0.8444,48406.0,Prime (25-29)
Noelvi Marte,682622,/api/v1/people/682622,2025,23,CIN,NL,RF,90,360,339,45,89,17,2,14,51,10,16,85,3,2,0.263,0.3,0.448,0.748,106.1,1,noelvi marte,Noelvi Marte,CIN,3B,760000.0,774194.0,760000.0,both,0.31515048442488947,0.4038090233649428,106.1,0.0389,0.0444,0.2361,0.567,18.4211,67.1053,0.9842,54286.0,U25
Ryan Mountcastle,663624,/api/v1/people/663624,2025,28,BAL,AL,1B,89,357,332,34,83,18,0,7,35,3,15,98,4,6,0.25,0.286,0.367,0.653,81.6,1,ryan mountcastle,Ryan Mountcastle,BAL,1B,6787000.0,6787000.0,6787000.0,both,0.31515048442488947,0.4038090233649428,81.6,0.0196,0.042,0.2745,0.393,1.0314,5.1569,0.0962,969571.0,Prime (25-29)
Jordan Westburg,676059,/api/v1/people/676059,2025,26,BAL,AL,3B,85,352,328,59,87,10,1,17,41,1,17,80,6,1,0.265,0.313,0.457,0.77,112.5,1,jordan westburg,Jordan Westburg,BAL,2B,772700.0,772700.0,772700.0,both,0.31515048442488947,0.4038090233649428,112.5,0.0483,0.0483,0.2273,0.482,22.0008,53.0607,0.9965,45453.0,Prime (25-29)
Daylen Lile,695734,/api/v1/people/695734,2025,22,WSH,NL,RF,91,351,321,51,96,15,11,9,41,8,21,56,4,3,0.299,0.347,0.498,0.845,133.4,1,daylen lile,Daylen Lile,WSH,OF,760000.0,487680.0,760000.0,both,0.31515048442488947,0.4038090233649428,133.4,0.0256,0.0598,0.1595,0.451,11.8421,53.9474,1.1118,84444.0,U25
Casey Schmitt,669477,/api/v1/people/669477,2025,26,SF,NL,2B,95,348,312,34,74,15,0,12,40,0,27,83,5,3,0.237,0.305,0.401,0.706,96.1,1,casey schmitt,Casey Schmitt,SF,3B,780000.0,780000.0,780000.0,both,0.31515048442488947,0.4038090233649428,96.1,0.0345,0.0776,0.2385,0.421,15.3846,51.2821,0.9051,65000.0,Prime (25-29)
Freddy Fermin,666023,/api/v1/people/666023,2025,30,SD,NL,C,109,347,319,32,80,13,0,5,26,1,19,65,2,0,0.251,0.297,0.339,0.636,78.2,2,freddy fermin,Freddy Fermin,SD,C,781750.0,247977.0,781750.0,both,0.31515048442488947,0.4038090233649428,78.2,0.0144,0.0548,0.1873,0.239,6.3959,33.2587,0.8136,156350.0,Veteran (30-34)
JJ Bleday,668709,/api/v1/people/668709,2025,27,ATH,AL,CF,98,344,307,48,65,17,0,14,39,1,36,91,0,1,0.212,0.294,0.404,0.698,93.3,1,jj bleday,JJ Bleday,ATH,LF,770000.0,604408.0,770000.0,both,0.31515048442488947,0.4038090233649428,93.3,0.0407,0.1047,0.2645,0.398,18.1818,50.6494,0.9065,55000.0,Prime (25-29)
Jose Iglesias,578428,/api/v1/people/578428,2025,35,SD,NL,2B,112,343,306,29,70,11,0,3,36,5,24,56,7,2,0.229,0.298,0.294,0.592,67.4,1,jose iglesias,Jose Iglesias,SD,3B,3000000.0,3000000.0,3000000.0,both,0.31515048442488947,0.4038090233649428,67.4,0.0087,0.07,0.1633,0.321,1.0,12.0,0.1973,1000000.0,Late (35+)
Javier Sanoja,691594,/api/v1/people/691594,2025,22,MIA,NL,3B,120,342,313,40,76,22,4,6,38,6,19,41,2,4,0.243,0.287,0.396,0.683,89.1,1,javier sanoja,Javier Sanoja,MIA,SS,761500.0,761500.0,761500.0,both,0.31515048442488947,0.4038090233649428,89.1,0.0175,0.0556,0.1199,0.317,7.8792,49.9015,0.8969,126917.0,U25
Tyler Stephenson,663886,/api/v1/people/663886,2025,28,CIN,NL,C,88,342,299,40,69,18,0,13,50,0,37,116,2,4,0.231,0.316,0.421,0.737,104.5,1,tyler stephenson,Tyler Stephenson,CIN,C,4925000.0,4925000.0,4925000.0,both,0.31515048442488947,0.4038090233649428,104.5,0.038,0.1082,0.3392,0.568,2.6396,10.1523,0.1496,378846.0,Prime (25-29)
Miguel Andujar,609280,/api/v1/people/609280,2025,30,CIN,NL,DH,94,341,321,36,102,17,1,10,44,1,17,49,1,2,0.318,0.352,0.47,0.822,128.1,2,miguel andujar,Miguel Andujar,CIN,OF/1B,3000000.0,951611.0,3000000.0,both,0.31515048442488947,0.4038090233649428,128.1,0.0293,0.0499,0.1437,0.468,3.3333,14.6667,0.274,300000.0,Veteran (30-34)
Romy Gonzalez,663853,/api/v1/people/663853,2025,28,BOS,AL,1B,96,341,315,47,96,23,3,9,53,6,18,81,3,5,0.305,0.343,0.483,0.826,128.4,1,romy gonzalez,Romy Gonzalez,BOS,2B,774000.0,774000.0,774000.0,both,0.31515048442488947,0.4038090233649428,128.4,0.0264,0.0528,0.2375,0.552,11.6279,68.4755,1.0672,86000.0,Prime (25-29)
Tyrone Taylor,621438,/api/v1/people/621438,2025,31,NYM,NL,CF,113,341,310,34,69,18,3,2,27,12,16,76,9,2,0.223,0.279,0.319,0.598,67.5,1,tyrone taylor,Tyrone Taylor,NYM,CF,3025000.0,3025000.0,3025000.0,both,0.31515048442488947,0.4038090233649428,67.5,0.0059,0.0469,0.2229,0.239,0.6612,8.9256,0.1977,1512500.0,Veteran (30-34)
Danny Jansen,643376,/api/v1/people/643376,2025,30,MIL,NL,C,98,337,288,38,62,11,0,14,36,0,42,86,4,2,0.215,0.321,0.399,0.72,100.7,2,danny jansen,Danny Jansen,MIL,C,8000000.0,2209677.0,8000000.0,both,0.31515048442488947,0.4038090233649428,100.7,0.0415,0.1246,0.2552,0.367,1.75,4.5,0.09,571429.0,Veteran (30-34)
Sean Murphy,669221,/api/v1/people/669221,2025,30,ATL,NL,C,94,337,291,34,58,13,0,16,45,0,35,105,8,3,0.199,0.3,0.409,0.709,96.5,1,sean murphy,Sean Murphy,ATL,C,15000000.0,15000000.0,15000000.0,both,0.31515048442488947,0.4038090233649428,96.5,0.0475,0.1039,0.3116,0.479,1.0667,3.0,0.0473,937500.0,Veteran (30-34)
Connor Norby,681393,/api/v1/people/681393,2025,25,MIA,NL,3B,88,337,311,42,78,17,1,8,34,8,18,90,5,3,0.251,0.3,0.389,0.689,91.5,1,connor norby,Connor Norby,MIA,3B,765000.0,765000.0,765000.0,both,0.31515048442488947,0.4038090233649428,91.5,0.0237,0.0534,0.2671,0.386,10.4575,44.4444,0.9007,95625.0,Prime (25-29)
Michael Toglia,669911,/api/v1/people/669911,2025,26,COL,NL,1B,88,337,306,22,58,15,1,11,32,3,28,132,1,2,0.19,0.258,0.353,0.611,69.3,1,michael toglia,Michael Toglia,COL,1B,765000.0,551129.0,765000.0,both,0.31515048442488947,0.4038090233649428,69.3,0.0326,0.0831,0.3917,0.364,14.3791,41.8301,0.7987,69545.0,Prime (25-29)
Dane Myers,667472,/api/v1/people/667472,2025,29,MIA,NL,CF,106,333,307,29,72,10,0,6,31,18,23,77,2,1,0.235,0.291,0.326,0.617,73.1,1,dane myers,Dane Myers,MIA,OF,769000.0,769000.0,769000.0,both,0.31515048442488947,0.4038090233649428,73.1,0.018,0.0691,0.2312,0.292,7.8023,40.3121,0.8023,128167.0,Prime (25-29)
Joey Bart,663698,/api/v1/people/663698,2025,28,PIT,NL,C,93,332,285,21,71,12,1,4,30,1,40,93,7,0,0.249,0.355,0.34,0.695,96.8,1,joey bart,Joey Bart,PIT,C,1175000.0,1175000.0,1175000.0,both,0.31515048442488947,0.4038090233649428,96.8,0.012,0.1205,0.2801,0.323,3.4043,25.5319,0.5915,293750.0,Prime (25-29)
Luis Urías,649966,/api/v1/people/649966,2025,28,ATH,AL,2B,96,330,287,27,66,7,0,8,25,2,31,45,6,3,0.23,0.315,0.338,0.653,83.7,1,luis urias,,,,,,,left_only,0.31515048442488947,0.4038090233649428,83.7,0.0242,0.0939,0.1364,0.26,,,,,Prime (25-29)
Starling Marte,516782,/api/v1/people/516782,2025,36,NYM,NL,DH,98,329,293,37,79,14,0,9,34,7,22,68,9,4,0.27,0.335,0.41,0.745,107.8,1,starling marte,Starling Marte,NYM,RF,19500000.0,19500000.0,20750000.0,both,0.31515048442488947,0.4038090233649428,107.8,0.0274,0.0669,0.2067,0.347,0.4615,1.7436,0.0382,2166667.0,Late (35+)
Brooks Baldwin,681460,/api/v1/people/681460,2025,24,CWS,AL,LF,103,328,300,32,72,15,1,11,38,5,21,86,1,2,0.24,0.29,0.407,0.697,92.8,1,brooks baldwin,Brooks Baldwin,CHW,SS,762625.0,598619.0,762625.0,both,0.31515048442488947,0.4038090233649428,92.8,0.0335,0.064,0.2622,0.369,14.4239,49.8279,0.9139,69330.0,U25
Santiago Espinal,669289,/api/v1/people/669289,2025,30,CIN,NL,3B,114,328,301,25,73,12,0,0,16,2,21,38,1,2,0.243,0.292,0.282,0.574,62.5,1,santiago espinal,Santiago Espinal,CIN,3B,2400000.0,2400000.0,2400000.0,both,0.31515048442488947,0.4038090233649428,62.5,0.0,0.064,0.1159,0.14,0.0,6.6667,0.2392,,Veteran (30-34)
Rhys Hoskins,656555,/api/v1/people/656555,2025,32,MIL,NL,1B,90,328,279,30,66,12,1,12,43,2,38,91,5,6,0.237,0.332,0.416,0.748,108.4,1,rhys hoskins,Rhys Hoskins,MIL,1B,18000000.0,18000000.0,18000000.0,both,0.31515048442488947,0.4038090233649428,108.4,0.0366,0.1159,0.2774,0.478,0.6667,2.3889,0.0416,1500000.0,Veteran (30-34)
Kyle Higashioka,543309,/api/v1/people/543309,2025,35,TEX,AL,C,94,327,303,33,73,14,1,11,47,3,20,72,2,2,0.241,0.291,0.403,0.694,92.1,1,kyle higashioka,Kyle Higashioka,TEX,C,5750000.0,5750000.0,5750000.0,both,0.31515048442488947,0.4038090233649428,92.1,0.0336,0.0612,0.2202,0.5,1.913,8.1739,0.1207,522727.0,Late (35+)
Trey Sweeney,700242,/api/v1/people/700242,2025,25,DET,AL,SS,118,326,296,36,58,6,2,6,32,3,26,92,0,4,0.196,0.258,0.291,0.549,53.9,1,trey sweeney,Trey Sweeney,DET,SS,764000.0,694172.0,764000.0,both,0.31515048442488947,0.4038090233649428,53.9,0.0184,0.0798,0.2822,0.271,7.8534,41.8848,0.7186,127333.0,Prime (25-29)
Michael A. Taylor,572191,/api/v1/people/572191,2025,34,CWS,AL,CF,134,325,295,33,59,20,1,9,35,8,23,110,1,2,0.2,0.259,0.366,0.625,72.8,1,michael taylor,Michael A. Taylor,CHW,RF,1950000.0,2250000.0,2250000.0,both,0.31515048442488947,0.4038090233649428,72.8,0.0277,0.0708,0.3385,0.261,4.6154,17.9487,0.3205,216667.0,Veteran (30-34)
Alex Call,669743,/api/v1/people/669743,2025,30,LAD,NL,LF,110,322,270,43,72,13,2,5,31,2,36,55,6,4,0.267,0.361,0.385,0.746,109.9,2,alex call,Alex Call,LAD,LF,769100.0,147495.0,769100.0,both,0.31515048442488947,0.4038090233649428,109.9,0.0155,0.1118,0.1708,0.282,6.5011,40.3069,0.97,153820.0,Veteran (30-34)
Dylan Crews,686611,/api/v1/people/686611,2025,23,WSH,NL,RF,85,322,293,43,61,8,2,10,27,17,24,76,5,0,0.208,0.28,0.352,0.632,76.0,1,dylan crews,Dylan Crews,WSH,RF,761800.0,761800.0,761800.0,both,0.31515048442488947,0.4038090233649428,76.0,0.0311,0.0745,0.236,0.318,13.1268,35.4424,0.8296,76180.0,U25
Miguel Rojas,500743,/api/v1/people/500743,2025,36,LAD,NL,2B,114,317,290,35,76,18,0,7,27,5,24,46,0,0,0.262,0.318,0.397,0.715,99.2,1,miguel rojas,Miguel Rojas,LAD,SS,5000000.0,5000000.0,4000000.0,both,0.31515048442488947,0.4038090233649428,99.2,0.0221,0.0757,0.1451,0.237,1.4,5.4,0.143,714286.0,Late (35+)
Taylor Walls,670764,/api/v1/people/670764,2025,28,TB,AL,SS,101,317,282,36,62,14,1,4,38,14,26,70,0,6,0.22,0.28,0.319,0.599,67.8,1,taylor walls,Taylor Walls,TB,SS,1350000.0,1350000.0,1350000.0,both,0.31515048442488947,0.4038090233649428,67.8,0.0126,0.082,0.2208,0.376,2.963,28.1481,0.4437,337500.0,Prime (25-29)
Jorge Soler,624585,/api/v1/people/624585,2025,33,LAA,AL,RF,82,315,279,31,60,12,0,12,34,0,28,94,4,3,0.215,0.293,0.387,0.68,88.8,1,jorge soler,Jorge Soler,LAA,DH,13000000.0,13000000.0,13000000.0,both,0.31515048442488947,0.4038090233649428,88.8,0.0381,0.0889,0.2984,0.415,0.9231,2.6154,0.0523,1083333.0,Veteran (30-34)
Rowdy Tellez,642133,/api/v1/people/642133,2025,30,TEX,AL,1B,112,312,289,34,66,11,0,17,49,1,17,83,3,3,0.228,0.276,0.443,0.719,97.3,2,rowdy tellez,Rowdy Tellez,TEX,DH,1000000.0,294194.0,1000000.0,both,0.31515048442488947,0.4038090233649428,97.3,0.0545,0.0545,0.266,0.438,17.0,49.0,0.719,58824.0,Veteran (30-34)
Gabriel Moreno,672515,/api/v1/people/672515,2025,25,AZ,NL,C,83,309,277,44,79,12,1,9,40,2,29,53,1,2,0.285,0.353,0.433,0.786,119.2,1,gabriel moreno,Gabriel Moreno,ARI,C,793000.0,793000.0,793000.0,both,0.31515048442488947,0.4038090233649428,119.2,0.0291,0.0939,0.1715,0.482,11.3493,50.4414,0.9912,88111.0,Prime (25-29)
Joc Pederson,592626,/api/v1/people/592626,2025,33,TEX,AL,DH,96,306,265,28,48,10,1,9,26,2,34,65,5,1,0.181,0.285,0.328,0.613,71.7,1,joc pederson,Joc Pederson,TEX,DH,13000000.0,18500000.0,18500000.0,both,0.31515048442488947,0.4038090233649428,71.7,0.0294,0.1111,0.2124,0.271,0.6923,2.0,0.0472,1444444.0,Veteran (30-34)
Christopher Morel,666624,/api/v1/people/666624,2025,26,TB,AL,LF,105,305,278,37,61,16,0,11,33,7,25,109,2,0,0.219,0.289,0.396,0.685,89.8,1,christopher morel,Christopher Morel,TB,LF,771800.0,771800.0,771800.0,both,0.31515048442488947,0.4038090233649428,89.8,0.0361,0.082,0.3574,0.314,14.2524,42.7572,0.8875,70164.0,Prime (25-29)
Roman Anthony,701350,/api/v1/people/701350,2025,21,BOS,AL,RF,71,303,257,48,75,18,1,8,32,4,40,84,5,1,0.292,0.396,0.463,0.859,140.3,1,roman anthony,Roman Anthony,BOS,RF,760000.0,457634.0,760000.0,both,0.31515048442488947,0.4038090233649428,140.3,0.0264,0.132,0.2772,0.451,10.5263,42.1053,1.1303,95000.0,U25
Jose Trevino,624431,/api/v1/people/624431,2025,32,CIN,NL,C,94,302,282,30,67,20,0,4,22,0,15,39,0,4,0.238,0.272,0.351,0.623,73.2,1,jose trevino,Jose Trevino,CIN,C,3425000.0,3425000.0,3425000.0,both,0.31515048442488947,0.4038090233649428,73.2,0.0132,0.0497,0.1291,0.234,1.1679,6.4234,0.1819,856250.0,Veteran (30-34)
Kyle Farmer,571657,/api/v1/people/571657,2025,34,COL,NL,2B,97,300,277,24,63,14,0,8,31,0,17,66,4,2,0.227,0.28,0.365,0.645,79.2,1,kyle farmer,Kyle Farmer,COL,SS,2500000.0,2625000.0,2625000.0,both,0.31515048442488947,0.4038090233649428,79.2,0.0267,0.0567,0.22,0.32,3.2,12.4,0.258,312500.0,Veteran (30-34)
Myles Straw,664702,/api/v1/people/664702,2025,30,TOR,AL,CF,137,299,267,51,70,14,1,4,32,12,19,50,1,1,0.262,0.313,0.367,0.68,90.2,1,myles straw,Myles Straw,TOR,CF,6000000.0,5000000.0,6400000.0,both,0.31515048442488947,0.4038090233649428,90.2,0.0134,0.0635,0.1672,0.234,0.6667,5.3333,0.1133,1500000.0,Veteran (30-34)
Kyle Teel,691019,/api/v1/people/691019,2025,23,CWS,AL,C,78,297,253,38,69,11,0,8,35,3,37,77,5,1,0.273,0.375,0.411,0.786,120.8,1,kyle teel,Kyle Teel,CHW,C,760000.0,469892.0,760000.0,both,0.31515048442488947,0.4038090233649428,120.8,0.0269,0.1246,0.2593,0.449,10.5263,46.0526,1.0342,95000.0,U25
Thomas Saggese,695336,/api/v1/people/695336,2025,23,STL,NL,2B,82,295,275,25,71,17,0,2,25,3,16,83,1,2,0.258,0.299,0.342,0.641,79.6,1,thomas saggese,Thomas Saggese,STL,SS,760000.0,545208.0,760000.0,both,0.31515048442488947,0.4038090233649428,79.6,0.0068,0.0542,0.2814,0.305,2.6316,32.8947,0.8434,380000.0,U25
Ben Williamson,810938,/api/v1/people/810938,2025,24,SEA,AL,3B,85,295,277,36,70,13,0,1,21,5,15,64,1,0,0.253,0.294,0.31,0.604,70.1,1,ben williamson,Ben Williamson,SEA,3B,760000.0,465376.0,760000.0,both,0.31515048442488947,0.4038090233649428,70.1,0.0034,0.0508,0.2169,0.247,1.3158,27.6316,0.7947,760000.0,U25
Heriberto Hernández,681715,/api/v1/people/681715,2025,25,MIA,NL,LF,87,294,256,40,68,12,1,10,45,1,31,77,3,4,0.266,0.347,0.438,0.785,118.6,1,heriberto hernandez,Heriberto Hernandez,MIA,C,760000.0,498495.0,760000.0,both,0.31515048442488947,0.4038090233649428,118.6,0.034,0.1054,0.2619,0.517,13.1579,59.2105,1.0329,76000.0,Prime (25-29)
Coby Mayo,691723,/api/v1/people/691723,2025,23,BAL,AL,1B,85,294,263,30,57,12,0,11,28,3,27,84,4,0,0.217,0.299,0.388,0.687,91.0,1,coby mayo,Coby Mayo,BAL,3B,760000.0,518924.0,760000.0,both,0.31515048442488947,0.4038090233649428,91.0,0.0374,0.0918,0.2857,0.329,14.4737,36.8421,0.9039,69091.0,U25
Randal Grichuk,545341,/api/v1/people/545341,2025,33,KC,AL,RF,113,293,272,35,62,18,1,9,27,0,17,61,1,3,0.228,0.273,0.401,0.674,85.9,2,randal grichuk,Randal Grichuk,KC,RF,2000000.0,1032283.0,2344091.0,both,0.31515048442488947,0.4038090233649428,85.9,0.0307,0.058,0.2082,0.239,4.5,13.5,0.337,222222.0,Veteran (30-34)
Mitch Garver,641598,/api/v1/people/641598,2025,34,SEA,AL,C,87,290,254,29,53,5,1,9,30,3,30,80,3,3,0.209,0.297,0.343,0.64,79.2,1,mitch garver,Mitch Garver,SEA,C,11500000.0,11500000.0,12500000.0,both,0.31515048442488947,0.4038090233649428,79.2,0.031,0.1034,0.2759,0.345,0.7826,2.6087,0.0557,1277778.0,Veteran (30-34)
Yoán Moncada,660162,/api/v1/people/660162,2025,30,LAA,AL,3B,84,289,248,39,58,13,2,12,35,0,32,75,7,2,0.234,0.336,0.448,0.784,117.6,1,yoan moncada,Yoan Moncada,LAA,3B,5000000.0,5000000.0,5000000.0,both,0.31515048442488947,0.4038090233649428,117.6,0.0415,0.1107,0.2595,0.417,2.4,7.0,0.1568,416667.0,Veteran (30-34)
Pavin Smith,656976,/api/v1/people/656976,2025,29,AZ,NL,DH,87,288,244,36,63,17,1,8,28,2,41,92,0,2,0.258,0.362,0.434,0.796,122.3,1,pavin smith,Pavin Smith,ARI,DH,1500000.0,1500000.0,1500000.0,both,0.31515048442488947,0.4038090233649428,122.3,0.0278,0.1424,0.3194,0.322,5.3333,18.6667,0.5307,187500.0,Prime (25-29)
Riley Adams,656180,/api/v1/people/656180,2025,29,WSH,NL,C,83,286,263,29,49,8,0,8,24,1,18,110,5,0,0.186,0.252,0.308,0.56,56.2,1,riley adams,Riley Adams,WSH,C,850000.0,850000.0,850000.0,both,0.31515048442488947,0.4038090233649428,56.2,0.028,0.0629,0.3846,0.289,9.4118,28.2353,0.6588,106250.0,Prime (25-29)
Colson Montgomery,695657,/api/v1/people/695657,2025,23,CWS,AL,SS,71,284,255,43,61,9,1,21,55,0,25,83,2,1,0.239,0.311,0.529,0.84,129.7,1,colson montgomery,Colson Montgomery,CHW,SS,760000.0,355483.0,760000.0,both,0.31515048442488947,0.4038090233649428,129.7,0.0739,0.088,0.2923,0.775,27.6316,72.3684,1.1053,36190.0,U25
Abraham Toro,647351,/api/v1/people/647351,2025,28,BOS,AL,1B,77,284,259,33,62,13,0,7,27,2,14,42,6,5,0.239,0.289,0.371,0.66,83.6,1,abraham toro,Abraham Toro,BOS,1B,1000000.0,596774.0,1000000.0,both,0.31515048442488947,0.4038090233649428,83.6,0.0246,0.0493,0.1479,0.351,7.0,27.0,0.66,142857.0,Prime (25-29)
Henry Davis,680779,/api/v1/people/680779,2025,25,PIT,NL,C,87,283,252,25,42,7,0,7,22,2,18,76,5,3,0.167,0.234,0.278,0.512,43.1,1,henry davis,Henry Davis,PIT,C,760000.0,705282.0,760000.0,both,0.31515048442488947,0.4038090233649428,43.1,0.0247,0.0636,0.2686,0.253,9.2105,28.9474,0.6737,108571.0,Prime (25-29)
Elias Díaz,553869,/api/v1/people/553869,2025,34,SD,NL,C,106,283,255,34,52,7,0,9,29,0,21,74,2,0,0.204,0.27,0.337,0.607,69.1,1,elias diaz,Elias Diaz,SD,C,1500000.0,1650000.0,1650000.0,both,0.31515048442488947,0.4038090233649428,69.1,0.0318,0.0742,0.2615,0.274,6.0,19.3333,0.4047,166667.0,Veteran (30-34)
Luis Torrens,620443,/api/v1/people/620443,2025,29,NYM,NL,C,93,283,261,20,59,14,1,5,29,1,19,56,2,0,0.226,0.284,0.345,0.629,75.6,1,luis torrens,Luis Torrens,NYM,C,1500000.0,1500000.0,1500000.0,both,0.31515048442488947,0.4038090233649428,75.6,0.0177,0.0671,0.1979,0.312,3.3333,19.3333,0.4193,300000.0,Prime (25-29)
Giancarlo Stanton,519317,/api/v1/people/519317,2025,35,NYY,AL,DH,77,281,249,36,68,8,0,24,66,0,29,96,1,1,0.273,0.35,0.594,0.944,158.2,1,giancarlo stanton,Giancarlo Stanton,NYY,DH,32000000.0,32000000.0,32000000.0,both,0.31515048442488947,0.4038090233649428,158.2,0.0854,0.1032,0.3416,0.857,0.75,2.0625,0.0295,1333333.0,Late (35+)
Francisco Alvarez,682626,/api/v1/people/682626,2025,23,NYM,NL,C,76,277,246,32,63,12,1,11,32,0,27,73,4,0,0.256,0.339,0.447,0.786,118.3,1,francisco alvarez,Francisco Alvarez,NYM,C,795000.0,675322.0,795000.0,both,0.31515048442488947,0.4038090233649428,118.3,0.0397,0.0975,0.2635,0.421,13.8365,40.2516,0.9887,72273.0,U25
Michael Massey,686681,/api/v1/people/686681,2025,27,KC,AL,2B,77,277,262,20,64,9,0,3,20,2,9,43,1,4,0.244,0.268,0.313,0.581,62.6,1,michael massey,Michael Massey,KC,2B,790250.0,790250.0,790250.0,both,0.31515048442488947,0.4038090233649428,62.6,0.0108,0.0325,0.1552,0.26,3.7963,25.3084,0.7352,263417.0,Prime (25-29)
Brady House,691781,/api/v1/people/691781,2025,22,WSH,NL,3B,73,274,261,26,61,11,0,4,29,5,8,78,0,5,0.234,0.252,0.322,0.574,59.7,1,brady house,Brady House,WSH,SS,760000.0,426720.0,760000.0,both,0.31515048442488947,0.4038090233649428,59.7,0.0146,0.0292,0.2847,0.397,5.2632,38.1579,0.7553,190000.0,U25
Daulton Varsho,662139,/api/v1/people/662139,2025,28,TOR,AL,CF,71,271,248,43,59,13,2,20,55,2,17,77,1,5,0.238,0.284,0.548,0.832,125.8,1,daulton varsho,Daulton Varsho,TOR,LF/C,8200000.0,8200000.0,8200000.0,both,0.31515048442488947,0.4038090233649428,125.8,0.0738,0.0627,0.2841,0.775,2.439,6.7073,0.1015,410000.0,Prime (25-29)
Eli White,642201,/api/v1/people/642201,2025,31,ATL,NL,RF,105,271,256,43,60,8,3,10,35,10,11,70,2,1,0.234,0.27,0.406,0.676,86.2,1,eli white,Eli White,ATL,OF,790000.0,790000.0,790000.0,both,0.31515048442488947,0.4038090233649428,86.2,0.0369,0.0406,0.2583,0.333,12.6582,44.3038,0.8557,79000.0,Veteran (30-34)
Dominic Canzone,686527,/api/v1/people/686527,2025,27,SEA,AL,RF,82,269,243,30,73,11,0,11,32,3,20,59,3,2,0.3,0.358,0.481,0.839,132.7,1,dominic canzone,Dominic Canzone,SEA,RF,760000.0,604232.0,760000.0,both,0.31515048442488947,0.4038090233649428,132.7,0.0409,0.0743,0.2193,0.39,14.4737,42.1053,1.1039,69091.0,Prime (25-29)
Keibert Ruiz,660688,/api/v1/people/660688,2025,26,WSH,NL,C,68,267,255,19,63,12,0,2,25,0,8,26,3,1,0.247,0.277,0.318,0.595,66.6,1,keibert ruiz,Keibert Ruiz,WSH,C,5000000.0,5000000.0,5375000.0,both,0.31515048442488947,0.4038090233649428,66.6,0.0075,0.03,0.0974,0.368,0.4,5.0,0.119,2500000.0,Prime (25-29)
Blaze Alexander,677942,/api/v1/people/677942,2025,26,AZ,NL,3B,74,266,230,31,53,12,1,7,28,4,22,86,10,1,0.23,0.323,0.383,0.706,97.3,1,blaze alexander,Blaze Alexander,ARI,SS,766300.0,498507.0,766300.0,both,0.31515048442488947,0.4038090233649428,97.3,0.0263,0.0827,0.3233,0.378,9.1348,36.5392,0.9213,109471.0,Prime (25-29)
Oswald Peraza,672724,/api/v1/people/672724,2025,25,LAA,AL,1B,106,265,244,24,40,6,0,5,20,9,17,80,2,1,0.164,0.223,0.25,0.473,32.7,2,oswald peraza,Oswald Peraza,LAA,SS,772700.0,245086.0,772700.0,both,0.31515048442488947,0.4038090233649428,32.7,0.0189,0.0642,0.3019,0.189,6.4708,25.8833,0.6121,154540.0,Prime (25-29)
Curtis Mead,678554,/api/v1/people/678554,2025,24,CWS,AL,3B,90,264,240,26,56,10,1,3,19,5,15,63,8,1,0.233,0.299,0.321,0.62,74.4,2,curtis mead,Curtis Mead,CHW,3B,762200.0,663876.0,762200.0,both,0.31515048442488947,0.4038090233649428,74.4,0.0114,0.0568,0.2386,0.211,3.936,24.9278,0.8134,254067.0,U25
Kristian Campbell,692225,/api/v1/people/692225,2025,23,BOS,AL,2B,67,263,229,24,51,10,0,6,21,2,29,72,4,1,0.223,0.319,0.345,0.664,86.7,1,kristian campbell,Kristian Campbell,BOS,2B,1000000.0,3000000.0,1250000.0,both,0.31515048442488947,0.4038090233649428,86.7,0.0228,0.1103,0.2738,0.313,6.0,21.0,0.664,166667.0,U25
Edmundo Sosa,624641,/api/v1/people/624641,2025,29,PHI,NL,2B,89,261,243,30,67,12,1,11,39,1,10,56,2,2,0.276,0.307,0.469,0.776,113.6,1,edmundo sosa,Edmundo Sosa,PHI,3B,3000000.0,3000000.0,3000000.0,both,0.31515048442488947,0.4038090233649428,113.6,0.0421,0.0383,0.2146,0.438,3.6667,13.0,0.2587,272727.0,Prime (25-29)
Cole Young,702284,/api/v1/people/702284,2025,21,SEA,AL,2B,77,257,223,24,47,7,1,4,24,1,28,47,2,2,0.211,0.302,0.305,0.607,71.4,1,cole young,Cole Young,SEA,SS,760000.0,494406.0,760000.0,both,0.31515048442488947,0.4038090233649428,71.4,0.0156,0.1089,0.1829,0.312,5.2632,31.5789,0.7987,190000.0,U25
Enrique Hernández,571771,/api/v1/people/571771,2025,33,LAD,NL,1B,93,256,232,30,47,8,0,10,35,0,18,68,0,5,0.203,0.255,0.366,0.621,71.6,1,enrique hernandez,Enrique Hernandez,LAD,OF,6500000.0,6500000.0,6500000.0,both,0.31515048442488947,0.4038090233649428,71.6,0.0391,0.0703,0.2656,0.376,1.5385,5.3846,0.0955,650000.0,Veteran (30-34)
Will Benson,666181,/api/v1/people/666181,2025,27,CIN,NL,RF,90,253,230,31,52,8,2,12,41,2,16,67,1,6,0.226,0.273,0.435,0.708,94.3,1,will benson,Will Benson,CIN,RF,760000.0,543440.0,760000.0,both,0.31515048442488947,0.4038090233649428,94.3,0.0474,0.0632,0.2648,0.456,15.7895,53.9474,0.9316,63333.0,Prime (25-29)
Tyler Fitzgerald,666149,/api/v1/people/666149,2025,27,SF,NL,2B,72,243,217,19,47,10,1,4,14,9,17,70,2,1,0.217,0.278,0.327,0.605,69.2,1,tyler fitzgerald,Tyler Fitzgerald,SF,2B,780000.0,502161.0,780000.0,both,0.31515048442488947,0.4038090233649428,69.2,0.0165,0.07,0.2881,0.194,5.1282,17.9487,0.7756,195000.0,Prime (25-29)
Dylan Moore,664238,/api/v1/people/664238,2025,32,TEX,AL,2B,106,243,219,35,44,5,0,11,25,14,20,82,1,3,0.201,0.267,0.374,0.641,77.3,2,dylan moore,Dylan Moore,TEX,2B,760000.0,126667.0,760000.0,both,0.31515048442488947,0.4038090233649428,77.3,0.0453,0.0823,0.3374,0.236,14.4737,32.8947,0.8434,69091.0,Veteran (30-34)
Nick Fortes,663743,/api/v1/people/663743,2025,28,TB,AL,C,97,242,218,19,50,9,1,5,21,1,14,47,7,1,0.229,0.296,0.349,0.645,80.4,2,nick fortes,Nick Fortes,TB,C,1860000.0,610000.0,1860000.0,both,0.31515048442488947,0.4038090233649428,80.4,0.0207,0.0579,0.1942,0.216,2.6882,11.2903,0.3468,372000.0,Prime (25-29)
LaMonte Wade Jr.,664774,/api/v1/people/664774,2025,31,LAA,AL,RF,80,242,209,19,35,8,2,2,18,1,27,58,3,1,0.167,0.271,0.254,0.525,48.9,2,lamonte wade,,,,,,,left_only,0.31515048442488947,0.4038090233649428,48.9,0.0083,0.1116,0.2397,0.225,,,,,Veteran (30-34)
Dylan Carlson,666185,/api/v1/people/666185,2025,26,BAL,AL,LF,83,241,217,17,44,9,1,6,20,3,21,54,2,1,0.203,0.278,0.336,0.614,71.4,1,dylan carlson,Dylan Carlson,BAL,LF,975000.0,1000000.0,1000000.0,both,0.31515048442488947,0.4038090233649428,71.4,0.0249,0.0871,0.2241,0.241,6.1538,20.5128,0.6297,162500.0,Prime (25-29)
Alexander Canario,672744,/api/v1/people/672744,2025,25,PIT,NL,LF,87,234,216,25,47,6,1,6,20,3,17,80,0,1,0.218,0.274,0.338,0.612,70.6,1,alexander canario,Alexander Canario,PIT,OF,760000.0,743656.0,760000.0,both,0.31515048442488947,0.4038090233649428,70.6,0.0256,0.0726,0.3419,0.23,7.8947,26.3158,0.8053,126667.0,Prime (25-29)
Jakob Marsee,805300,/api/v1/people/805300,2025,24,MIA,NL,CF,55,234,209,28,61,18,3,5,33,14,22,48,2,1,0.292,0.363,0.478,0.841,133.6,1,jakob marsee,Jakob Marsee,MIA,OF,760000.0,241075.0,760000.0,both,0.31515048442488947,0.4038090233649428,133.6,0.0214,0.094,0.2051,0.6,6.5789,43.4211,1.1066,152000.0,U25
Jac Caglianone,695506,/api/v1/people/695506,2025,22,KC,AL,RF,62,232,210,19,33,6,1,7,18,1,18,52,4,0,0.157,0.237,0.295,0.532,48.3,1,jac caglianone,Jac Caglianone,KC,1B,760000.0,482151.0,760000.0,both,0.31515048442488947,0.4038090233649428,48.3,0.0302,0.0776,0.2241,0.29,9.2105,23.6842,0.7,108571.0,U25
Travis d'Arnaud,518595,/api/v1/people/518595,2025,36,LAA,AL,C,69,231,213,16,42,13,0,6,21,0,13,74,4,1,0.197,0.255,0.343,0.598,65.9,1,travis darnaud,Travis d'Arnaud,LAA,C,6000000.0,6000000.0,6000000.0,both,0.31515048442488947,0.4038090233649428,65.9,0.026,0.0563,0.3203,0.304,1.0,3.5,0.0997,1000000.0,Late (35+)
Davis Schneider,676914,/api/v1/people/676914,2025,26,TOR,AL,LF,82,227,188,33,44,5,0,11,31,3,36,60,2,1,0.234,0.361,0.436,0.797,122.5,1,davis schneider,Davis Schneider,TOR,3B,780000.0,681399.0,780000.0,both,0.31515048442488947,0.4038090233649428,122.5,0.0485,0.1586,0.2643,0.378,14.1026,39.7436,1.0218,70909.0,Prime (25-29)
Dominic Smith,642086,/api/v1/people/642086,2025,30,SF,NL,1B,63,225,204,26,58,12,0,5,33,2,15,42,2,4,0.284,0.333,0.417,0.75,108.9,1,dominic smith,Dominic Smith,SF,1B/LF,943548.0,943548.0,943548.0,both,0.31515048442488947,0.4038090233649428,108.9,0.0222,0.0667,0.1867,0.524,5.2991,34.9744,0.7949,188710.0,Veteran (30-34)
Tim Tawa,694374,/api/v1/people/694374,2025,26,AZ,NL,2B,74,225,199,29,40,8,0,7,18,8,20,64,1,3,0.201,0.274,0.347,0.621,72.9,1,tim tawa,Tim Tawa,ARI,2B,760000.0,457634.0,760000.0,both,0.31515048442488947,0.4038090233649428,72.9,0.0311,0.0889,0.2844,0.243,9.2105,23.6842,0.8171,108571.0,Prime (25-29)
Jake McCarthy,664983,/api/v1/people/664983,2025,27,AZ,NL,LF,67,222,206,18,42,7,5,4,20,6,10,40,2,1,0.204,0.247,0.345,0.592,63.8,1,jake mccarthy,Jake McCarthy,ARI,CF,803900.0,661337.0,803900.0,both,0.31515048442488947,0.4038090233649428,63.8,0.018,0.045,0.1802,0.299,4.9757,24.8787,0.7364,200975.0,Prime (25-29)
Anthony Santander,623993,/api/v1/people/623993,2025,30,TOR,AL,DH,54,221,194,16,34,5,0,6,18,0,25,61,1,1,0.175,0.271,0.294,0.565,58.8,1,anthony santander,Anthony Santander,TOR,LF,13500000.0,10250000.0,16200000.0,both,0.31515048442488947,0.4038090233649428,58.8,0.0271,0.1131,0.276,0.333,0.4444,1.3333,0.0419,2250000.0,Veteran (30-34)
Evan Carter,694497,/api/v1/people/694497,2025,22,TEX,AL,CF,63,220,194,31,48,9,2,5,25,14,19,41,7,0,0.247,0.336,0.392,0.728,103.7,1,evan carter,Evan Carter,TEX,CF,760000.0,631054.0,760000.0,both,0.31515048442488947,0.4038090233649428,103.7,0.0227,0.0864,0.1864,0.397,6.5789,32.8947,0.9579,152000.0,U25
Max Muncy,691777,/api/v1/people/691777,2025,22,ATH,AL,3B,63,220,206,17,44,7,0,9,23,1,10,68,3,1,0.214,0.259,0.379,0.638,76.0,1,max muncy,Max Muncy,LAD,3B,12000000.0,12000000.0,14500000.0,both,0.31515048442488947,0.4038090233649428,76.0,0.0409,0.0455,0.3091,0.365,0.75,1.9167,0.0532,1333333.0,U25
Ezequiel Duran,677649,/api/v1/people/677649,2025,26,TEX,AL,SS,90,219,205,16,46,14,0,0,14,11,8,55,4,1,0.224,0.266,0.293,0.559,57.0,1,ezequiel duran,Ezequiel Duran,TEX,2B,776500.0,730519.0,776500.0,both,0.31515048442488947,0.4038090233649428,57.0,0.0,0.0365,0.2511,0.156,0.0,18.0296,0.7199,,Prime (25-29)
Luke Raley,670042,/api/v1/people/670042,2025,30,SEA,AL,RF,73,219,183,23,37,8,0,4,19,2,19,64,13,1,0.202,0.319,0.311,0.63,78.2,1,luke raley,Luke Raley,SEA,1B,787400.0,787400.0,787400.0,both,0.31515048442488947,0.4038090233649428,78.2,0.0183,0.0868,0.2922,0.26,5.08,24.13,0.8001,196850.0,Veteran (30-34)
Drew Waters,671221,/api/v1/people/671221,2025,26,KC,AL,LF,71,219,206,21,50,6,3,1,14,5,11,60,2,0,0.243,0.288,0.316,0.604,69.6,1,drew waters,Drew Waters,KC,OF,760000.0,355484.0,760000.0,both,0.31515048442488947,0.4038090233649428,69.6,0.0046,0.0502,0.274,0.197,1.3158,18.4211,0.7947,760000.0,Prime (25-29)
Jake Bauers,641343,/api/v1/people/641343,2025,29,MIL,NL,1B,86,218,183,28,43,9,0,7,28,8,32,59,2,1,0.235,0.353,0.399,0.752,110.8,1,jake bauers,Jake Bauers,MIL,1B/OF,1400000.0,1400000.0,1400000.0,both,0.31515048442488947,0.4038090233649428,110.8,0.0321,0.1468,0.2706,0.326,5.0,20.0,0.5371,200000.0,Prime (25-29)
Otto Kemp,805249,/api/v1/people/805249,2025,25,PHI,NL,3B,62,218,197,26,46,11,0,8,28,2,12,67,7,2,0.234,0.298,0.411,0.709,96.3,1,otto kemp,Otto Kemp,PHI,3B,760000.0,375914.0,760000.0,both,0.31515048442488947,0.4038090233649428,96.3,0.0367,0.055,0.3073,0.452,10.5263,36.8421,0.9329,95000.0,Prime (25-29)
Jake Fraley,641584,/api/v1/people/641584,2025,30,ATL,NL,RF,76,217,191,31,46,9,0,6,23,4,25,49,1,0,0.241,0.332,0.382,0.714,99.9,2,jake fraley,Jake Fraley,ATL,RF,3125000.0,688844.0,3125000.0,both,0.31515048442488947,0.4038090233649428,99.9,0.0276,0.1152,0.2258,0.303,1.92,7.36,0.2285,520833.0,Veteran (30-34)
Kameron Misner,670224,/api/v1/people/670224,2025,27,TB,AL,CF,71,217,197,27,42,9,1,5,22,8,16,69,1,2,0.213,0.273,0.345,0.618,72.1,1,kameron misner,Kameron Misner,TB,CF,760700.0,364010.0,760700.0,both,0.31515048442488947,0.4038090233649428,72.1,0.023,0.0737,0.318,0.31,6.5729,28.9207,0.8124,152140.0,Prime (25-29)
Orlando Arcia,606115,/api/v1/people/606115,2025,30,COL,NL,2B,76,214,203,13,41,7,1,3,13,0,10,47,0,1,0.202,0.238,0.291,0.529,47.6,2,orlando arcia,Orlando Arcia,COL,SS,760000.0,506664.0,760000.0,both,0.31515048442488947,0.4038090233649428,47.6,0.014,0.0467,0.2196,0.171,3.9474,17.1053,0.6961,253333.0,Veteran (30-34)
Christian Vázquez,543877,/api/v1/people/543877,2025,34,MIN,AL,C,65,214,190,14,36,7,0,3,14,1,18,35,4,2,0.189,0.271,0.274,0.545,53.8,1,christian vazquez,Christian Vazquez,MIN,C,10000000.0,10000000.0,10000000.0,both,0.31515048442488947,0.4038090233649428,53.8,0.014,0.0841,0.1636,0.215,0.3,1.4,0.0545,3333333.0,Veteran (30-34)
Parker Meadows,678009,/api/v1/people/678009,2025,25,DET,AL,CF,58,213,191,22,41,6,2,4,16,4,21,56,0,1,0.215,0.291,0.33,0.621,74.1,1,parker meadows,Parker Meadows,DET,CF,781600.0,781600.0,781600.0,both,0.31515048442488947,0.4038090233649428,74.1,0.0188,0.0986,0.2629,0.276,5.1177,20.4708,0.7945,195400.0,Prime (25-29)
Max Schuemann,680474,/api/v1/people/680474,2025,28,ATH,AL,2B,101,213,183,20,36,4,2,2,13,7,22,35,4,1,0.197,0.295,0.273,0.568,61.2,1,max schuemann,Max Schuemann,ATH,SS,765000.0,727983.0,765000.0,both,0.31515048442488947,0.4038090233649428,61.2,0.0094,0.1033,0.1643,0.129,2.6144,16.9935,0.7425,382500.0,Prime (25-29)
Alex Verdugo,657077,/api/v1/people/657077,2025,29,ATL,NL,LF,56,213,197,21,47,10,0,0,12,1,14,31,2,0,0.239,0.296,0.289,0.585,65.5,1,alex verdugo,,,,,,,left_only,0.31515048442488947,0.4038090233649428,65.5,0.0,0.0657,0.1455,0.214,,,,,Prime (25-29)
Josh Rojas,668942,/api/v1/people/668942,2025,31,CWS,AL,3B,69,211,189,14,34,9,0,2,11,4,19,48,0,2,0.18,0.252,0.259,0.511,44.1,1,josh rojas,,,,,,,left_only,0.31515048442488947,0.4038090233649428,44.1,0.0095,0.09,0.2275,0.159,,,,,Veteran (30-34)
Tyler O'Neill,641933,/api/v1/people/641933,2025,30,BAL,AL,RF,54,209,181,22,36,6,1,9,26,4,22,51,3,3,0.199,0.292,0.392,0.684,89.7,1,tyler oneill,Tyler O'Neill,BAL,RF,16500000.0,16500000.0,16500000.0,both,0.31515048442488947,0.4038090233649428,89.7,0.0431,0.1053,0.244,0.481,0.5455,1.5758,0.0415,1833333.0,Veteran (30-34)
Rob Refsnyder,608701,/api/v1/people/608701,2025,34,BOS,AL,RF,70,209,182,29,49,12,0,9,30,3,24,54,1,2,0.269,0.354,0.484,0.838,132.2,1,rob refsnyder,Rob Refsnyder,BOS,RF,2100000.0,2100000.0,2100000.0,both,0.31515048442488947,0.4038090233649428,132.2,0.0431,0.1148,0.2584,0.429,4.2857,14.2857,0.399,233333.0,Veteran (30-34)
Nacho Alvarez Jr.,805373,/api/v1/people/805373,2025,22,ATL,NL,3B,58,208,188,18,44,12,0,2,15,0,12,49,5,1,0.234,0.296,0.33,0.626,75.6,1,nacho alvarez,,,,,,,left_only,0.31515048442488947,0.4038090233649428,75.6,0.0096,0.0577,0.2356,0.259,,,,,U25
Paul DeJong,657557,/api/v1/people/657557,2025,31,WSH,NL,3B,57,208,193,18,44,10,0,6,23,4,11,70,1,3,0.228,0.269,0.373,0.642,77.7,1,paul dejong,Paul DeJong,WSH,3B,1000000.0,1100000.0,1100000.0,both,0.31515048442488947,0.4038090233649428,77.7,0.0288,0.0529,0.3365,0.404,6.0,23.0,0.642,166667.0,Veteran (30-34)
Edouard Julien,666397,/api/v1/people/666397,2025,26,MIN,AL,1B,64,208,182,13,40,10,0,3,12,0,22,61,2,1,0.22,0.309,0.324,0.633,78.3,1,edouard julien,Edouard Julien,MIN,2B,772750.0,400430.0,772750.0,both,0.31515048442488947,0.4038090233649428,78.3,0.0144,0.1058,0.2933,0.188,3.8822,15.529,0.8192,257583.0,Prime (25-29)
Luke Keaschall,807712,/api/v1/people/807712,2025,22,MIN,AL,2B,49,207,182,25,55,14,0,4,28,14,19,29,5,1,0.302,0.382,0.445,0.827,131.4,1,luke keaschall,Luke Keaschall,MIN,2B,760000.0,236989.0,760000.0,both,0.31515048442488947,0.4038090233649428,131.4,0.0193,0.0918,0.1401,0.571,5.2632,36.8421,1.0882,190000.0,U25
Ryan Ritter,690022,/api/v1/people/690022,2025,24,COL,NL,SS,60,207,187,22,45,9,3,1,18,3,10,61,5,1,0.241,0.296,0.337,0.633,77.4,1,ryan ritter,Ryan Ritter,COL,SS,760000.0,469892.0,760000.0,both,0.31515048442488947,0.4038090233649428,77.4,0.0048,0.0483,0.2947,0.3,1.3158,23.6842,0.8329,760000.0,U25
Robert Hassell III,690987,/api/v1/people/690987,2025,23,WSH,NL,CF,70,206,197,22,44,9,0,3,18,4,8,62,1,0,0.223,0.257,0.315,0.572,59.6,1,robert hassell,Robert Hassell,WSH,OF,760000.0,345440.0,760000.0,both,0.31515048442488947,0.4038090233649428,59.6,0.0146,0.0388,0.301,0.257,3.9474,23.6842,0.7526,253333.0,U25
Masataka Yoshida,807799,/api/v1/people/807799,2025,31,BOS,AL,DH,55,205,188,16,50,11,0,4,26,3,10,24,3,4,0.266,0.307,0.388,0.695,93.5,1,masataka yoshida,Masataka Yoshida,BOS,DH,18000000.0,18000000.0,18600000.0,both,0.31515048442488947,0.4038090233649428,93.5,0.0195,0.0488,0.1171,0.473,0.2222,1.4444,0.0386,4500000.0,Veteran (30-34)
Jose Herrera,645444,/api/v1/people/645444,2025,28,AZ,NL,C,58,204,166,21,31,6,0,2,17,0,23,47,1,3,0.187,0.285,0.259,0.544,54.6,1,jose herrera,Jose Herrera,ARI,C,772200.0,618648.0,772200.0,both,0.31515048442488947,0.4038090233649428,54.6,0.0098,0.1127,0.2304,0.293,2.59,22.015,0.7045,386100.0,Prime (25-29)
Yordan Alvarez,670541,/api/v1/people/670541,2025,28,HOU,AL,DH,48,199,165,17,45,8,0,6,27,1,28,33,0,6,0.273,0.367,0.43,0.797,122.9,1,yordan alvarez,Yordan Alvarez,HOU,DH/LF,15000000.0,15000000.0,15833333.0,both,0.31515048442488947,0.4038090233649428,122.9,0.0302,0.1407,0.1658,0.562,0.4,1.8,0.0531,2500000.0,Prime (25-29)
Darell Hernaiz,687231,/api/v1/people/687231,2025,23,ATH,AL,SS,51,197,173,17,40,5,1,2,16,3,17,24,0,5,0.231,0.292,0.306,0.598,68.4,1,darell hernaiz,Darell Hernaiz,ATH,SS,760000.0,253333.0,760000.0,both,0.31515048442488947,0.4038090233649428,68.4,0.0102,0.0863,0.1218,0.314,2.6316,21.0526,0.7868,380000.0,U25
Gio Urshela,570482,/api/v1/people/570482,2025,33,ATH,AL,3B,59,197,181,10,43,14,1,0,20,0,13,40,0,1,0.238,0.287,0.326,0.613,71.8,1,giovanny urshela,,,,,,,left_only,0.31515048442488947,0.4038090233649428,71.8,0.0,0.066,0.203,0.339,,,,,Veteran (30-34)
David Hamilton,666152,/api/v1/people/666152,2025,27,BOS,AL,2B,91,194,177,27,35,4,1,6,19,22,13,47,1,0,0.198,0.257,0.333,0.59,64.0,1,david hamilton,David Hamilton,BOS,SS,780000.0,683548.0,780000.0,both,0.31515048442488947,0.4038090233649428,64.0,0.0309,0.067,0.2423,0.209,7.6923,24.359,0.7564,130000.0,Prime (25-29)
Luisangel Acuña,682668,/api/v1/people/682668,2025,23,NYM,NL,2B,95,193,175,30,41,7,0,0,8,16,13,37,2,1,0.234,0.293,0.274,0.567,60.8,1,luisangel acuna,Luisangel Acuna,NYM,2B,766000.0,576559.0,766000.0,both,0.31515048442488947,0.4038090233649428,60.8,0.0,0.0674,0.1917,0.084,0.0,10.4439,0.7402,,U25
Andy Ibáñez,628451,/api/v1/people/628451,2025,32,DET,AL,3B,91,193,176,24,42,8,0,4,21,4,12,26,4,1,0.239,0.301,0.352,0.653,82.7,1,andy ibanez,Andy Ibanez,DET,2B,1400000.0,1016129.0,1400000.0,both,0.31515048442488947,0.4038090233649428,82.7,0.0207,0.0622,0.1347,0.231,2.8571,15.0,0.4664,350000.0,Veteran (30-34)
Ha-Seong Kim,673490,/api/v1/people/673490,2025,29,ATL,NL,SS,48,191,171,19,40,4,0,5,17,6,16,39,2,2,0.234,0.304,0.345,0.649,81.9,2,haseong kim,Ha-seong Kim,ATL,SS,13000000.0,1887084.0,13000000.0,both,0.31515048442488947,0.4038090233649428,81.9,0.0262,0.0838,0.2042,0.354,0.3846,1.3077,0.0499,2600000.0,Prime (25-29)
Christian Koss,683766,/api/v1/people/683766,2025,27,SF,NL,2B,76,191,174,25,46,9,0,3,23,4,9,45,3,2,0.264,0.309,0.368,0.677,89.2,1,christian koss,Christian Koss,SF,SS,760000.0,739481.0,760000.0,both,0.31515048442488947,0.4038090233649428,89.2,0.0157,0.0471,0.2356,0.303,3.9474,30.2632,0.8908,253333.0,Prime (25-29)
Amed Rosario,642708,/api/v1/people/642708,2025,29,NYY,AL,3B,63,191,181,20,50,11,0,6,23,1,7,31,2,1,0.276,0.309,0.436,0.745,106.0,2,amed rosario,Amed Rosario,NYY,SS,2000000.0,688172.0,2000000.0,both,0.31515048442488947,0.4038090233649428,106.0,0.0314,0.0366,0.1623,0.365,3.0,11.5,0.3725,333333.0,Prime (25-29)
Justin Turner,457759,/api/v1/people/457759,2025,40,CHC,NL,1B,80,191,169,14,37,7,0,3,18,2,17,37,1,4,0.219,0.288,0.314,0.602,69.1,1,justin turner,Justin Turner,CHC,3B,4000000.0,4500000.0,4500000.0,both,0.31515048442488947,0.4038090233649428,69.1,0.0157,0.089,0.1937,0.225,0.75,4.5,0.1505,1333333.0,Late (35+)
Matt Thaiss,642136,/api/v1/people/642136,2025,30,TB,AL,C,60,190,156,16,34,6,1,1,16,1,29,46,3,1,0.218,0.349,0.288,0.637,82.1,2,matt thaiss,Matt Thaiss,TB,C/1B,1000000.0,672000.0,1000000.0,both,0.31515048442488947,0.4038090233649428,82.1,0.0053,0.1526,0.2421,0.267,1.0,16.0,0.637,1000000.0,Veteran (30-34)
Nick Loftin,679845,/api/v1/people/679845,2025,26,KC,AL,LF,67,188,168,17,35,9,2,4,20,1,14,27,3,2,0.208,0.278,0.357,0.635,76.6,1,nick loftin,Nick Loftin,KC,SS,760000.0,539355.0,760000.0,both,0.31515048442488947,0.4038090233649428,76.6,0.0213,0.0745,0.1436,0.299,5.2632,26.3158,0.8355,190000.0,Prime (25-29)
Connor Wong,657136,/api/v1/people/657136,2025,29,BOS,AL,C,63,188,168,16,32,8,0,0,7,2,16,42,1,2,0.19,0.262,0.238,0.5,42.1,1,connor wong,Connor Wong,BOS,C,790000.0,790000.0,790000.0,both,0.31515048442488947,0.4038090233649428,42.1,0.0,0.0851,0.2234,0.111,0.0,8.8608,0.6329,,Prime (25-29)
Luis Matos,682641,/api/v1/people/682641,2025,23,SF,NL,RF,57,184,172,26,38,9,1,8,22,4,11,27,0,1,0.221,0.266,0.424,0.69,89.4,1,luis matos,Luis Matos,SF,OF,780000.0,588387.0,780000.0,both,0.31515048442488947,0.4038090233649428,89.4,0.0435,0.0598,0.1467,0.386,10.2564,28.2051,0.8846,97500.0,U25
Ronny Mauricio,677595,/api/v1/people/677595,2025,24,NYM,NL,3B,61,184,168,19,38,6,0,6,10,4,15,54,1,0,0.226,0.293,0.369,0.662,84.4,1,ronny mauricio,Ronny Mauricio,NYM,SS,766000.0,695989.0,766000.0,both,0.31515048442488947,0.4038090233649428,84.4,0.0326,0.0815,0.2935,0.164,7.8329,13.0548,0.8642,127667.0,U25
Christian Moore,695681,/api/v1/people/695681,2025,22,LAA,AL,2B,53,184,162,20,32,5,1,7,16,3,19,62,1,1,0.198,0.284,0.37,0.654,81.7,1,christian moore,Christian Moore,LAA,2B,760000.0,392258.0,760000.0,both,0.31515048442488947,0.4038090233649428,81.7,0.038,0.1033,0.337,0.302,9.2105,21.0526,0.8605,108571.0,U25
Graham Pauley,688363,/api/v1/people/688363,2025,24,MIA,NL,3B,62,184,161,18,36,9,1,4,11,2,21,36,0,1,0.224,0.311,0.366,0.677,89.3,1,graham pauley,Graham Pauley,MIA,3B,761500.0,577266.0,761500.0,both,0.31515048442488947,0.4038090233649428,89.3,0.0217,0.1141,0.1957,0.177,5.2528,14.4452,0.889,190375.0,U25
Jeremiah Jackson,669236,/api/v1/people/669236,2025,25,BAL,AL,RF,48,183,170,20,47,10,2,5,21,0,11,50,2,0,0.276,0.328,0.447,0.775,114.8,1,jeremiah jackson,Jeremiah Jackson,BAL,2B,760000.0,249247.0,760000.0,both,0.31515048442488947,0.4038090233649428,114.8,0.0273,0.0601,0.2732,0.438,6.5789,27.6316,1.0197,152000.0,Prime (25-29)
Sam Haggerty,664059,/api/v1/people/664059,2025,31,TEX,AL,LF,64,182,162,31,41,7,3,2,13,12,16,37,2,0,0.253,0.328,0.37,0.698,95.7,1,sam haggerty,Sam Haggerty,TEX,2B,900000.0,691935.0,900000.0,both,0.31515048442488947,0.4038090233649428,95.7,0.011,0.0879,0.2033,0.203,2.2222,14.4444,0.7756,450000.0,Veteran (30-34)
Austin Martin,668885,/api/v1/people/668885,2025,26,MIN,AL,LF,50,181,156,22,44,8,1,1,7,11,22,31,1,0,0.282,0.374,0.365,0.739,109.1,1,austin martin,Austin Martin,MIN,SS,760000.0,241075.0,760000.0,both,0.31515048442488947,0.4038090233649428,109.1,0.0055,0.1215,0.1713,0.14,1.3158,9.2105,0.9724,760000.0,Prime (25-29)
Austin Hedges,595978,/api/v1/people/595978,2025,32,CLE,AL,C,70,180,155,13,25,3,0,5,10,1,18,43,1,2,0.161,0.25,0.277,0.527,47.9,1,austin hedges,Austin Hedges,CLE,C,4000000.0,4000000.0,4000000.0,both,0.31515048442488947,0.4038090233649428,47.9,0.0278,0.1,0.2389,0.143,1.25,2.5,0.1318,800000.0,Veteran (30-34)
Leody Taveras,665750,/api/v1/people/665750,2025,26,SEA,AL,RF,58,180,171,13,35,6,1,3,17,9,5,50,0,1,0.205,0.226,0.304,0.53,47.0,2,leody taveras,Leody Taveras,SEA,CF,4750000.0,3728548.0,4750000.0,both,0.31515048442488947,0.4038090233649428,47.0,0.0167,0.0278,0.2778,0.293,0.6316,3.5789,0.1116,1583333.0,Prime (25-29)
Donovan Solano,456781,/api/v1/people/456781,2025,37,TEX,AL,2B,71,179,166,10,41,4,1,3,21,0,8,40,3,2,0.247,0.291,0.337,0.628,75.8,2,donovan solano,Donovan Solano,TEX,2B/SS,760000.0,12258.0,760000.0,both,0.31515048442488947,0.4038090233649428,75.8,0.0168,0.0447,0.2235,0.296,3.9474,27.6316,0.8263,253333.0,Late (35+)
Jack Suwinski,669261,/api/v1/people/669261,2025,26,PIT,NL,CF,59,178,150,15,22,7,0,3,10,7,24,57,4,0,0.147,0.281,0.253,0.534,51.8,1,jack suwinski,Jack Suwinski,PIT,CF,785000.0,211439.0,785000.0,both,0.31515048442488947,0.4038090233649428,51.8,0.0169,0.1348,0.3202,0.169,3.8217,12.7389,0.6803,261667.0,Prime (25-29)
Alejandro Osuna,696030,/api/v1/people/696030,2025,22,TEX,AL,LF,63,176,151,12,32,4,0,2,15,5,21,34,2,2,0.212,0.313,0.278,0.591,68.2,1,alejandro osuna,Alejandro Osuna,TEX,OF,760000.0,443687.0,760000.0,both,0.31515048442488947,0.4038090233649428,68.2,0.0114,0.1193,0.1932,0.238,2.6316,19.7368,0.7776,380000.0,U25
Miles Mastrobuoni,670156,/api/v1/people/670156,2025,29,SEA,AL,3B,76,175,152,20,38,4,0,1,12,6,17,29,0,1,0.25,0.324,0.296,0.62,76.1,1,miles mastrobuoni,Miles Mastrobuoni,SEA,LF,768000.0,611548.0,768000.0,both,0.31515048442488947,0.4038090233649428,76.1,0.0057,0.0971,0.1657,0.158,1.3021,15.625,0.8073,768000.0,Prime (25-29)
John Rave,670231,/api/v1/people/670231,2025,27,KC,AL,RF,72,175,153,18,30,5,0,4,14,7,18,46,1,1,0.196,0.283,0.307,0.59,65.8,1,john rave,John Rave,KC,CF,760000.0,416774.0,760000.0,both,0.31515048442488947,0.4038090233649428,65.8,0.0229,0.1029,0.2629,0.194,5.2632,18.4211,0.7763,190000.0,Prime (25-29)
Tyler Heineman,623168,/api/v1/people/623168,2025,34,TOR,AL,C,64,174,149,25,43,8,1,3,20,2,12,31,6,2,0.289,0.361,0.416,0.777,117.6,1,tyler heineman,Tyler Heineman,TOR,C,780300.0,780300.0,780300.0,both,0.31515048442488947,0.4038090233649428,117.6,0.0172,0.069,0.1782,0.312,3.8447,25.6312,0.9958,260100.0,Veteran (30-34)
Johan Rojas,679032,/api/v1/people/679032,2025,24,PHI,NL,CF,71,172,152,23,34,3,2,1,18,12,13,40,0,3,0.224,0.28,0.289,0.569,60.4,1,johan rojas,Johan Rojas,PHI,CF,773500.0,587142.0,773500.0,both,0.31515048442488947,0.4038090233649428,60.4,0.0058,0.0756,0.2326,0.254,1.2928,23.2708,0.7356,773500.0,U25
Blake Perkins,663368,/api/v1/people/663368,2025,28,MIL,NL,CF,54,171,155,25,35,6,2,3,19,7,15,47,1,0,0.226,0.298,0.348,0.646,80.7,1,blake perkins,Blake Perkins,MIL,RF,802500.0,785242.0,802500.0,both,0.31515048442488947,0.4038090233649428,80.7,0.0175,0.0877,0.2749,0.352,3.7383,23.676,0.805,267500.0,Prime (25-29)
Hyeseong Kim,808975,/api/v1/people/808975,2025,26,LAD,NL,2B,71,170,161,19,45,6,1,3,17,13,7,52,1,0,0.28,0.314,0.385,0.699,95.0,1,hyeseong kim,Hyeseong Kim,LAD,2B,2500000.0,3500000.0,2833333.0,both,0.31515048442488947,0.4038090233649428,95.0,0.0176,0.0412,0.3059,0.239,1.2,6.8,0.2796,833333.0,Prime (25-29)
José Tena,677588,/api/v1/people/677588,2025,24,WSH,NL,3B,50,169,152,19,37,13,2,0,16,3,15,37,1,1,0.243,0.314,0.355,0.669,87.5,1,jose tena,José Tena,WSH,SS,762400.0,419931.0,762400.0,both,0.31515048442488947,0.4038090233649428,87.5,0.0,0.0888,0.2189,0.32,0.0,20.9864,0.8775,,U25
Yohel Pozo,650968,/api/v1/people/650968,2025,28,STL,NL,C,67,168,160,16,37,8,0,5,19,0,7,22,0,1,0.231,0.262,0.375,0.637,76.0,1,yohel pozo,Yohel Pozo,STL,C,760000.0,715050.0,760000.0,both,0.31515048442488947,0.4038090233649428,76.0,0.0298,0.0417,0.131,0.284,6.5789,25.0,0.8382,152000.0,Prime (25-29)
Heston Kjerstad,677008,/api/v1/people/677008,2025,26,BAL,AL,LF,54,167,156,16,30,5,2,4,19,1,6,45,4,1,0.192,0.24,0.327,0.567,57.1,1,heston kjerstad,Heston Kjerstad,BAL,OF,764000.0,312172.0,764000.0,both,0.31515048442488947,0.4038090233649428,57.1,0.024,0.0359,0.2695,0.352,5.2356,24.8691,0.7421,191000.0,Prime (25-29)
Thairo Estrada,642731,/api/v1/people/642731,2025,29,COL,NL,2B,39,165,154,14,39,9,0,3,21,1,6,26,2,3,0.253,0.285,0.37,0.655,82.1,1,thairo estrada,Thairo Estrada,COL,2B,3250000.0,3250000.0,3250000.0,both,0.31515048442488947,0.4038090233649428,82.1,0.0182,0.0364,0.1576,0.538,0.9231,6.4615,0.2015,1083333.0,Prime (25-29)
Martín Maldonado,455117,/api/v1/people/455117,2025,38,SD,NL,C,64,161,147,11,30,6,0,4,12,0,8,57,0,0,0.204,0.245,0.327,0.572,58.7,1,martin maldonado,,,,,,,left_only,0.31515048442488947,0.4038090233649428,58.7,0.0248,0.0497,0.354,0.188,,,,,Late (35+)
Austin Slater,596103,/api/v1/people/596103,2025,32,NYY,AL,LF,65,160,148,22,32,6,1,5,13,1,11,51,0,0,0.216,0.27,0.372,0.642,77.8,2,austin slater,Austin Slater,NYY,LF,1750000.0,573925.0,1750000.0,both,0.31515048442488947,0.4038090233649428,77.8,0.0312,0.0688,0.3188,0.2,2.8571,7.4286,0.3669,350000.0,Veteran (30-34)
Denzel Clarke,672016,/api/v1/people/672016,2025,25,ATH,AL,CF,47,159,148,18,34,8,2,3,8,6,6,61,3,0,0.23,0.274,0.372,0.646,79.1,1,denzel clarke,Denzel Clarke,ATH,CF,760000.0,527096.0,760000.0,both,0.31515048442488947,0.4038090233649428,79.1,0.0189,0.0377,0.3836,0.17,3.9474,10.5263,0.85,253333.0,Prime (25-29)
David Fry,681807,/api/v1/people/681807,2025,29,CLE,AL,DH,66,157,146,16,25,4,0,8,23,1,9,58,2,0,0.171,0.229,0.363,0.592,62.6,1,david fry,David Fry,CLE,C,781900.0,781900.0,781900.0,both,0.31515048442488947,0.4038090233649428,62.6,0.051,0.0573,0.3694,0.348,10.2315,29.4155,0.7571,97738.0,Prime (25-29)
Kyle Karros,691720,/api/v1/people/691720,2025,22,COL,NL,3B,43,156,137,20,31,4,0,1,9,0,15,41,2,2,0.226,0.308,0.277,0.585,66.3,1,kyle karros,Kyle Karros,COL,3B,760000.0,212473.0,760000.0,both,0.31515048442488947,0.4038090233649428,66.3,0.0064,0.0962,0.2628,0.209,1.3158,11.8421,0.7697,760000.0,U25
Dalton Rushing,687221,/api/v1/people/687221,2025,24,LAD,NL,C,53,155,142,15,29,5,0,4,24,0,10,58,1,2,0.204,0.258,0.324,0.582,62.1,1,dalton rushing,Dalton Rushing,LAD,C,760000.0,563871.0,760000.0,both,0.31515048442488947,0.4038090233649428,62.1,0.0258,0.0645,0.3742,0.453,5.2632,31.5789,0.7658,190000.0,U25
Jhonkensy Noel,678877,/api/v1/people/678877,2025,23,CLE,AL,RF,69,153,148,19,24,2,0,6,13,0,4,52,0,1,0.162,0.183,0.297,0.48,31.6,1,jhonkensy noel,Jhonkensy Noel,CLE,1B,766900.0,432927.0,766900.0,both,0.31515048442488947,0.4038090233649428,31.6,0.0392,0.0261,0.3399,0.188,7.8237,16.9514,0.6259,127817.0,U25
Alan Roden,702176,/api/v1/people/702176,2025,25,MIN,AL,LF,55,153,136,17,26,6,1,2,9,1,8,37,6,3,0.191,0.261,0.294,0.555,55.6,2,alan roden,Alan Roden,MIN,RF,760000.0,241075.0,760000.0,both,0.31515048442488947,0.4038090233649428,55.6,0.0131,0.0523,0.2418,0.164,2.6316,11.8421,0.7303,380000.0,Prime (25-29)
Jahmai Jones,663330,/api/v1/people/663330,2025,27,DET,AL,DH,72,150,129,21,37,11,1,7,23,2,18,32,3,0,0.287,0.387,0.55,0.937,159.0,1,jahmai jones,Jahmai Jones,DET,OF,810000.0,500806.0,810000.0,both,0.31515048442488947,0.4038090233649428,159.0,0.0467,0.12,0.2133,0.319,8.642,28.3951,1.1568,115714.0,Prime (25-29)
Bryce Teodosio,669326,/api/v1/people/669326,2025,26,LAA,AL,CF,50,150,138,12,28,7,2,1,7,7,5,47,4,2,0.203,0.248,0.304,0.552,54.0,1,bryce teodosio,Bryce Teodosio,LAA,CF,760000.0,236989.0,760000.0,both,0.31515048442488947,0.4038090233649428,54.0,0.0067,0.0333,0.3133,0.14,1.3158,9.2105,0.7263,760000.0,Prime (25-29)
Derek Hill,656537,/api/v1/people/656537,2025,29,CWS,AL,CF,57,149,134,19,29,6,0,3,11,7,9,48,3,0,0.216,0.281,0.328,0.609,70.4,2,derek hill,Derek Hill,CHW,CF,831000.0,22340.0,831000.0,both,0.31515048442488947,0.4038090233649428,70.4,0.0201,0.0604,0.3221,0.193,3.6101,13.2371,0.7329,277000.0,Prime (25-29)
Will Wagner,695238,/api/v1/people/695238,2025,26,SD,NL,X,55,149,129,15,29,7,0,0,7,1,17,28,2,0,0.225,0.324,0.279,0.603,71.9,2,will wagner,Will Wagner,SD,DH,763000.0,46174.0,763000.0,both,0.31515048442488947,0.4038090233649428,71.9,0.0,0.1141,0.1879,0.127,0.0,9.1743,0.7903,,Prime (25-29)
Brandon Lockridge,663604,/api/v1/people/663604,2025,28,MIL,NL,CF,67,148,134,17,31,7,1,0,11,10,8,36,1,2,0.231,0.276,0.299,0.575,61.6,2,brandon lockridge,Brandon Lockridge,MIL,OF,760300.0,122640.0,760300.0,both,0.31515048442488947,0.4038090233649428,61.6,0.0,0.0541,0.2432,0.164,0.0,14.468,0.7563,,Prime (25-29)
James Outman,681546,/api/v1/people/681546,2025,28,MIN,AL,CF,59,148,134,19,18,5,1,6,11,1,12,63,2,0,0.134,0.216,0.321,0.537,48.0,2,james outman,James Outman,MIN,CF,800000.0,197151.0,800000.0,both,0.31515048442488947,0.4038090233649428,48.0,0.0405,0.0811,0.4257,0.186,7.5,13.75,0.6712,133333.0,Prime (25-29)
Yanquiel Fernández,692585,/api/v1/people/692585,2025,22,COL,NL,DH,52,147,138,13,31,5,0,4,11,0,8,44,0,1,0.225,0.265,0.348,0.613,70.3,1,yanquiel fernandez,Yanquiel Fernandez,COL,OF,760000.0,367742.0,760000.0,both,0.31515048442488947,0.4038090233649428,70.3,0.0272,0.0544,0.2993,0.212,5.2632,14.4737,0.8066,190000.0,U25
Warming Bernabel,682653,/api/v1/people/682653,2025,23,COL,NL,1B,40,146,139,15,35,8,1,4,14,1,7,25,0,0,0.252,0.288,0.41,0.698,92.9,1,warming bernabel,Warming Bernabel,COL,SS,760000.0,265591.0,760000.0,both,0.31515048442488947,0.4038090233649428,92.9,0.0274,0.0479,0.1712,0.35,5.2632,18.4211,0.9184,190000.0,U25
Joshua Palacios,641943,/api/v1/people/641943,2025,29,CWS,AL,RF,51,145,128,11,26,4,0,3,9,0,12,36,4,0,0.203,0.292,0.305,0.597,68.2,1,joshua palacios,Joshua Palacios,CHW,CF,760000.0,273226.0,760000.0,both,0.31515048442488947,0.4038090233649428,68.2,0.0207,0.0828,0.2483,0.176,3.9474,11.8421,0.7855,253333.0,Prime (25-29)
DJ LeMahieu,518934,/api/v1/people/518934,2025,36,NYY,AL,2B,45,142,128,13,34,3,0,2,12,0,14,35,0,0,0.266,0.338,0.336,0.674,90.5,1,dj lemahieu,,,,,,,left_only,0.31515048442488947,0.4038090233649428,90.5,0.0141,0.0986,0.2465,0.267,,,,,Late (35+)
Jake Rogers,668670,/api/v1/people/668670,2025,30,DET,AL,C,49,142,123,14,23,5,2,3,19,0,15,39,1,2,0.187,0.277,0.333,0.61,70.4,1,jake rogers,Jake Rogers,DET,C,2640000.0,2640000.0,2640000.0,both,0.31515048442488947,0.4038090233649428,70.4,0.0211,0.1056,0.2746,0.388,1.1364,7.197,0.2311,880000.0,Veteran (30-34)
Lane Thomas,657041,/api/v1/people/657041,2025,29,CLE,AL,CF,39,142,125,10,20,2,0,4,11,4,14,44,1,2,0.16,0.246,0.272,0.518,45.4,1,lane thomas,Lane Thomas,CLE,CF,7825000.0,7825000.0,7825000.0,both,0.31515048442488947,0.4038090233649428,45.4,0.0282,0.0986,0.3099,0.282,0.5112,1.4058,0.0662,1956250.0,Prime (25-29)
Reese McGuire,624512,/api/v1/people/624512,2025,30,CHC,NL,C,45,140,133,17,30,2,0,9,24,0,4,27,0,2,0.226,0.245,0.444,0.689,87.7,1,reese mcguire,Reese McGuire,CHC,C,1500000.0,1024194.0,1500000.0,both,0.31515048442488947,0.4038090233649428,87.7,0.0643,0.0286,0.1929,0.533,6.0,16.0,0.4593,166667.0,Veteran (30-34)
Kyren Paris,677347,/api/v1/people/677347,2025,23,LAA,AL,CF,44,140,126,20,24,4,1,6,11,7,10,59,3,0,0.19,0.266,0.381,0.647,78.8,1,kyren paris,Kyren Paris,LAA,SS,770000.0,257419.0,770000.0,both,0.31515048442488947,0.4038090233649428,78.8,0.0429,0.0714,0.4214,0.25,7.7922,14.2857,0.8403,128333.0,U25
CJ Kayfus,692216,/api/v1/people/692216,2025,23,CLE,AL,RF,44,138,123,16,27,10,1,4,19,4,11,38,2,1,0.22,0.292,0.415,0.707,95.4,1,cj kayfus,C.J. Kayfus,CLE,1B,760000.0,236989.0,760000.0,both,0.31515048442488947,0.4038090233649428,95.4,0.029,0.0797,0.2754,0.432,5.2632,25.0,0.9303,190000.0,U25
Dylan Beavers,687637,/api/v1/people/687637,2025,23,BAL,AL,LF,35,137,110,16,25,5,1,4,14,2,26,36,0,0,0.227,0.375,0.4,0.775,118.0,1,dylan beavers,Dylan Beavers,BAL,RF,760000.0,179785.0,760000.0,both,0.31515048442488947,0.4038090233649428,118.0,0.0292,0.1898,0.2628,0.4,5.2632,18.4211,1.0197,190000.0,U25
Christian Encarnacion-Strand,687952,/api/v1/people/687952,2025,25,CIN,NL,1B,36,137,130,13,27,4,0,6,19,0,3,32,2,2,0.208,0.234,0.377,0.611,67.6,1,christian encarnacionstrand,Christian Encarnacion-Strand,CIN,1B,770000.0,442957.0,770000.0,both,0.31515048442488947,0.4038090233649428,67.6,0.0438,0.0219,0.2336,0.528,7.7922,24.6753,0.7935,128333.0,Prime (25-29)
James McCann,543510,/api/v1/people/543510,2025,35,AZ,NL,C,42,137,123,18,32,6,0,5,17,0,8,33,4,1,0.26,0.324,0.431,0.755,109.5,1,james mccann,James McCann,ARI,C,1000000.0,526882.0,1000000.0,both,0.31515048442488947,0.4038090233649428,109.5,0.0365,0.0584,0.2409,0.405,5.0,17.0,0.755,200000.0,Late (35+)
Marcelo Mayer,691785,/api/v1/people/691785,2025,22,BOS,AL,3B,44,136,127,20,29,8,1,4,10,0,8,41,0,1,0.228,0.272,0.402,0.674,85.9,1,marcelo mayer,Marcelo Mayer,BOS,3B,760000.0,523010.0,760000.0,both,0.31515048442488947,0.4038090233649428,85.9,0.0294,0.0588,0.3015,0.227,5.2632,13.1579,0.8868,190000.0,U25
Andruw Monasterio,655316,/api/v1/people/655316,2025,28,MIL,NL,SS,68,135,126,19,34,9,0,4,16,2,7,32,2,0,0.27,0.319,0.437,0.756,109.4,1,andruw monasterio,Andruw Monasterio,MIL,SS,760000.0,588387.0,760000.0,both,0.31515048442488947,0.4038090233649428,109.4,0.0296,0.0519,0.237,0.235,5.2632,21.0526,0.9947,190000.0,Prime (25-29)
Taylor Trammell,666211,/api/v1/people/666211,2025,27,HOU,AL,CF,52,135,117,15,23,7,0,3,12,3,17,41,0,1,0.197,0.296,0.333,0.629,76.4,1,taylor trammell,Taylor Trammell,HOU,OF,765200.0,765200.0,765200.0,both,0.31515048442488947,0.4038090233649428,76.4,0.0222,0.1259,0.3037,0.231,3.9205,15.6822,0.822,255067.0,Prime (25-29)
Matt Mervis,670223,/api/v1/people/670223,2025,27,MIA,NL,1B,42,134,120,15,21,4,0,7,14,0,11,50,2,1,0.175,0.254,0.383,0.637,75.4,1,matt mervis,,,,,,,left_only,0.31515048442488947,0.4038090233649428,75.4,0.0522,0.0821,0.3731,0.333,,,,,Prime (25-29)
Colby Thomas,687515,/api/v1/people/687515,2025,24,ATH,AL,RF,49,132,120,20,27,5,0,6,19,2,7,49,1,3,0.225,0.267,0.417,0.684,88.0,1,colby thomas,Colby Thomas,ATH,RF,760000.0,322795.0,760000.0,both,0.31515048442488947,0.4038090233649428,88.0,0.0455,0.053,0.3712,0.388,7.8947,25.0,0.9,126667.0,U25
Adrian Del Castillo,680728,/api/v1/people/680728,2025,25,AZ,NL,DH,44,131,120,9,29,6,0,4,17,0,8,47,1,2,0.242,0.29,0.392,0.682,89.1,1,adrian del castillo,Adrian Del Castillo,ARI,C,760000.0,298279.0,760000.0,both,0.31515048442488947,0.4038090233649428,89.1,0.0305,0.0611,0.3588,0.386,5.2632,22.3684,0.8974,190000.0,Prime (25-29)
Jacob Stallings,607732,/api/v1/people/607732,2025,35,BAL,AL,C,43,129,119,5,16,4,0,0,9,0,6,40,3,0,0.134,0.195,0.168,0.363,3.5,2,jacob stallings,Jacob Stallings,BAL,C,760000.0,114408.0,760000.0,both,0.31515048442488947,0.4038090233649428,3.5,0.0,0.0465,0.3101,0.209,0.0,11.8421,0.4776,,Late (35+)
Adael Amador,691182,/api/v1/people/691182,2025,22,COL,NL,2B,41,128,113,5,20,7,0,1,10,1,11,27,1,0,0.177,0.256,0.265,0.521,46.9,1,adael amador,Adael Amador,COL,SS,760000.0,249247.0,760000.0,both,0.31515048442488947,0.4038090233649428,46.9,0.0078,0.0859,0.2109,0.244,1.3158,13.1579,0.6855,760000.0,U25
Brendan Rodgers,663898,/api/v1/people/663898,2025,28,HOU,AL,2B,43,128,115,12,22,4,0,2,11,0,11,46,1,1,0.191,0.266,0.278,0.544,53.2,1,brendan rodgers,Brendan Rodgers,HOU,2B,2000000.0,2000000.0,2000000.0,both,0.31515048442488947,0.4038090233649428,53.2,0.0156,0.0859,0.3594,0.256,1.0,5.5,0.272,1000000.0,Prime (25-29)
Ben Rortvedt,666163,/api/v1/people/666163,2025,27,LAD,NL,C,44,128,112,9,17,3,0,1,10,0,11,23,2,0,0.152,0.24,0.205,0.445,26.9,2,ben rortvedt,Ben Rortvedt,LAD,C,1125000.0,362903.0,1125000.0,both,0.31515048442488947,0.4038090233649428,26.9,0.0078,0.0859,0.1797,0.227,0.8889,8.8889,0.3956,1125000.0,Prime (25-29)
Justyn-Henry Malloy,669234,/api/v1/people/669234,2025,25,DET,AL,DH,52,127,104,15,23,6,0,1,17,0,20,32,1,2,0.221,0.346,0.308,0.654,86.1,1,justynhenry malloy,Justyn-Henry Malloy,DET,DH,800000.0,433118.0,800000.0,both,0.31515048442488947,0.4038090233649428,86.1,0.0079,0.1575,0.252,0.327,1.25,21.25,0.8175,800000.0,Prime (25-29)
Emmanuel Rivera,656896,/api/v1/people/656896,2025,29,BAL,AL,3B,43,127,120,5,30,4,0,0,13,1,6,24,1,0,0.25,0.291,0.283,0.574,62.4,1,emmanuel rivera,Emmanuel Rivera,BAL,3B,1000000.0,1000000.0,1000000.0,both,0.31515048442488947,0.4038090233649428,62.4,0.0,0.0472,0.189,0.302,0.0,13.0,0.574,,Prime (25-29)
Tyler Wade,642180,/api/v1/people/642180,2025,30,SD,NL,CF,60,127,107,13,22,1,2,0,9,1,15,31,1,0,0.206,0.309,0.252,0.561,60.5,1,tyler wade,Tyler Wade,SD,SS,900000.0,925000.0,925000.0,both,0.31515048442488947,0.4038090233649428,60.5,0.0,0.1181,0.2441,0.15,0.0,10.0,0.6233,,Veteran (30-34)
Jonah Bride,681146,/api/v1/people/681146,2025,29,MIN,AL,3B,45,125,112,7,19,2,0,0,5,0,11,39,1,1,0.17,0.248,0.188,0.436,25.2,2,jonah bride,Jonah Bride,MIN,DH,772000.0,319591.0,772000.0,both,0.31515048442488947,0.4038090233649428,25.2,0.0,0.088,0.312,0.111,0.0,6.4767,0.5648,,Prime (25-29)
Mark Canha,592192,/api/v1/people/592192,2025,36,KC,AL,LF,46,125,113,9,24,3,0,1,6,0,7,24,3,2,0.212,0.272,0.265,0.537,51.9,1,mark canha,,,,,,,left_only,0.31515048442488947,0.4038090233649428,51.9,0.008,0.056,0.192,0.13,,,,,Late (35+)
Chris Taylor,621035,/api/v1/people/621035,2025,34,LAA,AL,RF,58,125,113,15,21,7,0,2,12,2,5,42,6,1,0.186,0.256,0.301,0.557,55.8,2,chris taylor,Chris Taylor,LAA,3B/SS/OF,760000.0,514836.0,760000.0,both,0.31515048442488947,0.4038090233649428,55.8,0.016,0.04,0.336,0.207,2.6316,15.7895,0.7329,380000.0,Veteran (30-34)
Weston Wilson,642215,/api/v1/people/642215,2025,30,PHI,NL,LF,54,125,111,15,22,4,0,5,17,2,12,34,1,0,0.198,0.282,0.369,0.651,80.9,1,weston wilson,Weston Wilson,PHI,1B,764000.0,640774.0,764000.0,both,0.31515048442488947,0.4038090233649428,80.9,0.04,0.096,0.272,0.315,6.5445,22.2513,0.8521,152800.0,Veteran (30-34)
Oswaldo Cabrera,665828,/api/v1/people/665828,2025,26,NYY,AL,3B,34,122,107,17,26,4,0,1,11,0,11,25,2,1,0.243,0.322,0.308,0.63,78.4,1,oswaldo cabrera,Oswaldo Cabrera,NYY,3B,825600.0,825600.0,825600.0,both,0.31515048442488947,0.4038090233649428,78.4,0.0082,0.0902,0.2049,0.324,1.2112,13.3236,0.7631,825600.0,Prime (25-29)
Cody Freeman,683227,/api/v1/people/683227,2025,24,TEX,AL,2B,36,121,114,13,26,4,0,3,15,1,5,19,0,1,0.228,0.258,0.342,0.6,66.6,1,cody freeman,Cody Freeman,TEX,3B,760000.0,215536.0,760000.0,both,0.31515048442488947,0.4038090233649428,66.6,0.0248,0.0413,0.157,0.417,3.9474,19.7368,0.7895,253333.0,U25
Troy Johnston,687859,/api/v1/people/687859,2025,28,MIA,NL,1B,44,121,112,12,31,2,1,4,13,2,8,26,1,0,0.277,0.331,0.42,0.751,109.0,1,troy johnston,Troy Johnston,MIA,OF,760000.0,253333.0,760000.0,both,0.31515048442488947,0.4038090233649428,109.0,0.0331,0.0661,0.2149,0.295,5.2632,17.1053,0.9882,190000.0,Prime (25-29)
Ildemaro Vargas,545121,/api/v1/people/545121,2025,33,AZ,NL,2B,38,121,115,12,31,2,1,3,19,0,2,15,2,1,0.27,0.292,0.383,0.675,87.5,1,ildemaro vargas,Ildemaro Vargas,ARI,2B,1000000.0,652456.0,1000000.0,both,0.31515048442488947,0.4038090233649428,87.5,0.0248,0.0165,0.124,0.5,3.0,19.0,0.675,333333.0,Veteran (30-34)
Braxton Fulford,690924,/api/v1/people/690924,2025,26,COL,NL,C,38,120,108,11,23,5,2,1,16,1,7,36,2,3,0.213,0.267,0.324,0.591,65.0,1,braxton fulford,Braxton Fulford,COL,C,760000.0,396344.0,760000.0,both,0.31515048442488947,0.4038090233649428,65.0,0.0083,0.0583,0.3,0.421,1.3158,21.0526,0.7776,760000.0,Prime (25-29)
Samuel Basallo,694212,/api/v1/people/694212,2025,20,BAL,AL,C,31,118,109,10,18,6,0,4,15,0,6,30,3,0,0.165,0.229,0.33,0.559,54.4,1,samuel basallo,Samuel Basallo,BAL,C,760000.0,175698.0,760000.0,both,0.31515048442488947,0.4038090233649428,54.4,0.0339,0.0508,0.2542,0.484,5.2632,19.7368,0.7355,190000.0,U25
Rafael Marchán,665561,/api/v1/people/665561,2025,26,PHI,NL,C,42,118,105,9,22,4,0,2,13,0,10,17,1,1,0.21,0.282,0.305,0.587,65.0,1,rafael marchan,Rafael Marchán,PHI,C,780500.0,780500.0,780500.0,both,0.31515048442488947,0.4038090233649428,65.0,0.0169,0.0847,0.1441,0.31,2.5625,16.656,0.7521,390250.0,Prime (25-29)
Tyler Locklear,682988,/api/v1/people/682988,2025,24,AZ,NL,1B,31,116,103,11,18,0,0,3,6,3,10,43,3,0,0.175,0.267,0.262,0.529,49.6,1,tyler locklear,Tyler Locklear,ARI,1B,760000.0,39968.0,760000.0,both,0.31515048442488947,0.4038090233649428,49.6,0.0259,0.0862,0.3707,0.194,3.9474,7.8947,0.6961,253333.0,U25
Chas McCormick,676801,/api/v1/people/676801,2025,30,HOU,AL,CF,66,116,100,13,21,5,0,1,5,2,9,31,1,1,0.21,0.279,0.29,0.569,60.3,1,chas mccormick,Chas McCormick,HOU,RF,3400000.0,2943010.0,3400000.0,both,0.31515048442488947,0.4038090233649428,60.3,0.0086,0.0776,0.2672,0.076,0.2941,1.4706,0.1674,3400000.0,Veteran (30-34)
Kevin Newman,621028,/api/v1/people/621028,2025,31,LAA,AL,3B,57,116,114,13,23,2,0,2,11,1,1,23,0,0,0.202,0.209,0.272,0.481,33.7,1,kevin newman,,,,,,,left_only,0.31515048442488947,0.4038090233649428,33.7,0.0172,0.0086,0.1983,0.193,,,,,Veteran (30-34)
Victor Robles,645302,/api/v1/people/645302,2025,28,SEA,AL,RF,32,114,106,12,26,4,1,1,9,6,3,26,3,2,0.245,0.281,0.33,0.611,70.9,1,victor robles,Victor Robles,SEA,RF,3500000.0,4618281.0,4125000.0,both,0.31515048442488947,0.4038090233649428,70.9,0.0088,0.0263,0.2281,0.281,0.2857,2.5714,0.1746,3500000.0,Prime (25-29)
Triston Casas,671213,/api/v1/people/671213,2025,25,BOS,AL,1B,29,112,99,5,18,3,0,3,11,0,11,27,2,0,0.182,0.277,0.303,0.58,62.9,1,triston casas,Triston Casas,BOS,1B/3B,774000.0,774000.0,774000.0,both,0.31515048442488947,0.4038090233649428,62.9,0.0268,0.0982,0.2411,0.379,3.876,14.2119,0.7494,258000.0,Prime (25-29)
Jonatan Clase,682729,/api/v1/people/682729,2025,23,TOR,AL,LF,34,112,100,10,21,3,0,2,9,3,10,28,1,0,0.21,0.288,0.3,0.588,65.7,1,jonatan clase,Jonatan Clase,TOR,OF,760000.0,315414.0,760000.0,both,0.31515048442488947,0.4038090233649428,65.7,0.0179,0.0893,0.25,0.265,2.6316,11.8421,0.7737,380000.0,U25
Willie MacIver,680862,/api/v1/people/680862,2025,28,ATH,AL,C,33,111,102,7,19,5,0,3,9,3,7,27,2,0,0.186,0.252,0.324,0.576,60.2,1,willie maciver,Willie MacIver,ATH,C,760000.0,384086.0,760000.0,both,0.31515048442488947,0.4038090233649428,60.2,0.027,0.0631,0.2432,0.273,3.9474,11.8421,0.7579,253333.0,Prime (25-29)
Nick Martini,605361,/api/v1/people/605361,2025,35,COL,NL,DH,43,111,102,9,23,4,0,1,4,0,9,18,0,0,0.225,0.288,0.294,0.582,64.2,1,nick martini,Nick Martini,COL,RF,850000.0,850000.0,850000.0,both,0.31515048442488947,0.4038090233649428,64.2,0.009,0.0811,0.1622,0.093,1.1765,4.7059,0.6847,850000.0,Late (35+)
Leo Rivas,660844,/api/v1/people/660844,2025,27,SEA,AL,2B,48,111,90,19,22,2,0,2,9,6,20,24,1,0,0.244,0.387,0.333,0.72,105.3,1,leo rivas,,,,,,,left_only,0.31515048442488947,0.4038090233649428,105.3,0.018,0.1802,0.2162,0.188,,,,,Prime (25-29)
Mickey Gasper,681508,/api/v1/people/681508,2025,29,MIN,AL,C,45,110,95,15,15,1,0,2,11,2,10,20,3,1,0.158,0.257,0.232,0.489,39.0,1,mickey gasper,Mickey Gasper,MIN,1B,762450.0,409919.0,762450.0,both,0.31515048442488947,0.4038090233649428,39.0,0.0182,0.0909,0.1818,0.244,2.6231,14.4272,0.6414,381225.0,Prime (25-29)
Michael Helman,680737,/api/v1/people/680737,2025,29,TEX,AL,CF,38,110,99,18,23,5,1,5,20,4,7,21,1,0,0.232,0.29,0.455,0.745,104.7,1,michael helman,Michael Helman,TEX,2B,760000.0,311395.0,760000.0,both,0.31515048442488947,0.4038090233649428,104.7,0.0455,0.0636,0.1909,0.526,6.5789,26.3158,0.9803,152000.0,Prime (25-29)
Austin Wynns,642851,/api/v1/people/642851,2025,34,ATH,AL,C,40,110,103,13,30,8,0,6,21,0,5,32,0,1,0.291,0.321,0.544,0.865,136.6,2,austin wynns,Austin Wynns,ATH,C,1100000.0,668280.0,1100000.0,both,0.31515048442488947,0.4038090233649428,136.6,0.0545,0.0455,0.2909,0.525,5.4545,19.0909,0.7864,183333.0,Veteran (30-34)
Zach Dezenzo,701305,/api/v1/people/701305,2025,25,HOU,AL,LF,34,109,98,17,24,6,0,2,10,1,11,37,0,0,0.245,0.321,0.367,0.688,92.7,1,zach dezenzo,Zach Dezenzo,HOU,SS,763200.0,763200.0,763200.0,both,0.31515048442488947,0.4038090233649428,92.7,0.0183,0.1009,0.3394,0.294,2.6205,13.1027,0.9015,381600.0,Prime (25-29)
Drew Gilbert,687551,/api/v1/people/687551,2025,24,SF,NL,RF,39,109,100,12,19,5,1,3,13,1,7,20,1,1,0.19,0.248,0.35,0.598,65.4,1,drew gilbert,Drew Gilbert,SF,CF,760000.0,212473.0,760000.0,both,0.31515048442488947,0.4038090233649428,65.4,0.0275,0.0642,0.1835,0.333,3.9474,17.1053,0.7868,253333.0,U25
Hunter Renfroe,592669,/api/v1/people/592669,2025,33,KC,AL,RF,35,108,99,5,18,6,0,0,4,0,8,21,0,1,0.182,0.241,0.242,0.483,36.4,1,hunter renfroe,,,,,,,left_only,0.31515048442488947,0.4038090233649428,36.4,0.0,0.0741,0.1944,0.114,,,,,Veteran (30-34)
Jon Berti,542932,/api/v1/people/542932,2025,35,CHC,NL,3B,53,107,100,12,21,2,0,0,2,11,5,22,2,0,0.21,0.262,0.23,0.492,40.1,1,jon berti,,,,,,,left_only,0.31515048442488947,0.4038090233649428,40.1,0.0,0.0467,0.2056,0.038,,,,,Late (35+)
Carson Williams,700246,/api/v1/people/700246,2025,22,TB,AL,SS,32,106,99,11,17,3,0,5,12,2,6,44,0,0,0.172,0.219,0.354,0.573,57.2,1,carson williams,Carson Williams,TB,SS,760000.0,159355.0,760000.0,both,0.31515048442488947,0.4038090233649428,57.2,0.0472,0.0566,0.4151,0.375,6.5789,15.7895,0.7539,152000.0,U25
Vinny Capra,681962,/api/v1/people/681962,2025,28,CWS,AL,SS,47,105,96,10,12,2,0,1,6,2,3,25,1,2,0.125,0.157,0.177,0.334,-6.3,2,vinny capra,Vinny Capra,CHW,SS,761100.0,216873.0,761100.0,both,0.31515048442488947,0.4038090233649428,-6.3,0.0095,0.0286,0.2381,0.128,1.3139,7.8833,0.4388,761100.0,Prime (25-29)
Hunter Feduccia,676439,/api/v1/people/676439,2025,28,TB,AL,C,38,105,88,5,13,5,0,0,8,1,15,29,0,2,0.148,0.267,0.205,0.472,35.5,2,hunter feduccia,Hunter Feduccia,TB,C,760000.0,241074.0,760000.0,both,0.31515048442488947,0.4038090233649428,35.5,0.0,0.1429,0.2762,0.211,0.0,10.5263,0.6211,,Prime (25-29)
Cooper Hummel,669450,/api/v1/people/669450,2025,30,HOU,AL,LF,37,105,88,10,15,0,0,3,7,1,14,31,2,0,0.17,0.298,0.273,0.571,62.2,2,cooper hummel,Cooper Hummel,HOU,LF/C,760000.0,260806.0,760000.0,both,0.31515048442488947,0.4038090233649428,62.2,0.0286,0.1333,0.2952,0.189,3.9474,9.2105,0.7513,253333.0,Veteran (30-34)
Joey Loperfido,694388,/api/v1/people/694388,2025,26,TOR,AL,LF,41,104,96,12,32,4,0,4,14,1,4,27,3,0,0.333,0.379,0.5,0.879,144.1,1,joey loperfido,Joey Loperfido,TOR,OF,760000.0,335793.0,760000.0,both,0.31515048442488947,0.4038090233649428,144.1,0.0385,0.0385,0.2596,0.341,5.2632,18.4211,1.1566,190000.0,Prime (25-29)
Nick Sogard,686765,/api/v1/people/686765,2025,27,BOS,AL,1B,30,104,96,13,25,8,0,0,9,2,5,24,3,0,0.26,0.317,0.344,0.661,85.8,1,nick sogard,Nick Sogard,BOS,2B,760000.0,281935.0,760000.0,both,0.31515048442488947,0.4038090233649428,85.8,0.0,0.0481,0.2308,0.3,0.0,11.8421,0.8697,,Prime (25-29)
Miguel Amaya,665804,/api/v1/people/665804,2025,26,CHC,NL,C,28,103,96,14,27,9,0,4,25,0,4,22,1,1,0.281,0.314,0.5,0.814,123.5,1,miguel amaya,Miguel Amaya,CHC,C,782500.0,782500.0,782500.0,both,0.31515048442488947,0.4038090233649428,123.5,0.0388,0.0388,0.2136,0.893,5.1118,31.9489,1.0403,195625.0,Prime (25-29)
Enmanuel Valdez,665839,/api/v1/people/665839,2025,26,PIT,NL,1B,31,102,91,7,19,4,2,2,12,0,11,16,0,0,0.209,0.294,0.363,0.657,83.2,1,enmanuel valdez,Enmanuel Valdez,PIT,2B,800000.0,767193.0,800000.0,both,0.31515048442488947,0.4038090233649428,83.2,0.0196,0.1078,0.1569,0.387,2.5,15.0,0.8212,400000.0,Prime (25-29)
Zack Gelof,680869,/api/v1/people/680869,2025,25,ATH,AL,2B,30,101,92,12,16,3,0,2,7,1,7,46,0,1,0.174,0.23,0.272,0.502,40.3,1,zack gelof,Zack Gelof,ATH,2B,765000.0,588145.0,765000.0,both,0.31515048442488947,0.4038090233649428,40.3,0.0198,0.0693,0.4554,0.233,2.6144,9.1503,0.6562,382500.0,Prime (25-29)
Gary Sánchez,596142,/api/v1/people/596142,2025,32,BAL,AL,C,30,101,91,13,21,2,0,5,24,0,4,27,5,1,0.231,0.297,0.418,0.715,97.8,1,gary sanchez,Gary Sánchez,BAL,C,8500000.0,8500000.0,8500000.0,both,0.31515048442488947,0.4038090233649428,97.8,0.0495,0.0396,0.2673,0.8,0.5882,2.8235,0.0841,1700000.0,Veteran (30-34)
Alex Jackson,656577,/api/v1/people/656577,2025,29,BAL,AL,C,37,100,91,17,20,8,0,5,8,0,5,37,4,0,0.22,0.29,0.473,0.763,109.2,1,alex jackson,Alex Jackson,BAL,C/OF,760000.0,347311.0,760000.0,both,0.31515048442488947,0.4038090233649428,109.2,0.05,0.05,0.37,0.216,6.5789,10.5263,1.0039,152000.0,Prime (25-29)
Matt Vierling,663837,/api/v1/people/663837,2025,28,DET,AL,CF,31,100,88,6,21,3,0,1,11,2,7,24,3,2,0.239,0.31,0.307,0.617,74.4,1,matt vierling,Matt Vierling,DET,RF,3005000.0,3005000.0,3005000.0,both,0.31515048442488947,0.4038090233649428,74.4,0.01,0.07,0.24,0.355,0.3328,3.6606,0.2053,3005000.0,Prime (25-29)
Carlos Cortes,666126,/api/v1/people/666126,2025,28,ATH,AL,RF,42,99,94,11,29,8,1,4,14,0,3,20,0,2,0.309,0.323,0.543,0.866,137.0,1,carlos cortes,Carlos Cortes,ATH,2B,760000.0,281935.0,760000.0,both,0.31515048442488947,0.4038090233649428,137.0,0.0404,0.0303,0.202,0.333,5.2632,18.4211,1.1395,190000.0,Prime (25-29)
J.C. Escarra,641555,/api/v1/people/641555,2025,30,NYY,AL,C,40,98,84,5,17,5,0,2,11,1,11,14,1,2,0.202,0.296,0.333,0.629,76.4,1,jc escarra,J.C. Escarra,NYY,C,760000.0,567957.0,760000.0,both,0.31515048442488947,0.4038090233649428,76.4,0.0204,0.1122,0.1429,0.275,2.6316,14.4737,0.8276,380000.0,Veteran (30-34)
Alex Freeland,690976,/api/v1/people/690976,2025,23,LAD,NL,3B,29,97,84,10,16,2,1,2,6,1,11,35,1,0,0.19,0.292,0.31,0.602,69.4,1,alex freeland,Alex Freeland,LAD,SS,760000.0,155269.0,760000.0,both,0.31515048442488947,0.4038090233649428,69.4,0.0206,0.1134,0.3608,0.207,2.6316,7.8947,0.7921,380000.0,U25
Vidal Bruján,660644,/api/v1/people/660644,2025,27,ATL,NL,SS,61,95,87,14,22,5,0,0,8,2,6,21,1,1,0.253,0.305,0.31,0.615,73.5,3,vidal brujan,Vidal Brujan,ATL,2B,783500.0,214831.0,783500.0,both,0.31515048442488947,0.4038090233649428,73.5,0.0,0.0632,0.2211,0.131,0.0,10.2106,0.7849,,Prime (25-29)
Jason Heyward,518792,/api/v1/people/518792,2025,35,SD,NL,LF,34,95,85,9,15,2,0,2,12,0,6,20,0,3,0.176,0.223,0.271,0.494,37.9,1,jason heyward,,,,,,,left_only,0.31515048442488947,0.4038090233649428,37.9,0.0211,0.0632,0.2105,0.353,,,,,Late (35+)
Nasim Nuñez,683083,/api/v1/people/683083,2025,24,WSH,NL,SS,39,92,82,13,19,2,0,4,13,9,8,20,0,1,0.232,0.297,0.402,0.699,93.8,1,nasim nunez,Nasim Nunez,WSH,SS,760000.0,349504.0,760000.0,both,0.31515048442488947,0.4038090233649428,93.8,0.0435,0.087,0.2174,0.333,5.2632,17.1053,0.9197,190000.0,U25
Jeimer Candelario,600869,/api/v1/people/600869,2025,31,CIN,NL,3B,22,91,80,3,9,2,0,2,10,0,9,29,0,2,0.113,0.198,0.213,0.411,15.6,1,jeimer candelario,,,,,,,left_only,0.31515048442488947,0.4038090233649428,15.6,0.022,0.0989,0.3187,0.455,,,,,Veteran (30-34)
Garrett Hampson,641658,/api/v1/people/641658,2025,30,STL,NL,LF,62,91,77,19,11,2,0,0,1,3,11,29,0,0,0.143,0.25,0.169,0.419,21.2,3,garrett hampson,,,,,,,left_only,0.31515048442488947,0.4038090233649428,21.2,0.0,0.1209,0.3187,0.016,,,,,Veteran (30-34)
Will Wilson,669717,/api/v1/people/669717,2025,26,CLE,AL,2B,34,91,78,7,15,4,0,0,2,2,7,34,1,0,0.192,0.267,0.244,0.511,45.1,1,will wilson,Will Wilson,CLE,SS,760000.0,302365.0,760000.0,both,0.31515048442488947,0.4038090233649428,45.1,0.0,0.0769,0.3736,0.059,0.0,2.6316,0.6724,,Prime (25-29)
Tim Anderson,641313,/api/v1/people/641313,2025,32,LAA,AL,2B,31,90,83,8,17,3,0,0,3,1,3,29,3,0,0.205,0.258,0.241,0.499,41.5,1,tim anderson,,,,,,,left_only,0.31515048442488947,0.4038090233649428,41.5,0.0,0.0333,0.3222,0.097,,,,,Veteran (30-34)
Nate Eaton,681987,/api/v1/people/681987,2025,28,BOS,AL,RF,41,90,81,16,24,4,0,1,4,9,6,19,1,1,0.296,0.348,0.383,0.731,105.3,1,nate eaton,Nate Eaton,BOS,LF,760000.0,273763.0,760000.0,both,0.31515048442488947,0.4038090233649428,105.3,0.0111,0.0667,0.2111,0.098,1.3158,5.2632,0.9618,760000.0,Prime (25-29)
DaShawn Keirsey Jr.,680577,/api/v1/people/680577,2025,28,MIN,AL,RF,74,88,84,11,9,0,0,2,6,10,2,33,1,0,0.107,0.138,0.179,0.317,-11.9,1,dashawn keirsey,DaShawn Keirsey,MIN,OF,761250.0,589354.0,761250.0,both,0.31515048442488947,0.4038090233649428,-11.9,0.0227,0.0227,0.375,0.081,2.6273,7.8818,0.4164,380625.0,Prime (25-29)
Andrew Knizner,668800,/api/v1/people/668800,2025,30,SF,NL,C,33,88,77,12,17,1,1,1,5,0,7,10,2,1,0.221,0.299,0.299,0.598,68.9,1,andrew knizner,Andrew Knizner,SF,C,943548.0,,943548.0,both,0.31515048442488947,0.4038090233649428,68.9,0.0114,0.0795,0.1136,0.152,1.0598,5.2991,0.6338,943548.0,Veteran (30-34)
Liover Peguero,678894,/api/v1/people/678894,2025,24,PIT,NL,SS,33,88,80,9,16,1,0,4,8,4,6,25,2,0,0.2,0.273,0.363,0.636,76.5,1,liover peguero,Liover Peguero,PIT,SS,760000.0,360800.0,760000.0,both,0.31515048442488947,0.4038090233649428,76.5,0.0455,0.0682,0.2841,0.242,5.2632,10.5263,0.8368,190000.0,U25
Ronny Simon,682927,/api/v1/people/682927,2025,25,PIT,NL,RF,27,88,77,10,18,3,0,0,7,1,8,15,0,2,0.234,0.299,0.273,0.572,62.5,2,ronny simon,Ronny Simon,PIT,2B,760000.0,123728.0,760000.0,both,0.31515048442488947,0.4038090233649428,62.5,0.0,0.0909,0.1705,0.259,0.0,9.2105,0.7526,,Prime (25-29)
Griffin Conine,665052,/api/v1/people/665052,2025,27,MIA,NL,LF,24,86,79,13,20,7,0,2,8,0,7,25,0,0,0.253,0.314,0.418,0.732,103.1,1,griffin conine,Griffin Conine,MIA,LF,762500.0,738467.0,762500.0,both,0.31515048442488947,0.4038090233649428,103.1,0.0233,0.0814,0.2907,0.333,2.623,10.4918,0.96,381250.0,Prime (25-29)
Tristan Gray,656484,/api/v1/people/656484,2025,29,TB,AL,2B,30,86,78,9,18,5,0,3,9,0,6,19,0,1,0.231,0.282,0.41,0.692,91.0,1,tristan gray,Tristan Gray,TB,SS,760000.0,255499.0,760000.0,both,0.31515048442488947,0.4038090233649428,91.0,0.0349,0.0698,0.2209,0.3,3.9474,11.8421,0.9105,253333.0,Prime (25-29)
Brett Harris,695391,/api/v1/people/695391,2025,27,ATH,AL,3B,32,84,73,11,20,5,0,0,5,1,7,21,2,1,0.274,0.349,0.342,0.691,95.4,1,brett harris,Brett Harris,ATH,3B,760000.0,216559.0,760000.0,both,0.31515048442488947,0.4038090233649428,95.4,0.0,0.0833,0.25,0.156,0.0,6.5789,0.9092,,Prime (25-29)
Bryce Johnson,669369,/api/v1/people/669369,2025,29,SD,NL,LF,55,84,76,9,26,4,0,1,8,4,3,19,2,0,0.342,0.383,0.434,0.817,129.0,1,bryce johnson,Bryce Johnson,SD,CF,760000.0,434677.0,760000.0,both,0.31515048442488947,0.4038090233649428,129.0,0.0119,0.0357,0.2262,0.145,1.3158,10.5263,1.075,760000.0,Prime (25-29)
Cavan Biggio,624415,/api/v1/people/624415,2025,30,KC,AL,DH,37,83,69,9,12,2,0,1,4,1,11,21,1,0,0.174,0.296,0.246,0.542,54.8,1,cavan biggio,,,,,,,left_only,0.31515048442488947,0.4038090233649428,54.8,0.012,0.1325,0.253,0.108,,,,,Veteran (30-34)
Jorge Mateo,622761,/api/v1/people/622761,2025,30,BAL,AL,X,43,83,79,9,14,4,0,1,3,15,4,30,0,0,0.177,0.217,0.266,0.483,34.7,1,jorge mateo,Jorge Mateo,BAL,SS,3550000.0,3550000.0,3550000.0,both,0.31515048442488947,0.4038090233649428,34.7,0.012,0.0482,0.3614,0.07,0.2817,0.8451,0.1361,3550000.0,Veteran (30-34)
Bob Seymour,676044,/api/v1/people/676044,2025,26,TB,AL,1B,26,83,78,9,16,1,1,1,5,1,4,32,1,0,0.205,0.253,0.282,0.535,50.1,1,bob seymour,,,,,,,left_only,0.31515048442488947,0.4038090233649428,50.1,0.012,0.0482,0.3855,0.192,,,,,Prime (25-29)
Jesse Winker,608385,/api/v1/people/608385,2025,31,NYM,NL,DH,26,81,70,8,16,5,2,1,10,1,9,21,0,2,0.229,0.309,0.4,0.709,97.1,1,jesse winker,Jesse Winker,NYM,DH,6500000.0,7500000.0,7500000.0,both,0.31515048442488947,0.4038090233649428,97.1,0.0123,0.1111,0.2593,0.385,0.1538,1.5385,0.1091,6500000.0,Veteran (30-34)
Connor Joe,656582,/api/v1/people/656582,2025,32,CIN,NL,RF,42,80,70,2,13,4,0,0,4,2,7,20,1,2,0.186,0.263,0.243,0.506,43.6,2,connor joe,Connor Joe,CIN,1B/RF,1000000.0,505376.0,1000000.0,both,0.31515048442488947,0.4038090233649428,43.6,0.0,0.0875,0.25,0.095,0.0,4.0,0.506,,Veteran (30-34)
Jacob Melton,689200,/api/v1/people/689200,2025,24,HOU,AL,CF,32,78,70,7,11,0,1,0,7,7,6,29,1,0,0.157,0.234,0.186,0.42,20.3,1,jacob melton,Jacob Melton,HOU,CF,760000.0,453548.0,760000.0,both,0.31515048442488947,0.4038090233649428,20.3,0.0,0.0769,0.3718,0.219,0.0,9.2105,0.5526,,U25
Garrett Mitchell,669003,/api/v1/people/669003,2025,26,MIL,NL,CF,25,78,68,9,14,4,1,0,3,3,7,25,1,1,0.206,0.286,0.294,0.58,63.6,1,garrett mitchell,Garrett Mitchell,MIL,CF,772000.0,772000.0,772000.0,both,0.31515048442488947,0.4038090233649428,63.6,0.0,0.0897,0.3205,0.12,0.0,3.886,0.7513,,Prime (25-29)
Jhonny Pereda,640902,/api/v1/people/640902,2025,29,MIN,AL,C,30,78,69,4,17,6,0,0,4,0,8,21,0,0,0.246,0.325,0.333,0.658,85.6,2,jhonny pereda,Jhonny Pereda,MIN,C,760000.0,141054.0,760000.0,both,0.31515048442488947,0.4038090233649428,85.6,0.0,0.1026,0.2692,0.133,0.0,5.2632,0.8658,,Prime (25-29)
Hayden Senger,663584,/api/v1/people/663584,2025,28,NYM,NL,C,33,78,72,8,13,1,0,0,4,0,3,22,1,1,0.181,0.221,0.194,0.415,18.2,1,hayden senger,Hayden Senger,NYM,C,760000.0,416774.0,760000.0,both,0.31515048442488947,0.4038090233649428,18.2,0.0,0.0385,0.2821,0.121,0.0,5.2632,0.5461,,Prime (25-29)
Jorge Barrosa,678489,/api/v1/people/678489,2025,24,AZ,NL,CF,33,77,71,8,10,3,0,1,7,0,2,22,1,3,0.141,0.169,0.225,0.394,9.3,1,jorge barrosa,Jorge Barrosa,ARI,OF,760000.0,253333.0,760000.0,both,0.31515048442488947,0.4038090233649428,9.3,0.013,0.026,0.2857,0.212,1.3158,9.2105,0.5184,760000.0,U25
Eric Haase,606992,/api/v1/people/606992,2025,32,MIL,NL,C,30,77,70,11,16,3,0,2,9,0,4,31,2,0,0.229,0.289,0.357,0.646,80.1,1,eric haase,Eric Haase,MIL,C,1350000.0,1350000.0,1350000.0,both,0.31515048442488947,0.4038090233649428,80.1,0.026,0.0519,0.4026,0.3,1.4815,6.6667,0.4785,675000.0,Veteran (30-34)
Johnathan Rodríguez,671286,/api/v1/people/671286,2025,25,CLE,AL,RF,31,77,71,6,14,4,1,2,10,1,6,22,0,0,0.197,0.26,0.366,0.626,73.1,1,johnathan rodriguez,Johnathan Rodriguez,CLE,OF,760900.0,298632.0,760900.0,both,0.31515048442488947,0.4038090233649428,73.1,0.026,0.0779,0.2857,0.323,2.6285,13.1423,0.8227,380450.0,Prime (25-29)
Seth Brown,664913,/api/v1/people/664913,2025,32,ATH,AL,X,38,76,65,6,12,2,0,1,3,1,9,23,2,0,0.185,0.303,0.262,0.565,61.0,1,seth brown,,,,,,,left_only,0.31515048442488947,0.4038090233649428,61.0,0.0132,0.1184,0.3026,0.079,,,,,Veteran (30-34)
Blake Dunn,694362,/api/v1/people/694362,2025,26,CIN,NL,RF,30,75,60,10,9,2,0,1,7,1,8,25,7,0,0.15,0.32,0.233,0.553,59.2,1,blake dunn,Blake Dunn,CIN,OF,761500.0,179784.0,761500.0,both,0.31515048442488947,0.4038090233649428,59.2,0.0133,0.1067,0.3333,0.233,1.3132,9.1924,0.7262,761500.0,Prime (25-29)
Will Robertson,683770,/api/v1/people/683770,2025,27,CWS,AL,LF,27,75,70,2,9,1,0,0,9,0,2,27,2,1,0.129,0.173,0.143,0.316,-9.7,2,will robertson,Will Robertson,CHW,LF,760000.0,203766.0,760000.0,both,0.31515048442488947,0.4038090233649428,-9.7,0.0,0.0267,0.36,0.333,0.0,11.8421,0.4158,,Prime (25-29)
Blaine Crim,688760,/api/v1/people/688760,2025,28,COL,NL,1B,20,74,65,10,13,2,0,5,12,0,6,28,1,2,0.2,0.27,0.462,0.732,100.1,2,blaine crim,Blaine Crim,COL,1B,760000.0,96108.0,760000.0,both,0.31515048442488947,0.4038090233649428,100.1,0.0676,0.0811,0.3784,0.6,6.5789,15.7895,0.9632,152000.0,Prime (25-29)
Jordan Lawlar,691783,/api/v1/people/691783,2025,22,AZ,NL,3B,28,74,66,9,12,7,0,0,5,2,6,26,1,1,0.182,0.257,0.288,0.545,52.9,1,jordan lawlar,Jordan Lawlar,ARI,SS,760000.0,196129.0,760000.0,both,0.31515048442488947,0.4038090233649428,52.9,0.0,0.0811,0.3514,0.179,0.0,6.5789,0.7171,,U25
Jacob Amaya,676070,/api/v1/people/676070,2025,26,CWS,AL,SS,37,73,66,7,7,1,0,0,8,2,3,16,0,3,0.106,0.139,0.121,0.26,-25.9,1,jacob amaya,Jacob Amaya,CHW,SS,762125.0,262237.0,762125.0,both,0.31515048442488947,0.4038090233649428,-25.9,0.0,0.0411,0.2192,0.216,0.0,10.497,0.3412,,Prime (25-29)
Sean Bouchard,656248,/api/v1/people/656248,2025,29,COL,NL,RF,32,73,66,7,11,0,1,1,7,1,7,27,0,0,0.167,0.247,0.242,0.489,38.3,1,sean bouchard,Sean Bouchard,COL,RF,765000.0,298459.0,765000.0,both,0.31515048442488947,0.4038090233649428,38.3,0.0137,0.0959,0.3699,0.219,1.3072,9.1503,0.6392,765000.0,Prime (25-29)
Andrés Chaparro,665953,/api/v1/people/665953,2025,26,WSH,NL,1B,34,73,66,4,12,2,0,1,5,0,5,22,1,1,0.182,0.247,0.258,0.505,42.3,1,andres chaparro,Andres Chaparro,WSH,3B,821800.0,553770.0,821800.0,both,0.31515048442488947,0.4038090233649428,42.3,0.0137,0.0685,0.3014,0.147,1.2168,6.0842,0.6145,821800.0,Prime (25-29)
Everson Pereira,677592,/api/v1/people/677592,2025,24,TB,AL,CF,23,73,65,7,9,1,0,2,8,2,7,28,0,1,0.138,0.219,0.246,0.465,30.4,1,everson pereira,Everson Pereira,TB,OF,760000.0,210874.0,760000.0,both,0.31515048442488947,0.4038090233649428,30.4,0.0274,0.0959,0.3836,0.348,2.6316,10.5263,0.6118,380000.0,U25
Anthony Seigler,678011,/api/v1/people/678011,2025,26,MIL,NL,3B,34,73,62,6,12,1,0,0,5,2,8,16,1,1,0.194,0.292,0.21,0.502,44.7,1,anthony seigler,Anthony Seigler,MIL,C,760000.0,367742.0,760000.0,both,0.31515048442488947,0.4038090233649428,44.7,0.0,0.1096,0.2192,0.147,0.0,6.5789,0.6605,,Prime (25-29)
Tim Elko,671284,/api/v1/people/671284,2025,26,CWS,AL,1B,23,72,67,6,9,1,0,4,8,1,5,30,0,0,0.134,0.194,0.328,0.522,42.8,1,tim elko,Tim Elko,CHW,1B,760000.0,326881.0,760000.0,both,0.31515048442488947,0.4038090233649428,42.8,0.0556,0.0694,0.4167,0.348,5.2632,10.5263,0.6868,190000.0,Prime (25-29)
Nick Yorke,694377,/api/v1/people/694377,2025,23,PIT,NL,2B,22,72,69,7,16,3,0,1,8,1,3,15,0,0,0.232,0.264,0.319,0.583,62.8,1,nick yorke,Nick Yorke,PIT,2B,760000.0,219657.0,760000.0,both,0.31515048442488947,0.4038090233649428,62.8,0.0139,0.0417,0.2083,0.364,1.3158,10.5263,0.7671,760000.0,U25
José Fermín,665877,/api/v1/people/665877,2025,26,STL,NL,2B,30,70,60,5,17,5,0,1,9,2,8,10,1,0,0.283,0.377,0.417,0.794,122.9,1,jose fermin,Jose Fermin,STL,2B,760000.0,390668.0,760000.0,both,0.31515048442488947,0.4038090233649428,122.9,0.0143,0.1143,0.1429,0.3,1.3158,11.8421,1.0447,760000.0,Prime (25-29)
Matthew Lugo,683090,/api/v1/people/683090,2025,24,LAA,AL,CF,31,70,69,9,16,2,1,4,9,0,0,24,1,0,0.232,0.243,0.464,0.707,92.0,1,matthew lugo,Matthew Lugo,LAA,SS,760000.0,269677.0,760000.0,both,0.31515048442488947,0.4038090233649428,92.0,0.0571,0.0,0.3429,0.29,5.2632,11.8421,0.9303,190000.0,U25
Carter Jensen,695600,/api/v1/people/695600,2025,21,KC,AL,C,20,69,60,12,18,6,0,3,13,0,9,12,0,0,0.3,0.391,0.55,0.941,160.3,1,carter jensen,Carter Jensen,KC,C,760000.0,114409.0,760000.0,both,0.31515048442488947,0.4038090233649428,160.3,0.0435,0.1304,0.1739,0.65,3.9474,17.1053,1.2382,253333.0,U25
Moisés Ballesteros,694208,/api/v1/people/694208,2025,21,CHC,NL,DH,20,66,57,12,17,2,1,2,11,0,9,12,0,0,0.298,0.394,0.474,0.868,142.4,1,moises ballesteros,Moisés Ballesteros,CHC,C,760000.0,122580.0,760000.0,both,0.31515048442488947,0.4038090233649428,142.4,0.0303,0.1364,0.1818,0.55,2.6316,14.4737,1.1421,380000.0,U25
Gustavo Campero,672569,/api/v1/people/672569,2025,27,LAA,AL,RF,28,66,58,9,10,1,0,3,8,4,5,14,3,0,0.172,0.273,0.345,0.618,72.1,1,gustavo campero,Gustavo Campero,LAA,OF,760000.0,584301.0,760000.0,both,0.31515048442488947,0.4038090233649428,72.1,0.0455,0.0758,0.2121,0.286,3.9474,10.5263,0.8132,253333.0,Prime (25-29)
Jorbit Vivas,678391,/api/v1/people/678391,2025,24,NYY,AL,2B,29,66,56,6,9,2,0,1,5,0,5,13,3,0,0.161,0.266,0.25,0.516,46.3,1,jorbit vivas,Jorbit Vivas,NYY,SS,760000.0,216559.0,760000.0,both,0.31515048442488947,0.4038090233649428,46.3,0.0152,0.0758,0.197,0.172,1.3158,6.5789,0.6789,760000.0,U25
Nathan Church,701675,/api/v1/people/701675,2025,24,STL,NL,CF,27,65,56,9,10,1,0,1,8,1,3,18,3,1,0.179,0.254,0.25,0.504,42.5,1,nathan church,Nathan Church,STL,OF,760000.0,175699.0,760000.0,both,0.31515048442488947,0.4038090233649428,42.5,0.0154,0.0462,0.2769,0.296,1.3158,10.5263,0.6632,760000.0,U25
Jarred Kelenic,672284,/api/v1/people/672284,2025,25,ATL,NL,RF,24,65,60,7,10,2,0,2,2,0,5,23,0,0,0.167,0.231,0.3,0.531,47.6,1,jarred kelenic,Jarred Kelenic,ATL,RF,2300000.0,2300000.0,2300000.0,both,0.31515048442488947,0.4038090233649428,47.6,0.0308,0.0769,0.3538,0.083,0.8696,0.8696,0.2309,1150000.0,Prime (25-29)
MJ Melendez,669004,/api/v1/people/669004,2025,26,KC,AL,LF,23,65,60,5,5,2,0,1,1,0,3,23,2,0,0.083,0.154,0.167,0.321,-9.8,1,mj melendez,MJ Melendez,KC,LF/C,2650000.0,484408.0,2650000.0,both,0.31515048442488947,0.4038090233649428,-9.8,0.0154,0.0462,0.3538,0.043,0.3774,0.3774,0.1211,2650000.0,Prime (25-29)
Nick Maton,665155,/api/v1/people/665155,2025,28,CWS,AL,DH,25,63,54,5,9,2,0,2,4,0,9,19,0,0,0.167,0.286,0.315,0.601,68.8,1,nick maton,Nick Maton,CHW,3B/SS,900000.0,900000.0,900000.0,both,0.31515048442488947,0.4038090233649428,68.8,0.0317,0.1429,0.3016,0.16,2.2222,4.4444,0.6678,450000.0,Prime (25-29)
Brett Wisely,689172,/api/v1/people/689172,2025,26,ATL,NL,2B,26,63,54,5,10,4,0,1,10,1,7,14,0,0,0.185,0.279,0.315,0.594,66.5,2,brett wisely,Brett Wisely,ATL,2B,760000.0,29161.0,760000.0,both,0.31515048442488947,0.4038090233649428,66.5,0.0159,0.1111,0.2222,0.385,1.3158,13.1579,0.7816,760000.0,Prime (25-29)
Maximo Acosta,691185,/api/v1/people/691185,2025,22,MIA,NL,3B,19,61,54,7,11,1,0,3,5,1,6,17,1,0,0.204,0.295,0.389,0.684,89.9,1,maximo acosta,Maximo Acosta,MIA,SS,760000.0,143011.0,760000.0,both,0.31515048442488947,0.4038090233649428,89.9,0.0492,0.0984,0.2787,0.263,3.9474,6.5789,0.9,253333.0,U25
Oscar Gonzalez,660757,/api/v1/people/660757,2025,27,SD,NL,LF,21,61,59,2,13,1,0,0,4,0,2,13,0,0,0.22,0.246,0.237,0.483,36.7,1,oscar gonzalez,,,,,,,left_only,0.31515048442488947,0.4038090233649428,36.7,0.0,0.0328,0.2131,0.19,,,,,Prime (25-29)
Sam Hilliard,656541,/api/v1/people/656541,2025,31,COL,NL,LF,20,61,51,8,10,3,1,2,3,2,10,23,0,0,0.196,0.328,0.412,0.74,106.1,1,sam hilliard,Sam Hilliard,COL,CF,1000000.0,1000000.0,1000000.0,both,0.31515048442488947,0.4038090233649428,106.1,0.0328,0.1639,0.377,0.15,2.0,3.0,0.74,500000.0,Veteran (30-34)
Joey Wiemer,686894,/api/v1/people/686894,2025,26,MIA,NL,RF,27,61,55,7,13,2,0,3,12,0,2,23,2,2,0.236,0.279,0.436,0.715,96.5,1,joey wiemer,Joey Wiemer,MIA,CF,760000.0,183290.0,760000.0,both,0.31515048442488947,0.4038090233649428,96.5,0.0492,0.0328,0.377,0.444,3.9474,15.7895,0.9408,253333.0,Prime (25-29)
Jonny DeLuca,676356,/api/v1/people/676356,2025,26,TB,AL,CF,20,59,57,5,19,1,3,0,4,6,2,13,0,0,0.333,0.356,0.456,0.812,125.9,1,jonny deluca,Jonny DeLuca,TB,CF,770100.0,770100.0,770100.0,both,0.31515048442488947,0.4038090233649428,125.9,0.0,0.0339,0.2203,0.2,0.0,5.1941,1.0544,,Prime (25-29)
Ryan Noda,676116,/api/v1/people/676116,2025,29,BAL,AL,RF,23,59,47,3,5,0,0,1,2,1,11,25,0,0,0.106,0.276,0.17,0.446,29.7,2,ryan noda,Ryan Noda,BAL,1B,760000.0,98516.0,760000.0,both,0.31515048442488947,0.4038090233649428,29.7,0.0169,0.1864,0.4237,0.087,1.3158,2.6316,0.5868,760000.0,Prime (25-29)
Sam Huff,669087,/api/v1/people/669087,2025,27,SF,NL,C,20,58,53,5,11,1,0,2,4,0,4,25,0,1,0.208,0.259,0.34,0.599,66.4,1,sam huff,Sam Huff,SF,C,780000.0,301935.0,780000.0,both,0.31515048442488947,0.4038090233649428,66.4,0.0345,0.069,0.431,0.2,2.5641,5.1282,0.7679,390000.0,Prime (25-29)
Sal Stewart,701398,/api/v1/people/701398,2025,21,CIN,NL,1B,18,58,55,11,14,1,0,5,8,0,3,15,0,0,0.255,0.293,0.545,0.838,127.9,1,sal stewart,Sal Stewart,CIN,3B,760000.0,114408.0,760000.0,both,0.31515048442488947,0.4038090233649428,127.9,0.0862,0.0517,0.2586,0.444,6.5789,10.5263,1.1026,152000.0,U25
Daniel Johnson,669288,/api/v1/people/669288,2025,29,BAL,AL,X,31,57,53,13,10,3,0,1,1,2,4,13,0,0,0.189,0.246,0.302,0.548,52.8,2,daniel johnson,Daniel Johnson,BAL,RF,760000.0,125763.0,760000.0,both,0.31515048442488947,0.4038090233649428,52.8,0.0175,0.0702,0.2281,0.032,1.3158,1.3158,0.7211,760000.0,Prime (25-29)
Endy Rodríguez,682848,/api/v1/people/682848,2025,25,PIT,NL,1B,18,57,52,5,9,4,0,0,2,0,5,14,0,0,0.173,0.246,0.25,0.496,40.0,1,endy rodriguez,Endy Rodríguez,PIT,1B,775000.0,775000.0,775000.0,both,0.31515048442488947,0.4038090233649428,40.0,0.0,0.0877,0.2456,0.111,0.0,2.5806,0.64,,Prime (25-29)
Tyler Tolbert,686475,/api/v1/people/686475,2025,27,KC,AL,CF,64,57,50,19,14,2,0,1,6,21,1,11,3,2,0.28,0.321,0.38,0.701,96.0,1,tyler tolbert,Tyler Tolbert,KC,SS,760000.0,588387.0,760000.0,both,0.31515048442488947,0.4038090233649428,96.0,0.0175,0.0175,0.193,0.094,1.3158,7.8947,0.9224,760000.0,Prime (25-29)
Jerar Encarnacion,666464,/api/v1/people/666464,2025,27,SF,NL,RF,19,56,55,5,11,3,0,2,7,1,1,15,0,0,0.2,0.214,0.364,0.578,58.0,1,jerar encarnacion,Jerar Encarnacion,SF,OF,770000.0,770000.0,770000.0,both,0.31515048442488947,0.4038090233649428,58.0,0.0357,0.0179,0.2679,0.368,2.5974,9.0909,0.7506,385000.0,Prime (25-29)
Zack Short,670097,/api/v1/people/670097,2025,30,HOU,AL,SS,22,56,50,9,11,2,0,2,7,0,4,18,1,0,0.22,0.291,0.38,0.671,86.4,1,zack short,Zack Short,HOU,2B,760000.0,138925.0,760000.0,both,0.31515048442488947,0.4038090233649428,86.4,0.0357,0.0714,0.3214,0.318,2.6316,9.2105,0.8829,380000.0,Veteran (30-34)
Stuart Fairchild,656413,/api/v1/people/656413,2025,29,ATL,NL,RF,28,55,51,7,11,4,1,0,2,2,4,15,0,0,0.216,0.273,0.333,0.606,69.1,1,stuart fairchild,Stuart Fairchild,TB,OF,760000.0,285161.0,760000.0,both,0.31515048442488947,0.4038090233649428,69.1,0.0,0.0727,0.2727,0.071,0.0,2.6316,0.7974,,Prime (25-29)
Jace Jung,690291,/api/v1/people/690291,2025,24,DET,AL,3B,21,55,47,8,5,0,0,0,3,0,7,16,1,0,0.106,0.236,0.106,0.342,1.1,1,jace jung,Jace Jung,DET,3B,760000.0,138924.0,760000.0,both,0.31515048442488947,0.4038090233649428,1.1,0.0,0.1273,0.2909,0.143,0.0,3.9474,0.45,,U25
Drew Millas,686452,/api/v1/people/686452,2025,27,WSH,NL,C,18,55,49,6,15,5,1,0,7,2,4,7,0,0,0.306,0.358,0.449,0.807,124.8,1,drew millas,Drew Millas,WSH,C,760000.0,382016.0,760000.0,both,0.31515048442488947,0.4038090233649428,124.8,0.0,0.0727,0.1273,0.389,0.0,9.2105,1.0618,,Prime (25-29)
Luke Maile,571912,/api/v1/people/571912,2025,34,KC,AL,C,25,54,45,6,11,2,0,1,6,1,7,16,0,0,0.244,0.346,0.356,0.702,97.9,1,luke maile,Luke Maile,KC,C,1500000.0,1182796.0,1500000.0,both,0.31515048442488947,0.4038090233649428,97.9,0.0185,0.1296,0.2963,0.24,0.6667,4.0,0.468,1500000.0,Veteran (30-34)
Ryan Fitzgerald,680837,/api/v1/people/680837,2025,31,MIN,AL,2B,24,53,46,10,9,0,0,4,9,1,7,8,0,0,0.196,0.302,0.457,0.759,109.0,1,ryan fitzgerald,Ryan Fitzgerald,MIN,SS,760000.0,265591.0,760000.0,both,0.31515048442488947,0.4038090233649428,109.0,0.0755,0.1321,0.1509,0.375,5.2632,11.8421,0.9987,190000.0,Veteran (30-34)
Luis Vázquez,676679,/api/v1/people/676679,2025,25,BAL,AL,3B,36,53,50,6,8,1,0,1,3,2,3,14,0,0,0.16,0.208,0.24,0.448,25.4,1,luis vazquez,Luis Vazquez,BAL,SS,760000.0,416774.0,760000.0,both,0.31515048442488947,0.4038090233649428,25.4,0.0189,0.0566,0.2642,0.083,1.3158,3.9474,0.5895,760000.0,Prime (25-29)
Zach Cole,805904,/api/v1/people/805904,2025,24,HOU,AL,LF,15,52,47,9,12,2,0,4,11,3,5,20,0,0,0.255,0.327,0.553,0.88,140.7,1,zach cole,Zach Cole Jr.,HOU,OF,760000.0,69462.0,760000.0,both,0.31515048442488947,0.4038090233649428,140.7,0.0769,0.0962,0.3846,0.733,5.2632,14.4737,1.1579,190000.0,U25
Bryan De La Cruz,650559,/api/v1/people/650559,2025,28,ATL,NL,LF,16,50,47,1,9,1,0,0,0,1,3,18,0,0,0.191,0.24,0.213,0.453,28.9,1,bryan de la cruz,Bryan De La Cruz,NYY,RF,860000.0,91935.0,860000.0,both,0.31515048442488947,0.4038090233649428,28.9,0.0,0.06,0.36,0.0,0.0,0.0,0.5267,,Prime (25-29)
Travis Jankowski,608671,/api/v1/people/608671,2025,34,NYM,NL,X,26,50,45,8,11,2,0,0,2,2,3,12,0,1,0.244,0.286,0.289,0.575,62.3,3,travis jankowski,,,,,,,left_only,0.31515048442488947,0.4038090233649428,62.3,0.0,0.06,0.24,0.077,,,,,Veteran (30-34)
Richie Palacios,680700,/api/v1/people/680700,2025,28,TB,AL,2B,17,48,42,10,14,2,0,1,3,4,5,9,0,1,0.333,0.396,0.452,0.848,137.6,1,richie palacios,,,,,,,left_only,0.31515048442488947,0.4038090233649428,137.6,0.0208,0.1042,0.1875,0.176,,,,,Prime (25-29)
George Valera,671655,/api/v1/people/671655,2025,24,CLE,AL,DH,16,48,41,7,9,2,0,2,5,0,7,13,0,0,0.22,0.333,0.415,0.748,108.4,1,george valera,George Valera,CLE,RF,760000.0,114408.0,760000.0,both,0.31515048442488947,0.4038090233649428,108.4,0.0417,0.1458,0.2708,0.312,2.6316,6.5789,0.9842,380000.0,U25
Logan Davidson,669722,/api/v1/people/669722,2025,27,LAA,AL,1B,19,47,42,3,7,2,0,1,4,0,3,22,0,0,0.167,0.222,0.286,0.508,41.3,2,logan davidson,Logan Davidson,LAA,1B,760000.0,61290.0,760000.0,both,0.31515048442488947,0.4038090233649428,41.3,0.0213,0.0638,0.4681,0.211,1.3158,5.2632,0.6684,760000.0,Prime (25-29)
Maverick Handley,668974,/api/v1/people/668974,2025,27,BAL,AL,C,16,47,41,2,3,0,0,0,3,0,2,18,1,1,0.073,0.133,0.073,0.206,-39.7,1,maverick handley,Maverick Handley,BAL,C,760000.0,441290.0,760000.0,both,0.31515048442488947,0.4038090233649428,-39.7,0.0,0.0426,0.383,0.188,0.0,3.9474,0.2711,,Prime (25-29)
Brice Matthews,694728,/api/v1/people/694728,2025,23,HOU,AL,2B,13,47,42,6,7,0,0,4,9,1,2,20,1,0,0.167,0.222,0.452,0.674,82.4,1,brice matthews,Brice Matthews,HOU,SS,760000.0,114408.0,760000.0,both,0.31515048442488947,0.4038090233649428,82.4,0.0851,0.0426,0.4255,0.692,5.2632,11.8421,0.8868,190000.0,U25
Jared Young,676724,/api/v1/people/676724,2025,29,NYM,NL,DH,23,47,43,5,8,1,0,4,6,0,2,16,1,1,0.186,0.234,0.488,0.722,95.1,1,jared young,Jared Young,NYM,1B,1150000.0,635484.0,1150000.0,both,0.31515048442488947,0.4038090233649428,95.1,0.0851,0.0426,0.3404,0.261,3.4783,5.2174,0.6278,287500.0,Prime (25-29)
Jimmy Crooks,699625,/api/v1/people/699625,2025,23,STL,NL,C,15,46,45,3,6,0,1,1,1,0,0,17,1,0,0.133,0.152,0.244,0.396,8.7,1,jimmy crooks,Jimmy Crooks III,STL,C,760000.0,126667.0,760000.0,both,0.31515048442488947,0.4038090233649428,8.7,0.0217,0.0,0.3696,0.067,1.3158,1.3158,0.5211,760000.0,U25
Austin Barnes,605131,/api/v1/people/605131,2025,35,LAD,NL,C,13,44,42,4,9,3,0,0,2,0,1,14,0,0,0.214,0.233,0.286,0.519,44.8,1,austin barnes,,,,,,,left_only,0.31515048442488947,0.4038090233649428,44.8,0.0,0.0227,0.3182,0.154,,,,,Late (35+)
Rece Hinds,677956,/api/v1/people/677956,2025,24,CIN,NL,RF,15,44,43,6,5,1,0,2,3,0,1,21,0,0,0.116,0.136,0.279,0.415,12.2,1,rece hinds,Rece Hinds,CIN,RF,760000.0,147096.0,760000.0,both,0.31515048442488947,0.4038090233649428,12.2,0.0455,0.0227,0.4773,0.2,2.6316,3.9474,0.5461,380000.0,U25
Ryan Kreidler,668952,/api/v1/people/668952,2025,27,DET,AL,CF,17,44,38,5,4,0,0,0,0,2,4,19,0,0,0.105,0.19,0.105,0.295,-13.7,1,ryan kreidler,Ryan Kreidler,PIT,SS,764900.0,50898.0,764900.0,both,0.31515048442488947,0.4038090233649428,-13.7,0.0,0.0909,0.4318,0.0,0.0,0.0,0.3857,,Prime (25-29)
Trenton Brooks,670092,/api/v1/people/670092,2025,29,SD,NL,X,25,43,41,5,6,2,0,1,2,0,2,13,0,0,0.146,0.186,0.268,0.454,25.4,1,trenton brooks,Trenton Brooks,SD,1B,760000.0,208387.0,760000.0,both,0.31515048442488947,0.4038090233649428,25.4,0.0233,0.0465,0.3023,0.08,1.3158,2.6316,0.5974,760000.0,Prime (25-29)
Denzer Guzman,694203,/api/v1/people/694203,2025,21,LAA,AL,SS,13,43,42,4,8,1,0,2,3,0,1,22,0,0,0.19,0.209,0.357,0.566,54.7,1,denzer guzman,Denzer Guzman,LAA,SS,760000.0,65376.0,760000.0,both,0.31515048442488947,0.4038090233649428,54.7,0.0465,0.0233,0.5116,0.231,2.6316,3.9474,0.7447,380000.0,U25
Dustin Harris,687957,/api/v1/people/687957,2025,25,TEX,AL,LF,19,43,40,5,8,3,0,1,2,1,3,13,0,0,0.2,0.256,0.35,0.606,67.9,1,dustin harris,Dustin Harris,TEX,3B,760000.0,235960.0,760000.0,both,0.31515048442488947,0.4038090233649428,67.9,0.0233,0.0698,0.3023,0.105,1.3158,2.6316,0.7974,760000.0,Prime (25-29)
Kevin Pillar,607680,/api/v1/people/607680,2025,36,TEX,AL,CF,20,43,43,6,9,2,0,0,1,3,0,8,0,0,0.209,0.209,0.256,0.465,29.7,1,kevin pillar,,,,,,,left_only,0.31515048442488947,0.4038090233649428,29.7,0.0,0.0,0.186,0.05,,,,,Late (35+)
Alan Trejo,676701,/api/v1/people/676701,2025,29,COL,NL,SS,14,43,40,3,7,2,0,0,1,0,1,7,0,1,0.175,0.19,0.225,0.415,16.0,1,alan trejo,,,,,,,left_only,0.31515048442488947,0.4038090233649428,16.0,0.0,0.0233,0.1628,0.071,,,,,Prime (25-29)
Daz Cameron,663662,/api/v1/people/663662,2025,28,MIL,NL,RF,21,42,41,7,8,1,0,1,3,1,1,13,0,0,0.195,0.214,0.293,0.507,40.5,1,daz cameron,Daz Cameron,MIL,LF,760000.0,283333.0,760000.0,both,0.31515048442488947,0.4038090233649428,40.5,0.0238,0.0238,0.3095,0.143,1.3158,3.9474,0.6671,760000.0,Prime (25-29)
Matt Gorski,685301,/api/v1/people/685301,2025,27,PIT,NL,1B,15,42,41,2,8,0,1,2,4,0,1,16,0,0,0.195,0.214,0.39,0.604,64.5,1,matt gorski,,,,,,,left_only,0.31515048442488947,0.4038090233649428,64.5,0.0476,0.0238,0.381,0.267,,,,,Prime (25-29)
Luken Baker,663609,/api/v1/people/663609,2025,28,STL,NL,DH,19,41,34,3,8,3,0,0,2,0,7,10,0,0,0.235,0.366,0.324,0.69,96.4,1,luken baker,Luken Baker,LAD,1B,766100.0,5995.0,766100.0,both,0.31515048442488947,0.4038090233649428,96.4,0.0,0.1707,0.2439,0.105,0.0,2.6106,0.9007,,Prime (25-29)
Kris Bryant,592178,/api/v1/people/592178,2025,33,COL,NL,DH,11,41,39,2,6,2,0,0,1,0,2,13,0,0,0.154,0.195,0.205,0.4,12.6,1,kris bryant,Kris Bryant,COL,DH,26000000.0,26000000.0,27000000.0,both,0.31515048442488947,0.4038090233649428,12.6,0.0,0.0488,0.3171,0.091,0.0,0.0385,0.0154,,Veteran (30-34)
Oliver Dunn,686554,/api/v1/people/686554,2025,27,MIL,NL,3B,14,41,36,4,6,2,0,0,6,1,2,11,0,1,0.167,0.205,0.222,0.427,20.0,1,oliver dunn,Oliver Dunn,MIL,3B,763700.0,226330.0,763700.0,both,0.31515048442488947,0.4038090233649428,20.0,0.0,0.0488,0.2683,0.429,0.0,7.8565,0.5591,,Prime (25-29)
Austin Nola,543592,/api/v1/people/543592,2025,35,COL,NL,C,15,41,38,2,7,1,0,0,1,0,2,5,0,0,0.184,0.225,0.211,0.436,23.6,1,austin nola,Austin Nola,COL,C,760000.0,220161.0,760000.0,both,0.31515048442488947,0.4038090233649428,23.6,0.0,0.0488,0.122,0.067,0.0,1.3158,0.5737,,Late (35+)
Yuli Gurriel,493329,/api/v1/people/493329,2025,41,SD,NL,DH,16,40,36,2,4,1,0,0,3,0,4,8,0,0,0.111,0.2,0.139,0.339,-2.1,1,yulieski gurriel,Yulieski Gurriel,SD,1B,1350000.0,,1350000.0,both,0.31515048442488947,0.4038090233649428,-2.1,0.0,0.1,0.2,0.188,0.0,2.2222,0.2511,,Late (35+)
Korey Lee,686676,/api/v1/people/686676,2025,26,CWS,AL,C,26,40,35,10,9,3,0,1,3,0,4,7,0,0,0.257,0.333,0.429,0.762,111.9,1,korey lee,Korey Lee,CHW,C,771000.0,451822.0,771000.0,both,0.31515048442488947,0.4038090233649428,111.9,0.025,0.1,0.175,0.115,1.297,3.8911,0.9883,771000.0,Prime (25-29)
Jorge Alfaro,595751,/api/v1/people/595751,2025,32,WSH,NL,C,14,39,39,3,10,2,0,0,3,1,0,14,0,0,0.256,0.256,0.308,0.564,57.5,1,jorge alfaro,Jorge Alfaro,WSH,C,760000.0,145161.0,760000.0,both,0.31515048442488947,0.4038090233649428,57.5,0.0,0.0,0.359,0.214,0.0,3.9474,0.7421,,Veteran (30-34)
Ryan Bliss,669208,/api/v1/people/669208,2025,25,SEA,AL,2B,11,39,35,1,7,1,0,1,3,2,4,11,0,0,0.2,0.282,0.314,0.596,67.2,1,ryan bliss,Ryan Bliss,SEA,2B,762100.0,762100.0,762100.0,both,0.31515048442488947,0.4038090233649428,67.2,0.0256,0.1026,0.2821,0.273,1.3122,3.9365,0.782,762100.0,Prime (25-29)
Cam Devanney,687478,/api/v1/people/687478,2025,28,PIT,NL,3B,14,38,36,1,5,1,0,0,1,0,2,21,0,0,0.139,0.184,0.167,0.351,-0.3,1,cam devanney,Cam Devanney,PIT,SS,760000.0,151890.0,760000.0,both,0.31515048442488947,0.4038090233649428,-0.3,0.0,0.0526,0.5526,0.071,0.0,1.3158,0.4618,,Prime (25-29)
Victor Mesa Jr.,683748,/api/v1/people/683748,2025,23,MIA,NL,LF,16,38,32,7,6,2,0,1,6,0,5,5,0,0,0.188,0.297,0.344,0.641,79.4,1,victor mesa,Victor Mesa Jr.,MIA,OF,760000.0,138925.0,760000.0,both,0.31515048442488947,0.4038090233649428,79.4,0.0263,0.1316,0.1316,0.375,1.3158,7.8947,0.8434,760000.0,U25
Bryce Eldridge,805811,/api/v1/people/805811,2025,20,SF,NL,DH,10,37,28,1,3,2,0,0,4,0,7,13,1,1,0.107,0.297,0.179,0.476,38.6,1,bryce eldridge,Bryce Eldridge,SF,1B,760000.0,57204.0,760000.0,both,0.31515048442488947,0.4038090233649428,38.6,0.0,0.1892,0.3514,0.4,0.0,5.2632,0.6263,,U25
Tomás Nido,621512,/api/v1/people/621512,2025,31,DET,AL,C,11,37,35,4,12,0,0,0,2,0,0,10,1,0,0.343,0.361,0.343,0.704,99.5,1,tomas nido,Tomás Nido,DET,C,760000.0,222581.0,760000.0,both,0.31515048442488947,0.4038090233649428,99.5,0.0,0.0,0.2703,0.182,0.0,2.6316,0.9263,,Veteran (30-34)
Zac Veen,691728,/api/v1/people/691728,2025,23,COL,NL,LF,12,37,34,1,4,1,0,1,2,1,2,14,1,0,0.118,0.189,0.235,0.424,18.2,1,zac veen,Zac Veen,COL,LF,760000.0,61290.0,760000.0,both,0.31515048442488947,0.4038090233649428,18.2,0.027,0.0541,0.3784,0.167,1.3158,2.6316,0.5579,760000.0,U25
Jose F Miranda,669304,/api/v1/people/669304,2025,27,MIN,AL,3B,12,36,36,2,6,0,0,1,5,0,0,13,0,0,0.167,0.167,0.25,0.417,14.9,1,jose miranda,Jose Miranda,MIN,3B,783100.0,71573.0,783100.0,both,0.31515048442488947,0.4038090233649428,14.9,0.0278,0.0,0.3611,0.417,1.277,6.3849,0.5325,783100.0,Prime (25-29)
Jose Siri,642350,/api/v1/people/642350,2025,29,NYM,NL,CF,16,36,32,7,2,2,0,0,1,2,4,17,0,0,0.063,0.167,0.125,0.292,-16.1,1,jose siri,Jose Siri,NYM,CF,2400000.0,2400000.0,2400000.0,both,0.31515048442488947,0.4038090233649428,-16.1,0.0,0.1111,0.4722,0.062,0.0,0.4167,0.1217,,Prime (25-29)
Dominic Fletcher,666150,/api/v1/people/666150,2025,27,CWS,AL,RF,12,34,32,5,7,5,0,1,2,1,2,2,0,0,0.219,0.265,0.469,0.734,100.2,1,dominic fletcher,Dominic Fletcher,CHW,OF,760000.0,120054.0,760000.0,both,0.31515048442488947,0.4038090233649428,100.2,0.0294,0.0588,0.0588,0.167,1.3158,2.6316,0.9658,760000.0,Prime (25-29)
Pablo Reyes,622569,/api/v1/people/622569,2025,31,NYY,AL,X,25,34,31,4,6,1,0,0,2,1,2,10,0,0,0.194,0.242,0.226,0.468,32.8,1,pablo reyes,,,,,,,left_only,0.31515048442488947,0.4038090233649428,32.8,0.0,0.0588,0.2941,0.08,,,,,Veteran (30-34)
Sebastián Rivero,665861,/api/v1/people/665861,2025,26,LAA,AL,C,11,34,33,4,6,2,0,0,2,1,1,9,0,0,0.182,0.206,0.242,0.448,25.3,1,sebastian rivero,Sebastian Rivero,LAA,C,760000.0,85806.0,760000.0,both,0.31515048442488947,0.4038090233649428,25.3,0.0,0.0294,0.2647,0.182,0.0,2.6316,0.5895,,Prime (25-29)
Luke Williams,663897,/api/v1/people/663897,2025,28,ATL,NL,SS,45,34,31,5,4,2,0,0,5,5,1,9,1,1,0.129,0.176,0.194,0.37,3.9,1,luke williams,Luke Williams,ATL,SS,760000.0,560409.0,760000.0,both,0.31515048442488947,0.4038090233649428,3.9,0.0,0.0294,0.2647,0.111,0.0,6.5789,0.4868,,Prime (25-29)
Aaron Schunk,668845,/api/v1/people/668845,2025,27,COL,NL,SS,16,33,32,1,6,1,0,0,0,0,0,10,0,0,0.188,0.188,0.219,0.407,13.9,1,aaron schunk,Aaron Schunk,COL,3B,760000.0,192043.0,760000.0,both,0.31515048442488947,0.4038090233649428,13.9,0.0,0.0,0.303,0.0,0.0,0.0,0.5355,,Prime (25-29)
Leo Jiménez,677870,/api/v1/people/677870,2025,24,TOR,AL,2B,18,32,29,2,2,0,0,1,1,0,2,8,0,0,0.069,0.129,0.172,0.301,-16.5,1,leo jimenez,,,,,,,left_only,0.31515048442488947,0.4038090233649428,-16.5,0.0312,0.0625,0.25,0.056,,,,,U25
Buddy Kennedy,671083,/api/v1/people/671083,2025,26,LAD,NL,3B,13,32,29,2,2,1,0,0,1,0,2,8,1,0,0.069,0.156,0.103,0.259,-25.0,3,buddy kennedy,Buddy Kennedy,LAD,2B,760000.0,53468.0,760000.0,both,0.31515048442488947,0.4038090233649428,-25.0,0.0,0.0625,0.25,0.077,0.0,1.3158,0.3408,,Prime (25-29)
Shay Whitcomb,694376,/api/v1/people/694376,2025,26,HOU,AL,2B,20,32,32,4,4,0,0,1,1,0,0,10,0,0,0.125,0.125,0.219,0.344,-6.1,1,shay whitcomb,Shay Whitcomb,HOU,SS,760000.0,163441.0,760000.0,both,0.31515048442488947,0.4038090233649428,-6.1,0.0312,0.0,0.3125,0.05,1.3158,1.3158,0.4526,760000.0,Prime (25-29)
José Barrero,676480,/api/v1/people/676480,2025,27,STL,NL,2B,22,31,29,4,4,1,0,1,3,0,1,9,1,0,0.138,0.194,0.276,0.47,29.9,1,jose barrero,,,,,,,left_only,0.31515048442488947,0.4038090233649428,29.9,0.0323,0.0323,0.2903,0.136,,,,,Prime (25-29)
Carson McCusker,676812,/api/v1/people/676812,2025,27,MIN,AL,RF,16,30,29,0,5,0,0,0,1,0,1,16,0,0,0.172,0.2,0.172,0.372,6.1,1,carson mccusker,Carson McCusker,MIN,OF,760000.0,143010.0,760000.0,both,0.31515048442488947,0.4038090233649428,6.1,0.0,0.0333,0.5333,0.062,0.0,1.3158,0.4895,,Prime (25-29)
Scott Kingery,664068,/api/v1/people/664068,2025,31,LAA,AL,2B,19,29,27,3,4,1,0,0,0,1,2,11,0,0,0.148,0.207,0.185,0.392,11.5,1,scott kingery,Scott Kingery,LAA,2B,770000.0,,770000.0,both,0.31515048442488947,0.4038090233649428,11.5,0.0,0.069,0.3793,0.0,0.0,0.0,0.5091,,Veteran (30-34)
Nicky Lopez,670032,/api/v1/people/670032,2025,30,CHC,NL,3B,19,28,24,2,1,0,0,0,1,0,4,4,0,0,0.042,0.179,0.042,0.221,-32.8,2,nicky lopez,,,,,,,left_only,0.31515048442488947,0.4038090233649428,-32.8,0.0,0.1429,0.1429,0.053,,,,,Veteran (30-34)
Owen Caissie,683357,/api/v1/people/683357,2025,22,CHC,NL,RF,12,27,26,4,5,1,0,1,4,0,1,11,0,0,0.192,0.222,0.346,0.568,56.1,1,owen caissie,Owen Caissie,CHC,OF,760000.0,138924.0,760000.0,both,0.31515048442488947,0.4038090233649428,56.1,0.037,0.037,0.4074,0.333,1.3158,5.2632,0.7474,760000.0,U25
Luis Campusano,669134,/api/v1/people/669134,2025,26,SD,NL,DH,10,27,21,0,0,0,0,0,0,0,6,11,0,0,0.0,0.222,0.0,0.222,-29.6,1,luis campusano,Luis Campusano,SD,C,1000000.0,1000000.0,1000000.0,both,0.31515048442488947,0.4038090233649428,-29.6,0.0,0.2222,0.4074,0.0,0.0,0.0,0.222,,Prime (25-29)
Mason McCoy,669200,/api/v1/people/669200,2025,30,SD,NL,SS,18,26,22,5,3,1,0,0,1,2,3,7,1,0,0.136,0.269,0.182,0.451,30.4,1,mason mccoy,Mason McCoy,SD,SS,760000.0,392748.0,760000.0,both,0.31515048442488947,0.4038090233649428,30.4,0.0,0.1154,0.2692,0.056,0.0,1.3158,0.5934,,Veteran (30-34)
Grant McCray,687529,/api/v1/people/687529,2025,24,SF,NL,RF,22,26,22,3,2,0,1,0,2,0,2,11,0,1,0.091,0.16,0.182,0.342,-4.2,1,grant mccray,Grant McCray,SF,CF,760000.0,289345.0,760000.0,both,0.31515048442488947,0.4038090233649428,-4.2,0.0,0.0769,0.4231,0.091,0.0,2.6316,0.45,,U25
Jihwan Bae,678225,/api/v1/people/678225,2025,25,PIT,NL,X,13,25,20,4,1,0,0,0,0,4,5,9,0,0,0.05,0.24,0.05,0.29,-11.5,1,jihwan bae,Ji-Hwan Bae,PIT,2B,775000.0,285721.0,775000.0,both,0.31515048442488947,0.4038090233649428,-11.5,0.0,0.2,0.36,0.0,0.0,0.0,0.3742,,Prime (25-29)
Michael Stefanic,683021,/api/v1/people/683021,2025,29,TOR,AL,2B,9,25,22,1,4,0,0,0,0,0,3,3,0,0,0.182,0.28,0.182,0.462,33.9,1,michael stefanic,,,,,,,left_only,0.31515048442488947,0.4038090233649428,33.9,0.0,0.12,0.12,0.0,,,,,Prime (25-29)
David Villar,681584,/api/v1/people/681584,2025,28,SF,NL,1B,9,25,20,4,4,1,0,0,1,0,4,5,1,0,0.2,0.36,0.25,0.61,76.1,1,david villar,David Villar,SF,3B,760000.0,122580.0,760000.0,both,0.31515048442488947,0.4038090233649428,76.1,0.0,0.16,0.2,0.111,0.0,1.3158,0.8026,,Prime (25-29)
Tristin English,663536,/api/v1/people/663536,2025,28,AZ,NL,1B,7,23,22,0,2,1,0,0,1,0,1,8,0,0,0.091,0.13,0.136,0.266,-25.1,1,tristin english,Tristin English,ARI,OF,760000.0,109121.0,760000.0,both,0.31515048442488947,0.4038090233649428,-25.1,0.0,0.0435,0.3478,0.143,0.0,1.3158,0.35,,Prime (25-29)
Niko Kavadas,694359,/api/v1/people/694359,2025,26,LAA,AL,1B,10,23,20,0,2,0,0,0,0,0,3,10,0,0,0.1,0.217,0.1,0.317,-6.4,1,niko kavadas,Niko Kavadas,LAA,1B,760000.0,214644.0,760000.0,both,0.31515048442488947,0.4038090233649428,-6.4,0.0,0.1304,0.4348,0.0,0.0,0.0,0.4171,,Prime (25-29)
Esteury Ruiz,665923,/api/v1/people/665923,2025,26,LAD,NL,LF,19,23,21,2,4,0,0,1,2,4,2,8,0,0,0.19,0.261,0.333,0.594,65.3,1,esteury ruiz,Esteury Ruiz,LAD,CF,760000.0,340108.0,760000.0,both,0.31515048442488947,0.4038090233649428,65.3,0.0435,0.087,0.3478,0.105,1.3158,2.6316,0.7816,760000.0,Prime (25-29)
Ali Sánchez,645305,/api/v1/people/645305,2025,28,BOS,AL,C,12,23,23,2,5,2,0,0,0,0,0,6,0,0,0.217,0.217,0.304,0.521,44.1,2,ali sanchez,Ali Sanchez,BOS,C,760000.0,95595.0,760000.0,both,0.31515048442488947,0.4038090233649428,44.1,0.0,0.0,0.2609,0.0,0.0,0.0,0.6855,,Prime (25-29)
Chadwick Tromp,644433,/api/v1/people/644433,2025,30,BAL,AL,C,8,22,21,2,3,1,0,1,1,0,1,6,0,0,0.143,0.182,0.333,0.515,40.2,2,chadwick tromp,Chadwick Tromp,BAL,C,760000.0,169892.0,760000.0,both,0.31515048442488947,0.4038090233649428,40.2,0.0455,0.0455,0.2727,0.125,1.3158,1.3158,0.6776,760000.0,Veteran (30-34)
José Azócar,640492,/api/v1/people/640492,2025,29,ATL,NL,RF,14,21,19,5,5,0,0,0,1,1,2,1,0,0,0.263,0.333,0.263,0.596,70.8,2,jose azocar,Jose Azocar,ATL,OF,760000.0,83871.0,760000.0,both,0.31515048442488947,0.4038090233649428,70.8,0.0,0.0952,0.0476,0.071,0.0,1.3158,0.7842,,Prime (25-29)
Bobby Dalbec,666915,/api/v1/people/666915,2025,30,CWS,AL,1B,7,21,18,2,4,1,0,0,1,0,3,6,0,0,0.222,0.333,0.278,0.611,74.5,1,bobby dalbec,,,,,,,left_only,0.31515048442488947,0.4038090233649428,74.5,0.0,0.1429,0.2857,0.143,,,,,Veteran (30-34)
Luis Guillorme,641645,/api/v1/people/641645,2025,30,HOU,AL,2B,12,21,20,2,3,0,0,0,0,0,1,8,0,0,0.15,0.19,0.15,0.34,-2.6,1,luis guillorme,,,,,,,left_only,0.31515048442488947,0.4038090233649428,-2.6,0.0,0.0476,0.381,0.0,,,,,Veteran (30-34)
Keston Hiura,669374,/api/v1/people/669374,2025,28,COL,NL,1B,8,21,18,3,4,1,0,0,1,0,0,7,3,0,0.222,0.333,0.278,0.611,74.5,1,keston hiura,Keston Hiura,COL,2B,760000.0,91935.0,760000.0,both,0.31515048442488947,0.4038090233649428,74.5,0.0,0.0,0.3333,0.125,0.0,1.3158,0.8039,,Prime (25-29)
Billy McKinney,641856,/api/v1/people/641856,2025,30,TEX,AL,RF,6,21,20,4,4,1,0,0,1,0,1,1,0,0,0.2,0.238,0.25,0.488,37.4,1,billy mckinney,Billy McKinney,TEX,OF,1000000.0,24194.0,1000000.0,both,0.31515048442488947,0.4038090233649428,37.4,0.0,0.0476,0.0476,0.167,0.0,1.0,0.488,,Veteran (30-34)
Manuel Margot,622534,/api/v1/people/622534,2025,30,DET,AL,RF,6,20,19,1,6,0,0,0,3,0,0,6,0,1,0.316,0.3,0.316,0.616,73.4,1,manuel margot,Manuel Margot,DET,CF,1300000.0,1300000.0,1300000.0,both,0.31515048442488947,0.4038090233649428,73.4,0.0,0.0,0.3,0.5,0.0,2.3077,0.4738,,Veteran (30-34)
Connor Kaiser,663731,/api/v1/people/663731,2025,28,AZ,NL,2B,11,19,18,1,2,1,0,0,2,0,1,5,0,0,0.111,0.158,0.167,0.325,-8.5,1,connor kaiser,Connor Kaiser,ARI,SS,760000.0,179784.0,760000.0,both,0.31515048442488947,0.4038090233649428,-8.5,0.0,0.0526,0.2632,0.182,0.0,2.6316,0.4276,,Prime (25-29)
Michael Siani,672279,/api/v1/people/672279,2025,25,STL,NL,CF,19,19,17,4,4,0,0,0,0,0,2,7,0,0,0.235,0.316,0.235,0.551,58.5,1,michael siani,,,,,,,left_only,0.31515048442488947,0.4038090233649428,58.5,0.0,0.1053,0.3684,0.0,,,,,Prime (25-29)
Drew Avans,682183,/api/v1/people/682183,2025,29,MIL,NL,LF,8,18,17,1,2,0,0,0,1,1,0,6,0,1,0.118,0.111,0.118,0.229,-35.6,2,drew avans,Drew Avans,MIL,OF,760000.0,36905.0,760000.0,both,0.31515048442488947,0.4038090233649428,-35.6,0.0,0.0,0.3333,0.125,0.0,1.3158,0.3013,,Prime (25-29)
Akil Baddoo,668731,/api/v1/people/668731,2025,26,DET,AL,LF,7,18,17,0,2,1,0,0,1,1,1,5,0,0,0.118,0.167,0.176,0.343,-3.4,1,akil baddoo,Akil Baddoo,DET,LF,850000.0,110753.0,850000.0,both,0.31515048442488947,0.4038090233649428,-3.4,0.0,0.0556,0.2778,0.143,0.0,1.1765,0.4035,,Prime (25-29)
Blake Sabol,666165,/api/v1/people/666165,2025,27,BOS,AL,C,8,18,16,2,2,1,0,0,1,0,1,7,0,1,0.125,0.167,0.188,0.355,-0.5,1,blake sabol,Blake Sabol,CHW,C/RF,760000.0,,760000.0,both,0.31515048442488947,0.4038090233649428,-0.5,0.0,0.0556,0.3889,0.125,0.0,1.3158,0.4671,,Prime (25-29)
CJ Alexander,680769,/api/v1/people/680769,2025,28,ATH,AL,1B,6,17,17,0,3,0,0,0,0,0,0,8,0,0,0.176,0.176,0.176,0.352,-0.6,1,cj alexander,C.J. Alexander,LAD,3B,760000.0,4663.0,760000.0,both,0.31515048442488947,0.4038090233649428,-0.6,0.0,0.0,0.4706,0.0,0.0,0.0,0.4632,,Prime (25-29)
Rafael Flores Jr.,804668,/api/v1/people/804668,2025,24,PIT,NL,1B,7,17,15,0,3,2,0,0,0,0,2,7,0,0,0.2,0.294,0.333,0.627,75.8,1,rafael flores,Rafael Flores,PIT,C,760000.0,53118.0,760000.0,both,0.31515048442488947,0.4038090233649428,75.8,0.0,0.1176,0.4118,0.0,0.0,0.0,0.825,,U25
Owen Miller,680911,/api/v1/people/680911,2025,28,COL,NL,2B,9,17,14,0,2,0,0,0,1,1,2,4,1,0,0.143,0.294,0.143,0.437,28.7,1,owen miller,Owen Miller,COL,SS,760000.0,104167.0,760000.0,both,0.31515048442488947,0.4038090233649428,28.7,0.0,0.1176,0.2353,0.111,0.0,1.3158,0.575,,Prime (25-29)
Gage Workman,669398,/api/v1/people/669398,2025,25,CWS,AL,3B,12,17,16,0,3,1,0,0,2,1,1,7,0,0,0.188,0.235,0.25,0.485,36.5,2,gage workman,Gage Workman,DET,3B,760000.0,,760000.0,both,0.31515048442488947,0.4038090233649428,36.5,0.0,0.0588,0.4118,0.167,0.0,2.6316,0.6382,,Prime (25-29)
Tirso Ornelas,672359,/api/v1/people/672359,2025,25,SD,NL,LF,7,16,14,0,1,0,0,0,1,0,2,2,0,0,0.071,0.188,0.071,0.259,-22.8,1,tirso ornelas,Tirso Ornelas,SD,OF,760000.0,168359.0,760000.0,both,0.31515048442488947,0.4038090233649428,-22.8,0.0,0.125,0.125,0.143,0.0,1.3158,0.3408,,Prime (25-29)
César Salazar,663967,/api/v1/people/663967,2025,29,HOU,AL,C,11,16,13,0,3,0,0,0,1,0,2,2,1,0,0.231,0.375,0.231,0.606,76.2,1,cesar salazar,César Salazar,HOU,C,760000.0,449462.0,760000.0,both,0.31515048442488947,0.4038090233649428,76.2,0.0,0.125,0.125,0.091,0.0,1.3158,0.7974,,Prime (25-29)
Jack Winkler,676466,/api/v1/people/676466,2025,26,MIA,NL,2B,14,16,16,2,4,2,0,0,0,1,0,4,0,0,0.25,0.25,0.375,0.625,72.2,1,jack winkler,Jack WInkler,MIA,SS,760000.0,290107.0,760000.0,both,0.31515048442488947,0.4038090233649428,72.2,0.0,0.0,0.25,0.0,0.0,0.0,0.8224,,Prime (25-29)
Tucker Barnhart,571466,/api/v1/people/571466,2025,34,TEX,AL,C,8,15,13,0,3,0,0,0,0,0,1,4,1,0,0.231,0.333,0.231,0.564,62.9,1,tucker barnhart,,,,,,,left_only,0.31515048442488947,0.4038090233649428,62.9,0.0,0.0667,0.2667,0.0,,,,,Veteran (30-34)
Jacob Hurtubise,674441,/api/v1/people/674441,2025,27,CIN,NL,X,12,15,12,3,1,0,0,0,0,0,1,6,2,0,0.083,0.267,0.083,0.35,5.3,1,jacob hurtubise,Jacob Hurtubise,SEA,OF,761500.0,,761500.0,both,0.31515048442488947,0.4038090233649428,5.3,0.0,0.0667,0.4,0.0,0.0,0.0,0.4596,,Prime (25-29)
Brian Navarreto,640459,/api/v1/people/640459,2025,30,MIA,NL,C,8,15,14,3,4,2,0,1,5,0,0,3,0,1,0.286,0.267,0.643,0.91,144.0,1,brian navarreto,Brian Navarreto,MIA,C,760000.0,114409.0,760000.0,both,0.31515048442488947,0.4038090233649428,144.0,0.0667,0.0,0.2,0.625,1.3158,6.5789,1.1974,760000.0,Veteran (30-34)
Ryan Vilade,668723,/api/v1/people/668723,2025,26,CIN,NL,LF,8,15,13,1,1,0,0,0,0,0,2,5,0,0,0.077,0.2,0.077,0.277,-17.5,2,ryan vilade,Ryan Vilade,CIN,LF,760000.0,102539.0,760000.0,both,0.31515048442488947,0.4038090233649428,-17.5,0.0,0.1333,0.3333,0.0,0.0,0.0,0.3645,,Prime (25-29)
Greg Allen,656185,/api/v1/people/656185,2025,32,BAL,AL,CF,7,14,14,1,0,0,0,0,0,0,0,5,0,0,0.0,0.0,0.0,0.0,-100.0,1,greg allen,Greg Allen,BAL,OF,760000.0,64516.0,760000.0,both,0.31515048442488947,0.4038090233649428,-100.0,0.0,0.0,0.3571,0.0,0.0,0.0,0.0,,Veteran (30-34)
Chad Stevens,677060,/api/v1/people/677060,2025,26,LAA,AL,2B,5,14,13,1,2,0,0,0,0,0,0,7,0,0,0.154,0.154,0.154,0.308,-13.0,1,chad stevens,Chad Stevens,LAA,SS,760000.0,64395.0,760000.0,both,0.31515048442488947,0.4038090233649428,-13.0,0.0,0.0,0.5,0.0,0.0,0.0,0.4053,,Prime (25-29)
Tyler Black,672012,/api/v1/people/672012,2025,24,MIL,NL,X,5,13,8,1,2,1,0,0,1,0,5,1,0,0,0.25,0.538,0.375,0.913,163.6,1,tyler black,Tyler Black,MIL,2B,760000.0,28602.0,760000.0,both,0.31515048442488947,0.4038090233649428,163.6,0.0,0.3846,0.0769,0.2,0.0,1.3158,1.2013,,U25
Will Brennan,686823,/api/v1/people/686823,2025,27,CLE,AL,RF,6,13,11,0,1,0,0,0,0,0,1,1,1,0,0.091,0.231,0.091,0.322,-4.2,1,will brennan,Will Brennan,CLE,RF,760000.0,572043.0,760000.0,both,0.31515048442488947,0.4038090233649428,-4.2,0.0,0.0769,0.0769,0.0,0.0,0.0,0.4237,,Prime (25-29)
Corey Julks,667452,/api/v1/people/667452,2025,29,CWS,AL,LF,6,13,12,2,3,2,0,0,1,0,0,3,0,1,0.25,0.231,0.417,0.648,76.6,1,corey julks,Corey Julks,CHW,CF,760000.0,82473.0,760000.0,both,0.31515048442488947,0.4038090233649428,76.6,0.0,0.0,0.2308,0.167,0.0,1.3158,0.8526,,Prime (25-29)
Kevin Alcántara,682634,/api/v1/people/682634,2025,22,CHC,NL,CF,10,12,11,2,4,0,0,0,1,1,1,4,0,0,0.364,0.417,0.364,0.781,122.5,1,kevin alcantara,Kevin Alcantara,CHC,OF,760000.0,223077.0,760000.0,both,0.31515048442488947,0.4038090233649428,122.5,0.0,0.0833,0.3333,0.1,0.0,1.3158,1.0276,,U25
Sandy León,506702,/api/v1/people/506702,2025,36,ATL,NL,C,5,12,12,1,1,0,0,1,3,0,0,4,0,0,0.083,0.083,0.333,0.416,8.8,1,sandy leon,Sandy León,ATL,C,1000000.0,252688.0,1000000.0,both,0.31515048442488947,0.4038090233649428,8.8,0.0833,0.0,0.3333,0.6,1.0,3.0,0.416,1000000.0,Late (35+)
Vimael Machín,605353,/api/v1/people/605353,2025,31,BAL,AL,3B,4,12,11,1,1,0,0,1,1,0,1,2,0,0,0.091,0.167,0.364,0.531,43.1,1,vimael machin,Vimael Machin,BAL,2B,760000.0,33118.0,760000.0,both,0.31515048442488947,0.4038090233649428,43.1,0.0833,0.0833,0.1667,0.25,1.3158,1.3158,0.6987,760000.0,Veteran (30-34)
Tristan Peters,671976,/api/v1/people/671976,2025,25,TB,AL,CF,4,12,12,0,0,0,0,0,0,0,0,7,0,0,0.0,0.0,0.0,0.0,-100.0,1,tristan peters,Tristan Peters,TB,OF,760000.0,51738.0,760000.0,both,0.31515048442488947,0.4038090233649428,-100.0,0.0,0.0,0.5833,0.0,0.0,0.0,0.0,,Prime (25-29)
Bryan Ramos,682868,/api/v1/people/682868,2025,23,CWS,AL,3B,4,12,12,1,2,2,0,0,2,0,0,4,0,0,0.167,0.167,0.333,0.5,35.5,1,bryan ramos,Bryan Ramos,CHW,3B,762625.0,180405.0,762625.0,both,0.31515048442488947,0.4038090233649428,35.5,0.0,0.0,0.3333,0.5,0.0,2.6225,0.6556,,U25
Nick Solak,669256,/api/v1/people/669256,2025,30,PIT,NL,1B,4,11,11,0,1,0,0,0,0,0,0,2,0,0,0.091,0.091,0.091,0.182,-48.6,1,nick solak,,,,,,,left_only,0.31515048442488947,0.4038090233649428,-48.6,0.0,0.0,0.1818,0.0,,,,,Veteran (30-34)
Nick Ahmed,605113,/api/v1/people/605113,2025,35,TEX,AL,SS,5,10,9,1,0,0,0,0,0,1,1,3,0,0,0.0,0.1,0.0,0.1,-68.3,1,nick ahmed,,,,,,,left_only,0.31515048442488947,0.4038090233649428,-68.3,0.0,0.1,0.3,0.0,,,,,Late (35+)
Will Banfield,677943,/api/v1/people/677943,2025,25,CIN,NL,C,7,10,10,0,1,0,0,0,0,0,0,6,0,0,0.1,0.1,0.1,0.2,-43.5,1,will banfield,Will Banfield,CIN,C,760000.0,163440.0,760000.0,both,0.31515048442488947,0.4038090233649428,-43.5,0.0,0.0,0.6,0.0,0.0,0.0,0.2632,,Prime (25-29)
Coco Montes,663796,/api/v1/people/663796,2025,28,TB,AL,2B,5,10,10,0,2,0,0,0,1,0,0,3,0,0,0.2,0.2,0.2,0.4,13.0,1,coco montes,Coco Montes,TB,SS,760000.0,146912.0,760000.0,both,0.31515048442488947,0.4038090233649428,13.0,0.0,0.0,0.3,0.2,0.0,1.3158,0.5263,,Prime (25-29)
Omar Narváez,553882,/api/v1/people/553882,2025,33,CWS,AL,C,4,10,7,1,2,0,0,0,3,0,2,1,0,1,0.286,0.4,0.286,0.686,97.7,1,omar narvaez,Omar Narváez,CHW,C,850000.0,88710.0,850000.0,both,0.31515048442488947,0.4038090233649428,97.7,0.0,0.2,0.1,0.75,0.0,3.5294,0.8071,,Veteran (30-34)
Jonathan Ornelas,680716,/api/v1/people/680716,2025,25,ATL,NL,SS,6,10,9,1,2,0,0,0,0,0,1,3,0,0,0.222,0.3,0.222,0.522,50.2,2,jonathan ornelas,Jonathan Ornelas,ATL,SS,760000.0,99699.0,760000.0,both,0.31515048442488947,0.4038090233649428,50.2,0.0,0.1,0.3,0.0,0.0,0.0,0.6868,,Prime (25-29)
Rhylan Thomas,689041,/api/v1/people/689041,2025,25,SEA,AL,RF,3,10,8,2,1,1,0,0,2,0,1,0,0,1,0.125,0.2,0.25,0.45,25.4,1,rhylan thomas,Rhylan Thomas,SEA,OF,760000.0,28602.0,760000.0,both,0.31515048442488947,0.4038090233649428,25.4,0.0,0.1,0.0,0.667,0.0,2.6316,0.5921,,Prime (25-29)
J.D. Davis,605204,/api/v1/people/605204,2025,32,LAA,AL,1B,5,9,9,0,1,0,0,0,0,0,0,3,0,0,0.111,0.111,0.111,0.222,-37.3,1,jd davis,J.D. Davis,LAA,3B/LF,1000000.0,118280.0,1000000.0,both,0.31515048442488947,0.4038090233649428,-37.3,0.0,0.0,0.3333,0.0,0.0,0.0,0.222,,Veteran (30-34)
Justin Foscue,679822,/api/v1/people/679822,2025,26,TEX,AL,1B,4,9,9,0,1,1,0,0,2,0,0,3,0,0,0.111,0.111,0.222,0.333,-9.8,1,justin foscue,Justin Foscue,TEX,2B,760000.0,481687.0,760000.0,both,0.31515048442488947,0.4038090233649428,-9.8,0.0,0.0,0.3333,0.5,0.0,2.6316,0.4382,,Prime (25-29)
Jhostynxon Garcia,691373,/api/v1/people/691373,2025,22,BOS,AL,LF,5,9,7,0,1,1,0,0,0,0,2,5,0,0,0.143,0.333,0.286,0.619,76.5,1,jhostynxon garcia,Jhostynxon Garcia,BOS,OF,760000.0,36774.0,760000.0,both,0.31515048442488947,0.4038090233649428,76.5,0.0,0.2222,0.5556,0.0,0.0,0.0,0.8145,,U25
Logan Porter,682515,/api/v1/people/682515,2025,29,SF,NL,C,5,9,7,2,1,0,0,0,1,0,1,2,1,0,0.143,0.333,0.143,0.476,41.1,1,logan porter,Logan Porter,SF,C,760000.0,40969.0,760000.0,both,0.31515048442488947,0.4038090233649428,41.1,0.0,0.1111,0.2222,0.2,0.0,1.3158,0.6263,,Prime (25-29)
Jon Singleton,572138,/api/v1/people/572138,2025,33,HOU,AL,DH,3,9,9,0,1,0,0,0,0,0,0,1,0,0,0.111,0.111,0.111,0.222,-37.3,1,jon singleton,Jon Singleton,HOU,1B,1000000.0,43008.0,1000000.0,both,0.31515048442488947,0.4038090233649428,-37.3,0.0,0.0,0.1111,0.0,0.0,0.0,0.222,,Veteran (30-34)
Brett Sullivan,664954,/api/v1/people/664954,2025,31,PIT,NL,C,3,9,6,1,1,0,0,0,2,0,1,3,1,1,0.167,0.333,0.167,0.5,47.0,1,brett sullivan,Brett Sullivan,PIT,C,760000.0,49194.0,760000.0,both,0.31515048442488947,0.4038090233649428,47.0,0.0,0.1111,0.3333,0.667,0.0,2.6316,0.6579,,Veteran (30-34)
Samad Taylor,669392,/api/v1/people/669392,2025,26,SEA,AL,RF,4,9,8,1,1,0,0,0,0,0,0,1,0,0,0.125,0.125,0.125,0.25,-29.4,1,samad taylor,Samad Taylor,SEA,SS,760000.0,123900.0,760000.0,both,0.31515048442488947,0.4038090233649428,-29.4,0.0,0.0,0.1111,0.0,0.0,0.0,0.3289,,Prime (25-29)
Donovan Walton,622268,/api/v1/people/622268,2025,31,PHI,NL,2B,2,9,8,1,1,0,0,0,1,0,0,1,0,0,0.125,0.125,0.125,0.25,-29.4,1,donovan walton,,,,,,,left_only,0.31515048442488947,0.4038090233649428,-29.4,0.0,0.0,0.1111,0.5,,,,,Veteran (30-34)
Dairon Blanco,680118,/api/v1/people/680118,2025,32,KC,AL,X,9,8,6,2,1,1,0,0,1,3,0,2,0,0,0.167,0.167,0.333,0.5,35.5,1,dairon blanco,Dairon Blanco,KC,OF,772000.0,278086.0,772000.0,both,0.31515048442488947,0.4038090233649428,35.5,0.0,0.0,0.25,0.111,0.0,1.2953,0.6477,,Veteran (30-34)
Harry Ford,695670,/api/v1/people/695670,2025,22,SEA,AL,C,8,8,6,1,1,0,0,0,1,0,0,3,1,1,0.167,0.25,0.167,0.417,20.7,1,harry ford,Harry Ford,SEA,C,760000.0,114409.0,760000.0,both,0.31515048442488947,0.4038090233649428,20.7,0.0,0.0,0.375,0.125,0.0,1.3158,0.5487,,U25
Petey Halpin,690984,/api/v1/people/690984,2025,23,CLE,AL,CF,6,8,6,5,2,0,0,0,0,0,2,2,0,0,0.333,0.5,0.333,0.833,141.1,1,petey halpin,Petey Halpin,CLE,OF,760000.0,36774.0,760000.0,both,0.31515048442488947,0.4038090233649428,141.1,0.0,0.25,0.25,0.0,0.0,0.0,1.0961,,U25
Carter Kieboom,666198,/api/v1/people/666198,2025,27,LAA,AL,1B,3,8,8,0,2,0,0,0,1,0,0,1,0,0,0.25,0.25,0.25,0.5,41.2,1,carter kieboom,Carter Kieboom,LAA,3B,760000.0,53118.0,760000.0,both,0.31515048442488947,0.4038090233649428,41.2,0.0,0.0,0.125,0.333,0.0,1.3158,0.6579,,Prime (25-29)
Eddie Rosario,592696,/api/v1/people/592696,2025,33,ATL,NL,RF,5,8,8,1,1,0,0,0,0,0,0,2,0,0,0.125,0.125,0.125,0.25,-29.4,2,eddie rosario,Eddie Rosario,ATL,LF,760000.0,75269.0,760000.0,both,0.31515048442488947,0.4038090233649428,-29.4,0.0,0.0,0.25,0.0,0.0,0.0,0.3289,,Veteran (30-34)
Cal Stevenson,670276,/api/v1/people/670276,2025,28,PHI,NL,CF,5,8,8,0,2,0,0,0,1,0,0,2,0,0,0.25,0.25,0.25,0.5,41.2,1,cal stevenson,,,,,,,left_only,0.31515048442488947,0.4038090233649428,41.2,0.0,0.0,0.25,0.2,,,,,Prime (25-29)
Rob Brantly,542963,/api/v1/people/542963,2025,35,MIA,NL,C,3,7,7,0,3,0,0,0,1,0,0,1,0,0,0.429,0.429,0.429,0.858,142.4,1,rob brantly,Rob Brantly,MIA,C,760000.0,396344.0,760000.0,both,0.31515048442488947,0.4038090233649428,142.4,0.0,0.0,0.1429,0.333,0.0,1.3158,1.1289,,Late (35+)
Tsung-Che Cheng,691907,/api/v1/people/691907,2025,23,PIT,NL,SS,3,7,7,0,0,0,0,0,0,0,0,3,0,0,0.0,0.0,0.0,0.0,-100.0,1,tsungche cheng,Tsung-Che Cheng,PIT,SS,760000.0,154679.0,760000.0,both,0.31515048442488947,0.4038090233649428,-100.0,0.0,0.0,0.4286,0.0,0.0,0.0,0.0,,U25
Dom Nuñez,624513,/api/v1/people/624513,2025,30,CLE,AL,C,2,7,7,2,2,0,0,0,0,0,0,4,0,0,0.286,0.286,0.286,0.572,61.6,1,dom nunez,Dom Nunez,CLE,C,760000.0,24516.0,760000.0,both,0.31515048442488947,0.4038090233649428,61.6,0.0,0.0,0.5714,0.0,0.0,0.0,0.7526,,Veteran (30-34)
Steward Berroa,672642,/api/v1/people/672642,2025,26,MIL,NL,CF,2,6,5,0,0,0,0,0,0,1,1,2,0,0,0.0,0.167,0.0,0.167,-47.0,1,steward berroa,Steward Berroa,MIL,OF,760000.0,214003.0,760000.0,both,0.31515048442488947,0.4038090233649428,-47.0,0.0,0.1667,0.3333,0.0,0.0,0.0,0.2197,,Prime (25-29)
Tyler Callihan,682997,/api/v1/people/682997,2025,25,CIN,NL,LF,4,6,6,0,1,0,0,0,1,0,0,1,0,0,0.167,0.167,0.167,0.334,-5.7,1,tyler callihan,Tyler Callihan,CIN,2B,760000.0,621075.0,760000.0,both,0.31515048442488947,0.4038090233649428,-5.7,0.0,0.0,0.1667,0.25,0.0,1.3158,0.4395,,Prime (25-29)
Billy Cook,695257,/api/v1/people/695257,2025,26,PIT,NL,RF,3,6,6,1,2,0,0,0,0,0,0,1,0,0,0.333,0.333,0.333,0.666,88.1,1,billy cook,Billy Cook,PIT,OF,760000.0,134200.0,760000.0,both,0.31515048442488947,0.4038090233649428,88.1,0.0,0.0,0.1667,0.0,0.0,0.0,0.8763,,Prime (25-29)
César Prieto,693409,/api/v1/people/693409,2025,26,STL,NL,2B,3,6,6,0,1,0,0,0,0,0,0,5,0,0,0.167,0.167,0.167,0.334,-5.7,1,cesar prieto,César Prieto,STL,2B,760000.0,44589.0,760000.0,both,0.31515048442488947,0.4038090233649428,-5.7,0.0,0.0,0.8333,0.0,0.0,0.0,0.4395,,Prime (25-29)
Jordyn Adams,677941,/api/v1/people/677941,2025,25,BAL,AL,CF,10,5,5,1,0,0,0,0,0,0,0,2,0,0,0.0,0.0,0.0,0.0,-100.0,1,jordyn adams,Jordyn Adams,BAL,OF,760000.0,81844.0,760000.0,both,0.31515048442488947,0.4038090233649428,-100.0,0.0,0.0,0.4,0.0,0.0,0.0,0.0,,Prime (25-29)
Sergio Alcántara,642727,/api/v1/people/642727,2025,28,SF,NL,3B,1,4,4,0,0,0,0,0,0,0,0,2,0,0,0.0,0.0,0.0,0.0,-100.0,1,sergio alcantara,Sergio Alcantara,ARI,SS,760000.0,21505.0,760000.0,both,0.31515048442488947,0.4038090233649428,-100.0,0.0,0.0,0.5,0.0,0.0,0.0,0.0,,Prime (25-29)
Kenedy Corona,685744,/api/v1/people/685744,2025,25,HOU,AL,CF,3,4,2,0,0,0,0,0,0,0,2,1,0,0,0.0,0.5,0.0,0.5,58.7,1,kenedy corona,Kenedy Corona,HOU,OF,760000.0,49032.0,760000.0,both,0.31515048442488947,0.4038090233649428,58.7,0.0,0.5,0.25,0.0,0.0,0.0,0.6579,,Prime (25-29)
Aramis Garcia,605244,/api/v1/people/605244,2025,32,AZ,NL,C,2,4,4,0,0,0,0,0,0,0,0,3,0,0,0.0,0.0,0.0,0.0,-100.0,1,aramis garcia,Aramis Garcia,ARI,C,760000.0,55914.0,760000.0,both,0.31515048442488947,0.4038090233649428,-100.0,0.0,0.0,0.75,0.0,0.0,0.0,0.0,,Veteran (30-34)
Brewer Hicklen,676551,/api/v1/people/676551,2025,29,DET,AL,CF,1,4,3,2,2,0,0,0,0,1,1,1,0,0,0.667,0.75,0.667,1.417,303.2,1,brewer hicklen,Brewer Hicklen,PHI,OF,760000.0,37303.0,760000.0,both,0.31515048442488947,0.4038090233649428,303.2,0.0,0.25,0.25,0.0,0.0,0.0,1.8645,,Prime (25-29)
Trey Lipscomb,702358,/api/v1/people/702358,2025,25,WSH,NL,1B,3,4,4,1,2,0,0,0,0,0,0,1,0,0,0.5,0.5,0.5,1.0,182.5,1,trey lipscomb,Trey Lipscomb,WSH,3B,760000.0,52832.0,760000.0,both,0.31515048442488947,0.4038090233649428,182.5,0.0,0.0,0.25,0.0,0.0,0.0,1.3158,,Prime (25-29)
Drew Romo,691011,/api/v1/people/691011,2025,23,COL,NL,X,3,3,3,0,0,0,0,0,0,0,0,3,0,0,0.0,0.0,0.0,0.0,-100.0,1,drew romo,Drew Romo,COL,C,760000.0,114408.0,760000.0,both,0.31515048442488947,0.4038090233649428,-100.0,0.0,0.0,1.0,0.0,0.0,0.0,0.0,,U25
C.J. Stubbs,667690,/api/v1/people/667690,2025,28,WSH,NL,C,1,3,3,0,0,0,0,0,0,0,0,0,0,0,0.0,0.0,0.0,0.0,-100.0,1,cj stubbs,C.J. Stubbs,WSH,C,760000.0,20320.0,760000.0,both,0.31515048442488947,0.4038090233649428,-100.0,0.0,0.0,0.0,0.0,0.0,0.0,0.0,,Prime (25-29)
David Bañuelos,675915,/api/v1/people/675915,2025,28,BAL,AL,DH,1,2,1,0,0,0,0,0,0,0,0,1,1,0,0.0,0.5,0.0,0.5,58.7,1,david banuelos,David Banuelos,BAL,C,760000.0,4086.0,760000.0,both,0.31515048442488947,0.4038090233649428,58.7,0.0,0.0,0.5,0.0,0.0,0.0,0.6579,,Prime (25-29)
Justin Dean,681909,/api/v1/people/681909,2025,28,LAD,NL,CF,18,2,2,0,0,0,0,0,0,1,0,1,0,0,0.0,0.0,0.0,0.0,-100.0,1,justin dean,Justin Dean,LAD,OF,760000.0,212473.0,760000.0,both,0.31515048442488947,0.4038090233649428,-100.0,0.0,0.0,0.5,0.0,0.0,0.0,0.0,,Prime (25-29)
Greg Jones,675659,/api/v1/people/675659,2025,27,CWS,AL,X,3,2,2,0,0,0,0,0,0,1,0,2,0,0,0.0,0.0,0.0,0.0,-100.0,1,greg jones,,,,,,,left_only,0.31515048442488947,0.4038090233649428,-100.0,0.0,0.0,1.0,0.0,,,,,Prime (25-29)
Chuckie Robinson,642020,/api/v1/people/642020,2025,30,LAD,NL,C,1,2,1,1,0,0,0,0,0,0,0,0,0,0,0.0,0.0,0.0,0.0,-100.0,1,chuckie robinson,Chuckie Robinson,ATL,C,760000.0,7748.0,760000.0,both,0.31515048442488947,0.4038090233649428,-100.0,0.0,0.0,0.0,0.0,0.0,0.0,0.0,,Veteran (30-34)
Trevor Rogers,669432,/api/v1/people/669432,2025,27,BAL,AL,P,18,2,2,0,0,0,0,0,0,0,0,2,0,0,0.0,0.0,0.0,0.0,-100.0,1,trevor rogers,Trevor Rogers,BAL,SP/SP2,2600000.0,2085600.0,2600000.0,both,0.31515048442488947,0.4038090233649428,-100.0,0.0,0.0,1.0,0.0,0.0,0.0,0.0,,Prime (25-29)
Tyler Alexander,641302,/api/v1/people/641302,2025,30,CWS,AL,P,31,1,1,0,0,0,0,0,0,0,0,0,0,0,0.0,0.0,0.0,0.0,-100.0,1,tyler alexander,Tyler Alexander,CHW,RP,760000.0,804612.0,957085.0,both,0.31515048442488947,0.4038090233649428,-100.0,0.0,0.0,0.0,0.0,0.0,0.0,0.0,,Veteran (30-34)
Jack Leiter,683004,/api/v1/people/683004,2025,25,TEX,AL,P,30,1,1,0,0,0,0,0,0,0,0,1,0,0,0.0,0.0,0.0,0.0,-100.0,1,jack leiter,Jack Leiter,TEX,SP,762500.0,762500.0,762500.0,both,0.31515048442488947,0.4038090233649428,-100.0,0.0,0.0,1.0,0.0,0.0,0.0,0.0,,Prime (25-29)
Ryne Nelson,669194,/api/v1/people/669194,2025,27,AZ,NL,P,34,1,1,1,1,0,0,0,1,0,0,0,0,0,1.0,1.0,1.0,2.0,465.0,1,ryne nelson,Ryne Nelson,ARI,SP,825000.0,806400.0,825000.0,both,0.31515048442488947,0.4038090233649428,465.0,0.0,0.0,0.0,0.029,0.0,1.2121,2.4242,,Prime (25-29)
Shinnosuke Ogasawara,829272,/api/v1/people/829272,2025,27,WSH,NL,P,23,1,1,0,0,0,0,0,0,0,0,1,0,0,0.0,0.0,0.0,0.0,-100.0,1,shinnosuke ogasawara,Shinnosuke Ogasawara,WSH,RP,1500000.0,1500000.0,1500000.0,both,0.31515048442488947,0.4038090233649428,-100.0,0.0,0.0,1.0,0.0,0.0,0.0,0.0,,Prime (25-29)
Colin Rea,607067,/api/v1/people/607067,2025,34,CHC,NL,P,32,1,1,0,0,0,0,0,0,0,0,1,0,0,0.0,0.0,0.0,0.0,-100.0,1,colin rea,Colin Rea,CHC,SP,4250000.0,4250000.0,4250000.0,both,0.31515048442488947,0.4038090233649428,-100.0,0.0,0.0,1.0,0.0,0.0,0.0,0.0,,Veteran (30-34)
Garrett Stubbs,596117,/api/v1/people/596117,2025,32,PHI,NL,DH,5,1,1,2,0,0,0,0,0,0,0,0,0,0,0.0,0.0,0.0,0.0,-100.0,1,garrett stubbs,,,,,,,left_only,0.31515048442488947,0.4038090233649428,-100.0,0.0,0.0,0.0,0.0,,,,,Veteran (30-34)
Terrin Vavra,679631,/api/v1/people/679631,2025,28,BAL,AL,2B,1,1,1,0,0,0,0,0,0,0,0,0,0,0,0.0,0.0,0.0,0.0,-100.0,1,terrin vavra,Terrin Vavra,BAL,2B,760000.0,37016.0,760000.0,both,0.31515048442488947,0.4038090233649428,-100.0,0.0,0.0,0.0,0.0,0.0,0.0,0.0,,Prime (25-29)
